  0
SECTION
  2
HEADER
  9
$ANGBASE
  50
0.0
  9
$ANGDIR
  70
1
  9
$MEASUREMENT
  70
0
  0
ENDSEC
  0
SECTION
  2
TABLES
  0
TABLE
  2
LTYPE
  70
4
  0
LTYPE
  5
40F
  2
CONTINUOUS
  70
0
  3
Solid line
  72
65
  73
0
  40
0.0
  0
LTYPE
  5
410
  2
DASHDOT
 70
0
  3
Dash Dot ____ _ ____ _
 72
65
 73
4
 40
2.0
 49
1.25
 49
-0.25
 49
0.25
 49
-0.25
  0
LTYPE
  5
411
  2
DASHED
 70
0
  3
Dashed __ __ __ __ __
 72
65
 73
2
 40
0.75
 49
0.5
 49
-0.25
  0
LTYPE
  5
43B
  2
DOTTED
 70
0
  3
Dotted .  .  .  .
 72
65
 73
2
 40
0.2
 49
0.0
 49
-0.2
  0
ENDTAB
  0
TABLE
  2
STYLE
  70
4
  0
STYLE
  2
KICAD
  70
0
  40
0
  41
1
  42
1
  50
0
  71
0
  3
isocp.shx
  0
STYLE
  2
KICADB
  70
0
  40
0
  41
1
  42
1
  50
0
  71
0
  3
isocp.shx
  0
STYLE
  2
KICADI
  70
0
  40
0
  41
1
  42
1
  50
15
  71
0
  3
isocp.shx
  0
STYLE
  2
KICADBI
  70
0
  40
0
  41
1
  42
1
  50
15
  71
0
  3
isocp.shx
  0
ENDTAB
  0
TABLE
  2
LAYER
  70
1
  0
LAYER
  2
BLACK
  70
0
  62
7
  6
CONTINUOUS
  0
ENDTAB
  0
ENDSEC
  0
SECTION
  2
ENTITIES
0
LINE
8
BLACK
6
CONTINUOUS
10
3.6194009448818898
20
-4.3881800787401577
11
3.6194989370078741
21
-4.3882206692913384
0
LINE
8
BLACK
6
CONTINUOUS
10
3.6194989370078741
20
-4.3882206692913384
11
3.6196047637795274
21
-4.3882281889763775
0
LINE
8
BLACK
6
CONTINUOUS
10
3.6196047637795274
20
-4.3882281889763775
11
3.6201453937007875
21
-4.3884350787401578
0
LINE
8
BLACK
6
CONTINUOUS
10
3.6201453937007875
20
-4.3884350787401578
11
3.6238949212598426
21
-4.3903098425196854
0
LINE
8
BLACK
6
CONTINUOUS
10
3.6238949212598426
20
-4.3903098425196854
11
3.6241429133858265
21
-4.3904659055118112
0
LINE
8
BLACK
6
CONTINUOUS
10
3.6241429133858265
20
-4.3904659055118112
11
3.6242148818897637
21
-4.3904957480314959
0
LINE
8
BLACK
6
CONTINUOUS
10
3.6242148818897637
20
-4.3904957480314959
11
3.6242958267716534
21
-4.3905622047244091
0
LINE
8
BLACK
6
CONTINUOUS
10
3.6242958267716534
20
-4.3905622047244091
11
3.6243848031496064
21
-4.3906181889763776
0
LINE
8
BLACK
6
CONTINUOUS
10
3.6243848031496064
20
-4.3906181889763776
11
3.6244359448818897
21
-4.3906771653543304
0
LINE
8
BLACK
6
CONTINUOUS
10
3.6244359448818897
20
-4.3906771653543304
11
3.6246623228346455
21
-4.3908629527559055
0
LINE
8
BLACK
6
CONTINUOUS
10
3.6246623228346455
20
-4.3908629527559055
11
3.6265370866141731
21
-4.3927377165354331
0
LINE
8
BLACK
6
CONTINUOUS
10
3.6265370866141731
20
-4.3927377165354331
11
3.626722834645669
21
-4.3929640551181102
0
LINE
8
BLACK
6
CONTINUOUS
10
3.626722834645669
20
-4.3929640551181102
11
3.6267818503937006
21
-4.3930152362204726
0
LINE
8
BLACK
6
CONTINUOUS
10
3.6267818503937006
20
-4.3930152362204726
11
3.6268377952755904
21
-4.3931041732283465
0
LINE
8
BLACK
6
CONTINUOUS
10
3.6268377952755904
20
-4.3931041732283465
11
3.6269042913385827
21
-4.3931851574803149
0
LINE
8
BLACK
6
CONTINUOUS
10
3.6269042913385827
20
-4.3931851574803149
11
3.6269340944881887
21
-4.3932570866141729
0
LINE
8
BLACK
6
CONTINUOUS
10
3.6269340944881887
20
-4.3932570866141729
11
3.6270901968503937
21
-4.3935051181102365
0
LINE
8
BLACK
6
CONTINUOUS
10
3.6270901968503937
20
-4.3935051181102365
11
3.6289649606299212
21
-4.3972546456692916
0
LINE
8
BLACK
6
CONTINUOUS
10
3.6289649606299212
20
-4.3972546456692916
11
3.6291718503937007
21
-4.397795236220472
0
LINE
8
BLACK
6
CONTINUOUS
10
3.6291718503937007
20
-4.397795236220472
11
3.6291793700787403
21
-4.397901102362205
0
LINE
8
BLACK
6
CONTINUOUS
10
3.6291793700787403
20
-4.397901102362205
11
3.6292199606299214
21
-4.3979990944881893
0
LINE
8
BLACK
6
CONTINUOUS
10
3.6292199606299214
20
-4.3979990944881893
11
3.6292723622047243
21
-4.3985312204724405
0
LINE
8
BLACK
6
CONTINUOUS
10
3.6292723622047243
20
-4.3985312204724405
11
3.6433783464566929
21
-4.388657086614173
0
LINE
8
BLACK
6
CONTINUOUS
10
3.6433783464566929
20
-4.388657086614173
11
3.6438827952755903
21
-4.3883732283464569
0
LINE
8
BLACK
6
CONTINUOUS
10
3.6438827952755903
20
-4.3883732283464569
11
3.6450076377952754
21
-4.3881240551181104
0
LINE
8
BLACK
6
CONTINUOUS
10
3.6450076377952754
20
-4.3881240551181104
11
3.6461422047244092
21
-4.3883242519685037
0
LINE
8
BLACK
6
CONTINUOUS
10
3.6461422047244092
20
-4.3883242519685037
11
3.647113779527559
21
-4.3889434251968504
0
LINE
8
BLACK
6
CONTINUOUS
10
3.647113779527559
20
-4.3889434251968504
11
3.6477744881889764
21
-4.3898872834645672
0
LINE
8
BLACK
6
CONTINUOUS
10
3.6477744881889764
20
-4.3898872834645672
11
3.6480237007874017
21
-4.3910121259842523
0
LINE
8
BLACK
6
CONTINUOUS
10
3.6480237007874017
20
-4.3910121259842523
11
3.6478234645669292
21
-4.3921466535433069
0
LINE
8
BLACK
6
CONTINUOUS
10
3.6478234645669292
20
-4.3921466535433069
11
3.6472042913385825
21
-4.3931182677165355
0
LINE
8
BLACK
6
CONTINUOUS
10
3.6472042913385825
20
-4.3931182677165355
11
3.6467649212598423
21
-4.3934950787401572
0
LINE
8
BLACK
6
CONTINUOUS
10
3.6467649212598423
20
-4.3934950787401572
11
3.6292766929133857
21
-4.4057368110236217
0
LINE
8
BLACK
6
CONTINUOUS
10
3.6292766929133857
20
-4.4057368110236217
11
3.6292766929133857
21
-4.4106205118110235
0
LINE
8
BLACK
6
CONTINUOUS
10
3.6292766929133857
20
-4.4106205118110235
11
3.6450716141732284
21
-4.4106205118110235
0
LINE
8
BLACK
6
CONTINUOUS
10
3.6450716141732284
20
-4.4106205118110235
11
3.6456476771653543
21
-4.4106772440944884
0
LINE
8
BLACK
6
CONTINUOUS
10
3.6456476771653543
20
-4.4106772440944884
11
3.6467120866141731
21
-4.411118149606299
0
LINE
8
BLACK
6
CONTINUOUS
10
3.6467120866141731
20
-4.411118149606299
11
3.6475267322834646
21
-4.4119327952755905
0
LINE
8
BLACK
6
CONTINUOUS
10
3.6475267322834646
20
-4.4119327952755905
11
3.6479676377952757
21
-4.4129972047244097
0
LINE
8
BLACK
6
CONTINUOUS
10
3.6479676377952757
20
-4.4129972047244097
11
3.6479676377952757
21
-4.4141493307086614
0
LINE
8
BLACK
6
CONTINUOUS
10
3.6479676377952757
20
-4.4141493307086614
11
3.6475267322834646
21
-4.4152137401574798
0
LINE
8
BLACK
6
CONTINUOUS
10
3.6475267322834646
20
-4.4152137401574798
11
3.6467120866141731
21
-4.4160283858267713
0
LINE
8
BLACK
6
CONTINUOUS
10
3.6467120866141731
20
-4.4160283858267713
11
3.6456476771653543
21
-4.4164692913385828
0
LINE
8
BLACK
6
CONTINUOUS
10
3.6456476771653543
20
-4.4164692913385828
11
3.6450716141732284
21
-4.4165260236220467
0
LINE
8
BLACK
6
CONTINUOUS
10
3.6450716141732284
20
-4.4165260236220467
11
3.6057015354330706
21
-4.4165260236220467
0
LINE
8
BLACK
6
CONTINUOUS
10
3.6057015354330706
20
-4.4165260236220467
11
3.6051254724409447
21
-4.4164692913385828
0
LINE
8
BLACK
6
CONTINUOUS
10
3.6051254724409447
20
-4.4164692913385828
11
3.6040610629921259
21
-4.4160283858267713
0
LINE
8
BLACK
6
CONTINUOUS
10
3.6040610629921259
20
-4.4160283858267713
11
3.6032464173228345
21
-4.4152137401574798
0
LINE
8
BLACK
6
CONTINUOUS
10
3.6032464173228345
20
-4.4152137401574798
11
3.6028055118110234
21
-4.4141493307086614
0
LINE
8
BLACK
6
CONTINUOUS
10
3.6028055118110234
20
-4.4141493307086614
11
3.602748779527559
21
-4.4135732677165356
0
LINE
8
BLACK
6
CONTINUOUS
10
3.602748779527559
20
-4.4135732677165356
11
3.602748779527559
21
-4.3985751574803151
0
LINE
8
BLACK
6
CONTINUOUS
10
3.602748779527559
20
-4.3985751574803151
11
3.6028055118110234
21
-4.3979990944881893
0
LINE
8
BLACK
6
CONTINUOUS
10
3.6028055118110234
20
-4.3979990944881893
11
3.6028461023622045
21
-4.3979010629921262
0
LINE
8
BLACK
6
CONTINUOUS
10
3.6028461023622045
20
-4.3979010629921262
11
3.602853622047244
21
-4.3977952755905507
0
LINE
8
BLACK
6
CONTINUOUS
10
3.602853622047244
20
-4.3977952755905507
11
3.6030605118110235
21
-4.3972546456692916
0
LINE
8
BLACK
6
CONTINUOUS
10
3.6030605118110235
20
-4.3972546456692916
11
3.604935275590551
21
-4.3935051181102365
0
LINE
8
BLACK
6
CONTINUOUS
10
3.604935275590551
20
-4.3935051181102365
11
3.6050913385826773
21
-4.3932570866141729
0
LINE
8
BLACK
6
CONTINUOUS
10
3.6050913385826773
20
-4.3932570866141729
11
3.605121181102362
21
-4.3931851574803149
0
LINE
8
BLACK
6
CONTINUOUS
10
3.605121181102362
20
-4.3931851574803149
11
3.6051876377952756
21
-4.3931041732283465
0
LINE
8
BLACK
6
CONTINUOUS
10
3.6051876377952756
20
-4.3931041732283465
11
3.6052436220472441
21
-4.3930152362204726
0
LINE
8
BLACK
6
CONTINUOUS
10
3.6052436220472441
20
-4.3930152362204726
11
3.605302598425197
21
-4.3929640551181102
0
LINE
8
BLACK
6
CONTINUOUS
10
3.605302598425197
20
-4.3929640551181102
11
3.6054883858267717
21
-4.3927377165354331
0
LINE
8
BLACK
6
CONTINUOUS
10
3.6054883858267717
20
-4.3927377165354331
11
3.6073631496062992
21
-4.3908629527559055
0
LINE
8
BLACK
6
CONTINUOUS
10
3.6073631496062992
20
-4.3908629527559055
11
3.6075894881889763
21
-4.3906771653543304
0
LINE
8
BLACK
6
CONTINUOUS
10
3.6075894881889763
20
-4.3906771653543304
11
3.6076406692913383
21
-4.3906181889763776
0
LINE
8
BLACK
6
CONTINUOUS
10
3.6076406692913383
20
-4.3906181889763776
11
3.6077296062992126
21
-4.3905622047244091
0
LINE
8
BLACK
6
CONTINUOUS
10
3.6077296062992126
20
-4.3905622047244091
11
3.607810590551181
21
-4.3904957480314959
0
LINE
8
BLACK
6
CONTINUOUS
10
3.607810590551181
20
-4.3904957480314959
11
3.6078825196850395
21
-4.3904659055118112
0
LINE
8
BLACK
6
CONTINUOUS
10
3.6078825196850395
20
-4.3904659055118112
11
3.6081305511811022
21
-4.3903098425196854
0
LINE
8
BLACK
6
CONTINUOUS
10
3.6081305511811022
20
-4.3903098425196854
11
3.6118800787401573
21
-4.3884350787401578
0
LINE
8
BLACK
6
CONTINUOUS
10
3.6118800787401573
20
-4.3884350787401578
11
3.6124206692913385
21
-4.3882281889763775
0
LINE
8
BLACK
6
CONTINUOUS
10
3.6124206692913385
20
-4.3882281889763775
11
3.6125265354330707
21
-4.3882206299212596
0
LINE
8
BLACK
6
CONTINUOUS
10
3.6125265354330707
20
-4.3882206299212596
11
3.6126245275590549
21
-4.3881800787401577
0
LINE
8
BLACK
6
CONTINUOUS
10
3.6126245275590549
20
-4.3881800787401577
11
3.6132005905511808
21
-4.3881233464566929
0
LINE
8
BLACK
6
CONTINUOUS
10
3.6132005905511808
20
-4.3881233464566929
11
3.6188248818897635
21
-4.3881233464566929
0
LINE
8
BLACK
6
CONTINUOUS
10
3.6188248818897635
20
-4.3881233464566929
11
3.6194009448818898
21
-4.3881800787401577
0
LINE
8
BLACK
6
CONTINUOUS
10
3.6112001574803148
20
-4.3953775984251964
11
3.6100030314960629
21
-4.3965747244094491
0
LINE
8
BLACK
6
CONTINUOUS
10
3.6100030314960629
20
-4.3965747244094491
11
3.6086542913385826
21
-4.3992722047244097
0
LINE
8
BLACK
6
CONTINUOUS
10
3.6086542913385826
20
-4.3992722047244097
11
3.6086542913385826
21
-4.4106205118110235
0
LINE
8
BLACK
6
CONTINUOUS
10
3.6086542913385826
20
-4.4106205118110235
11
3.6233711811023621
21
-4.4106205118110235
0
LINE
8
BLACK
6
CONTINUOUS
10
3.6233711811023621
20
-4.4106205118110235
11
3.6233711811023621
21
-4.3992722047244097
0
LINE
8
BLACK
6
CONTINUOUS
10
3.6233711811023621
20
-4.3992722047244097
11
3.6220224409448818
21
-4.3965747244094491
0
LINE
8
BLACK
6
CONTINUOUS
10
3.6220224409448818
20
-4.3965747244094491
11
3.62082531496063
21
-4.3953775984251964
0
LINE
8
BLACK
6
CONTINUOUS
10
3.62082531496063
20
-4.3953775984251964
11
3.6181278346456693
21
-4.3940288582677161
0
LINE
8
BLACK
6
CONTINUOUS
10
3.6181278346456693
20
-4.3940288582677161
11
3.6138976377952754
21
-4.3940288582677161
0
LINE
8
BLACK
6
CONTINUOUS
10
3.6138976377952754
20
-4.3940288582677161
11
3.6112001574803148
21
-4.3953775984251964
0
LINE
8
BLACK
6
CONTINUOUS
10
4.1894866535433071
20
-4.2840380708661421
11
4.1907650787401574
21
-4.2853164960629924
0
LINE
8
BLACK
6
CONTINUOUS
10
4.1907650787401574
20
-4.2853164960629924
11
4.1909448818897639
21
-4.2862204724409452
0
LINE
8
BLACK
6
CONTINUOUS
10
4.1909448818897639
20
-4.2862204724409452
11
4.1909448818897639
21
-4.3909448818897641
0
LINE
8
BLACK
6
CONTINUOUS
10
4.1909448818897639
20
-4.3909448818897641
11
4.1907650787401574
21
-4.3918488582677169
0
LINE
8
BLACK
6
CONTINUOUS
10
4.1907650787401574
20
-4.3918488582677169
11
4.1894866535433071
21
-4.3931272834645672
0
LINE
8
BLACK
6
CONTINUOUS
10
4.1894866535433071
20
-4.3931272834645672
11
4.1885826771653543
21
-4.3933070866141728
0
LINE
8
BLACK
6
CONTINUOUS
10
4.1885826771653543
20
-4.3933070866141728
11
3.7862204724409447
21
-4.3933070866141728
0
LINE
8
BLACK
6
CONTINUOUS
10
3.7862204724409447
20
-4.3933070866141728
11
3.7853164960629919
21
-4.3931272834645672
0
LINE
8
BLACK
6
CONTINUOUS
10
3.7853164960629919
20
-4.3931272834645672
11
3.7840380708661416
21
-4.3918488582677169
0
LINE
8
BLACK
6
CONTINUOUS
10
3.7840380708661416
20
-4.3918488582677169
11
3.7838582677165356
21
-4.3909448818897641
0
LINE
8
BLACK
6
CONTINUOUS
10
3.7838582677165356
20
-4.3909448818897641
11
3.7838582677165356
21
-4.2862204724409452
0
LINE
8
BLACK
6
CONTINUOUS
10
3.7838582677165356
20
-4.2862204724409452
11
3.7840380708661416
21
-4.2853164960629924
0
LINE
8
BLACK
6
CONTINUOUS
10
3.7840380708661416
20
-4.2853164960629924
11
3.7853164960629919
21
-4.2840380708661421
0
LINE
8
BLACK
6
CONTINUOUS
10
3.7853164960629919
20
-4.2840380708661421
11
3.7862204724409447
21
-4.2838582677165356
0
LINE
8
BLACK
6
CONTINUOUS
10
3.7862204724409447
20
-4.2838582677165356
11
4.1885826771653543
21
-4.2838582677165356
0
LINE
8
BLACK
6
CONTINUOUS
10
4.1885826771653543
20
-4.2838582677165356
11
4.1894866535433071
21
-4.2840380708661421
0
LINE
8
BLACK
6
CONTINUOUS
10
3.7885826771653544
20
-4.2885826771653539
11
3.7885826771653544
21
-4.3885826771653544
0
LINE
8
BLACK
6
CONTINUOUS
10
3.7885826771653544
20
-4.3885826771653544
11
4.1862204724409446
21
-4.3885826771653544
0
LINE
8
BLACK
6
CONTINUOUS
10
4.1862204724409446
20
-4.3885826771653544
11
4.1862204724409446
21
-4.2885826771653539
0
LINE
8
BLACK
6
CONTINUOUS
10
4.1862204724409446
20
-4.2885826771653539
11
3.7885826771653544
21
-4.2885826771653539
0
LINE
8
BLACK
6
CONTINUOUS
10
3.6073420078740157
20
-4.353000433070866
11
3.6081566535433072
21
-4.3538150787401575
0
LINE
8
BLACK
6
CONTINUOUS
10
3.6081566535433072
20
-4.3538150787401575
11
3.6085975590551178
21
-4.3548794881889759
0
LINE
8
BLACK
6
CONTINUOUS
10
3.6085975590551178
20
-4.3548794881889759
11
3.6086542913385826
21
-4.3554555511811026
0
LINE
8
BLACK
6
CONTINUOUS
10
3.6086542913385826
20
-4.3554555511811026
11
3.6086542913385826
21
-4.3712504330708661
0
LINE
8
BLACK
6
CONTINUOUS
10
3.6086542913385826
20
-4.3712504330708661
11
3.6214964173228346
21
-4.3712504330708661
0
LINE
8
BLACK
6
CONTINUOUS
10
3.6214964173228346
20
-4.3712504330708661
11
3.6214964173228346
21
-4.3610798425196853
0
LINE
8
BLACK
6
CONTINUOUS
10
3.6214964173228346
20
-4.3610798425196853
11
3.6215531496062989
21
-4.3605037795275585
0
LINE
8
BLACK
6
CONTINUOUS
10
3.6215531496062989
20
-4.3605037795275585
11
3.62199405511811
21
-4.3594393700787402
0
LINE
8
BLACK
6
CONTINUOUS
10
3.62199405511811
20
-4.3594393700787402
11
3.6228087007874015
21
-4.3586247244094487
0
LINE
8
BLACK
6
CONTINUOUS
10
3.6228087007874015
20
-4.3586247244094487
11
3.6238731102362203
21
-4.3581838188976381
0
LINE
8
BLACK
6
CONTINUOUS
10
3.6238731102362203
20
-4.3581838188976381
11
3.6250252362204725
21
-4.3581838188976381
0
LINE
8
BLACK
6
CONTINUOUS
10
3.6250252362204725
20
-4.3581838188976381
11
3.6260896456692913
21
-4.3586247244094487
0
LINE
8
BLACK
6
CONTINUOUS
10
3.6260896456692913
20
-4.3586247244094487
11
3.6269042913385827
21
-4.3594393700787402
0
LINE
8
BLACK
6
CONTINUOUS
10
3.6269042913385827
20
-4.3594393700787402
11
3.6273451968503938
21
-4.3605037795275585
0
LINE
8
BLACK
6
CONTINUOUS
10
3.6273451968503938
20
-4.3605037795275585
11
3.6274019291338582
21
-4.3610798425196853
0
LINE
8
BLACK
6
CONTINUOUS
10
3.6274019291338582
20
-4.3610798425196853
11
3.6274019291338582
21
-4.3712504330708661
0
LINE
8
BLACK
6
CONTINUOUS
10
3.6274019291338582
20
-4.3712504330708661
11
3.6421188582677164
21
-4.3712504330708661
0
LINE
8
BLACK
6
CONTINUOUS
10
3.6421188582677164
20
-4.3712504330708661
11
3.6421188582677164
21
-4.3554555511811026
0
LINE
8
BLACK
6
CONTINUOUS
10
3.6421188582677164
20
-4.3554555511811026
11
3.6421755905511812
21
-4.3548794881889759
0
LINE
8
BLACK
6
CONTINUOUS
10
3.6421755905511812
20
-4.3548794881889759
11
3.6426164960629919
21
-4.3538150787401575
0
LINE
8
BLACK
6
CONTINUOUS
10
3.6426164960629919
20
-4.3538150787401575
11
3.6434311417322833
21
-4.353000433070866
0
LINE
8
BLACK
6
CONTINUOUS
10
3.6434311417322833
20
-4.353000433070866
11
3.6444955511811021
21
-4.3525595275590554
0
LINE
8
BLACK
6
CONTINUOUS
10
3.6444955511811021
20
-4.3525595275590554
11
3.6456476771653543
21
-4.3525595275590554
0
LINE
8
BLACK
6
CONTINUOUS
10
3.6456476771653543
20
-4.3525595275590554
11
3.6467120866141731
21
-4.353000433070866
0
LINE
8
BLACK
6
CONTINUOUS
10
3.6467120866141731
20
-4.353000433070866
11
3.6475267322834646
21
-4.3538150787401575
0
LINE
8
BLACK
6
CONTINUOUS
10
3.6475267322834646
20
-4.3538150787401575
11
3.6479676377952757
21
-4.3548794881889759
0
LINE
8
BLACK
6
CONTINUOUS
10
3.6479676377952757
20
-4.3548794881889759
11
3.64802437007874
21
-4.3554555511811026
0
LINE
8
BLACK
6
CONTINUOUS
10
3.64802437007874
20
-4.3554555511811026
11
3.64802437007874
21
-4.3742031889763782
0
LINE
8
BLACK
6
CONTINUOUS
10
3.64802437007874
20
-4.3742031889763782
11
3.6479676377952757
21
-4.374779251968504
0
LINE
8
BLACK
6
CONTINUOUS
10
3.6479676377952757
20
-4.374779251968504
11
3.6475267322834646
21
-4.3758436614173224
0
LINE
8
BLACK
6
CONTINUOUS
10
3.6475267322834646
20
-4.3758436614173224
11
3.6467120866141731
21
-4.3766583070866139
0
LINE
8
BLACK
6
CONTINUOUS
10
3.6467120866141731
20
-4.3766583070866139
11
3.6456476771653543
21
-4.3770992125984254
0
LINE
8
BLACK
6
CONTINUOUS
10
3.6456476771653543
20
-4.3770992125984254
11
3.6450716141732284
21
-4.3771559448818893
0
LINE
8
BLACK
6
CONTINUOUS
10
3.6450716141732284
20
-4.3771559448818893
11
3.6057015354330706
21
-4.3771559448818893
0
LINE
8
BLACK
6
CONTINUOUS
10
3.6057015354330706
20
-4.3771559448818893
11
3.6051254724409447
21
-4.3770992125984254
0
LINE
8
BLACK
6
CONTINUOUS
10
3.6051254724409447
20
-4.3770992125984254
11
3.6040610629921259
21
-4.3766583070866139
0
LINE
8
BLACK
6
CONTINUOUS
10
3.6040610629921259
20
-4.3766583070866139
11
3.6032464173228345
21
-4.3758436614173224
0
LINE
8
BLACK
6
CONTINUOUS
10
3.6032464173228345
20
-4.3758436614173224
11
3.6028055118110234
21
-4.374779251968504
0
LINE
8
BLACK
6
CONTINUOUS
10
3.6028055118110234
20
-4.374779251968504
11
3.602748779527559
21
-4.3742031889763782
0
LINE
8
BLACK
6
CONTINUOUS
10
3.602748779527559
20
-4.3742031889763782
11
3.602748779527559
21
-4.3554555511811026
0
LINE
8
BLACK
6
CONTINUOUS
10
3.602748779527559
20
-4.3554555511811026
11
3.6028055118110234
21
-4.3548794881889759
0
LINE
8
BLACK
6
CONTINUOUS
10
3.6028055118110234
20
-4.3548794881889759
11
3.6032464173228345
21
-4.3538150787401575
0
LINE
8
BLACK
6
CONTINUOUS
10
3.6032464173228345
20
-4.3538150787401575
11
3.6040610629921259
21
-4.353000433070866
0
LINE
8
BLACK
6
CONTINUOUS
10
3.6040610629921259
20
-4.353000433070866
11
3.6051254724409447
21
-4.3525595275590554
0
LINE
8
BLACK
6
CONTINUOUS
10
3.6051254724409447
20
-4.3525595275590554
11
3.6062775984251969
21
-4.3525595275590554
0
LINE
8
BLACK
6
CONTINUOUS
10
3.6062775984251969
20
-4.3525595275590554
11
3.6073420078740157
21
-4.353000433070866
0
LINE
8
BLACK
6
CONTINUOUS
10
3.6073420078740157
20
-4.3173798818897637
11
3.6081566535433072
21
-4.3181945275590552
0
LINE
8
BLACK
6
CONTINUOUS
10
3.6081566535433072
20
-4.3181945275590552
11
3.6085975590551178
21
-4.3192589370078736
0
LINE
8
BLACK
6
CONTINUOUS
10
3.6085975590551178
20
-4.3192589370078736
11
3.6086542913385826
21
-4.3198350000000003
0
LINE
8
BLACK
6
CONTINUOUS
10
3.6086542913385826
20
-4.3198350000000003
11
3.6086542913385826
21
-4.3356298818897638
0
LINE
8
BLACK
6
CONTINUOUS
10
3.6086542913385826
20
-4.3356298818897638
11
3.6214964173228346
21
-4.3356298818897638
0
LINE
8
BLACK
6
CONTINUOUS
10
3.6214964173228346
20
-4.3356298818897638
11
3.6214964173228346
21
-4.325459291338583
0
LINE
8
BLACK
6
CONTINUOUS
10
3.6214964173228346
20
-4.325459291338583
11
3.6215531496062989
21
-4.3248832283464562
0
LINE
8
BLACK
6
CONTINUOUS
10
3.6215531496062989
20
-4.3248832283464562
11
3.62199405511811
21
-4.3238188188976379
0
LINE
8
BLACK
6
CONTINUOUS
10
3.62199405511811
20
-4.3238188188976379
11
3.6228087007874015
21
-4.3230041732283464
0
LINE
8
BLACK
6
CONTINUOUS
10
3.6228087007874015
20
-4.3230041732283464
11
3.6238731102362203
21
-4.3225632677165358
0
LINE
8
BLACK
6
CONTINUOUS
10
3.6238731102362203
20
-4.3225632677165358
11
3.6250252362204725
21
-4.3225632677165358
0
LINE
8
BLACK
6
CONTINUOUS
10
3.6250252362204725
20
-4.3225632677165358
11
3.6260896456692913
21
-4.3230041732283464
0
LINE
8
BLACK
6
CONTINUOUS
10
3.6260896456692913
20
-4.3230041732283464
11
3.6269042913385827
21
-4.3238188188976379
0
LINE
8
BLACK
6
CONTINUOUS
10
3.6269042913385827
20
-4.3238188188976379
11
3.6273451968503938
21
-4.3248832283464562
0
LINE
8
BLACK
6
CONTINUOUS
10
3.6273451968503938
20
-4.3248832283464562
11
3.6274019291338582
21
-4.325459291338583
0
LINE
8
BLACK
6
CONTINUOUS
10
3.6274019291338582
20
-4.325459291338583
11
3.6274019291338582
21
-4.3356298818897638
0
LINE
8
BLACK
6
CONTINUOUS
10
3.6274019291338582
20
-4.3356298818897638
11
3.6450716141732284
21
-4.3356298818897638
0
LINE
8
BLACK
6
CONTINUOUS
10
3.6450716141732284
20
-4.3356298818897638
11
3.6456476771653543
21
-4.3356866141732286
0
LINE
8
BLACK
6
CONTINUOUS
10
3.6456476771653543
20
-4.3356866141732286
11
3.6467120866141731
21
-4.3361275196850393
0
LINE
8
BLACK
6
CONTINUOUS
10
3.6467120866141731
20
-4.3361275196850393
11
3.6475267322834646
21
-4.3369421653543307
0
LINE
8
BLACK
6
CONTINUOUS
10
3.6475267322834646
20
-4.3369421653543307
11
3.6479676377952757
21
-4.3380065748031491
0
LINE
8
BLACK
6
CONTINUOUS
10
3.6479676377952757
20
-4.3380065748031491
11
3.6479676377952757
21
-4.3391587007874017
0
LINE
8
BLACK
6
CONTINUOUS
10
3.6479676377952757
20
-4.3391587007874017
11
3.6475267322834646
21
-4.3402231102362201
0
LINE
8
BLACK
6
CONTINUOUS
10
3.6475267322834646
20
-4.3402231102362201
11
3.6467120866141731
21
-4.3410377559055116
0
LINE
8
BLACK
6
CONTINUOUS
10
3.6467120866141731
20
-4.3410377559055116
11
3.6456476771653543
21
-4.3414786614173231
0
LINE
8
BLACK
6
CONTINUOUS
10
3.6456476771653543
20
-4.3414786614173231
11
3.6450716141732284
21
-4.341535393700787
0
LINE
8
BLACK
6
CONTINUOUS
10
3.6450716141732284
20
-4.341535393700787
11
3.6057015354330706
21
-4.341535393700787
0
LINE
8
BLACK
6
CONTINUOUS
10
3.6057015354330706
20
-4.341535393700787
11
3.6051254724409447
21
-4.3414786614173231
0
LINE
8
BLACK
6
CONTINUOUS
10
3.6051254724409447
20
-4.3414786614173231
11
3.6040610629921259
21
-4.3410377559055116
0
LINE
8
BLACK
6
CONTINUOUS
10
3.6040610629921259
20
-4.3410377559055116
11
3.6032464173228345
21
-4.3402231102362201
0
LINE
8
BLACK
6
CONTINUOUS
10
3.6032464173228345
20
-4.3402231102362201
11
3.6028055118110234
21
-4.3391587007874017
0
LINE
8
BLACK
6
CONTINUOUS
10
3.6028055118110234
20
-4.3391587007874017
11
3.602748779527559
21
-4.3385826377952759
0
LINE
8
BLACK
6
CONTINUOUS
10
3.602748779527559
20
-4.3385826377952759
11
3.602748779527559
21
-4.3198350000000003
0
LINE
8
BLACK
6
CONTINUOUS
10
3.602748779527559
20
-4.3198350000000003
11
3.6028055118110234
21
-4.3192589370078736
0
LINE
8
BLACK
6
CONTINUOUS
10
3.6028055118110234
20
-4.3192589370078736
11
3.6032464173228345
21
-4.3181945275590552
0
LINE
8
BLACK
6
CONTINUOUS
10
3.6032464173228345
20
-4.3181945275590552
11
3.6040610629921259
21
-4.3173798818897637
0
LINE
8
BLACK
6
CONTINUOUS
10
3.6040610629921259
20
-4.3173798818897637
11
3.6051254724409447
21
-4.3169389763779531
0
LINE
8
BLACK
6
CONTINUOUS
10
3.6051254724409447
20
-4.3169389763779531
11
3.6062775984251969
21
-4.3169389763779531
0
LINE
8
BLACK
6
CONTINUOUS
10
3.6062775984251969
20
-4.3169389763779531
11
3.6073420078740157
21
-4.3173798818897637
0
LINE
8
BLACK
6
CONTINUOUS
10
3.7371244488188977
20
-4.2840380708661421
11
3.738402874015748
21
-4.2853164960629924
0
LINE
8
BLACK
6
CONTINUOUS
10
3.738402874015748
20
-4.2853164960629924
11
3.738402874015748
21
-4.287124448818898
0
LINE
8
BLACK
6
CONTINUOUS
10
3.738402874015748
20
-4.287124448818898
11
3.7371244488188977
21
-4.2884028740157483
0
LINE
8
BLACK
6
CONTINUOUS
10
3.7371244488188977
20
-4.2884028740157483
11
3.7362204724409449
21
-4.2885826771653539
0
LINE
8
BLACK
6
CONTINUOUS
10
3.7362204724409449
20
-4.2885826771653539
11
3.6862204724409446
21
-4.2885826771653539
0
LINE
8
BLACK
6
CONTINUOUS
10
3.6862204724409446
20
-4.2885826771653539
11
3.6862204724409446
21
-4.3385826771653546
0
LINE
8
BLACK
6
CONTINUOUS
10
3.6862204724409446
20
-4.3385826771653546
11
3.6860406692913386
21
-4.3394866535433074
0
LINE
8
BLACK
6
CONTINUOUS
10
3.6860406692913386
20
-4.3394866535433074
11
3.6847622440944883
21
-4.3407650787401577
0
LINE
8
BLACK
6
CONTINUOUS
10
3.6847622440944883
20
-4.3407650787401577
11
3.6829542913385827
21
-4.3407650787401577
0
LINE
8
BLACK
6
CONTINUOUS
10
3.6829542913385827
20
-4.3407650787401577
11
3.6816758661417324
21
-4.3394866535433074
0
LINE
8
BLACK
6
CONTINUOUS
10
3.6816758661417324
20
-4.3394866535433074
11
3.6814960629921258
21
-4.3385826771653546
0
LINE
8
BLACK
6
CONTINUOUS
10
3.6814960629921258
20
-4.3385826771653546
11
3.6814960629921258
21
-4.2862204724409452
0
LINE
8
BLACK
6
CONTINUOUS
10
3.6814960629921258
20
-4.2862204724409452
11
3.6816758661417324
21
-4.2853164960629924
0
LINE
8
BLACK
6
CONTINUOUS
10
3.6816758661417324
20
-4.2853164960629924
11
3.6829542913385827
21
-4.2840380708661421
0
LINE
8
BLACK
6
CONTINUOUS
10
3.6829542913385827
20
-4.2840380708661421
11
3.6838582677165355
21
-4.2838582677165356
0
LINE
8
BLACK
6
CONTINUOUS
10
3.6838582677165355
20
-4.2838582677165356
11
3.7362204724409449
21
-4.2838582677165356
0
LINE
8
BLACK
6
CONTINUOUS
10
3.7362204724409449
20
-4.2838582677165356
11
3.7371244488188977
21
-4.2840380708661421
0
LINE
8
BLACK
6
CONTINUOUS
10
3.6119371653543308
20
-4.2869499606299213
11
3.6129961023622048
21
-4.2874037795275592
0
LINE
8
BLACK
6
CONTINUOUS
10
3.6129961023622048
20
-4.2874037795275592
11
3.6138007874015745
21
-4.2882283070866141
0
LINE
8
BLACK
6
CONTINUOUS
10
3.6138007874015745
20
-4.2882283070866141
11
3.6140674015748031
21
-4.2887421259842515
0
LINE
8
BLACK
6
CONTINUOUS
10
3.6140674015748031
20
-4.2887421259842515
11
3.6163859842519686
21
-4.2945386220472441
0
LINE
8
BLACK
6
CONTINUOUS
10
3.6163859842519686
20
-4.2945386220472441
11
3.6208027559055118
21
-4.2912260629921262
0
LINE
8
BLACK
6
CONTINUOUS
10
3.6208027559055118
20
-4.2912260629921262
11
3.6212976377952755
21
-4.2909258267716535
0
LINE
8
BLACK
6
CONTINUOUS
10
3.6212976377952755
20
-4.2909258267716535
11
3.6224137007874013
21
-4.2906398818897635
0
LINE
8
BLACK
6
CONTINUOUS
10
3.6224137007874013
20
-4.2906398818897635
11
3.623554212598425
21
-4.2908028346456693
0
LINE
8
BLACK
6
CONTINUOUS
10
3.623554212598425
20
-4.2908028346456693
11
3.6245455905511812
21
-4.2913898031496061
0
LINE
8
BLACK
6
CONTINUOUS
10
3.6245455905511812
20
-4.2913898031496061
11
3.6252368503937009
21
-4.2923114960629922
0
LINE
8
BLACK
6
CONTINUOUS
10
3.6252368503937009
20
-4.2923114960629922
11
3.6255227952755904
21
-4.2934275590551181
0
LINE
8
BLACK
6
CONTINUOUS
10
3.6255227952755904
20
-4.2934275590551181
11
3.6253598425196851
21
-4.2945680708661413
0
LINE
8
BLACK
6
CONTINUOUS
10
3.6253598425196851
20
-4.2945680708661413
11
3.6247728740157479
21
-4.2955594488188975
0
LINE
8
BLACK
6
CONTINUOUS
10
3.6247728740157479
20
-4.2955594488188975
11
3.6243460629921258
21
-4.2959504724409445
0
LINE
8
BLACK
6
CONTINUOUS
10
3.6243460629921258
20
-4.2959504724409445
11
3.6199966141732283
21
-4.2992125590551185
0
LINE
8
BLACK
6
CONTINUOUS
10
3.6199966141732283
20
-4.2992125590551185
11
3.6243460629921258
21
-4.3024746456692915
0
LINE
8
BLACK
6
CONTINUOUS
10
3.6243460629921258
20
-4.3024746456692915
11
3.6247728740157479
21
-4.3028656692913385
0
LINE
8
BLACK
6
CONTINUOUS
10
3.6247728740157479
20
-4.3028656692913385
11
3.6253598425196851
21
-4.3038570472440947
0
LINE
8
BLACK
6
CONTINUOUS
10
3.6253598425196851
20
-4.3038570472440947
11
3.6255227952755904
21
-4.3049975590551179
0
LINE
8
BLACK
6
CONTINUOUS
10
3.6255227952755904
20
-4.3049975590551179
11
3.6252368503937009
21
-4.3061136220472438
0
LINE
8
BLACK
6
CONTINUOUS
10
3.6252368503937009
20
-4.3061136220472438
11
3.6245455905511812
21
-4.30703531496063
0
LINE
8
BLACK
6
CONTINUOUS
10
3.6245455905511812
20
-4.30703531496063
11
3.623554212598425
21
-4.3076222834645668
0
LINE
8
BLACK
6
CONTINUOUS
10
3.623554212598425
20
-4.3076222834645668
11
3.6224137007874013
21
-4.3077852362204725
0
LINE
8
BLACK
6
CONTINUOUS
10
3.6224137007874013
20
-4.3077852362204725
11
3.6212976377952755
21
-4.3074992913385826
0
LINE
8
BLACK
6
CONTINUOUS
10
3.6212976377952755
20
-4.3074992913385826
11
3.6208027559055118
21
-4.3071990551181099
0
LINE
8
BLACK
6
CONTINUOUS
10
3.6208027559055118
20
-4.3071990551181099
11
3.6163859842519686
21
-4.3038864566929131
0
LINE
8
BLACK
6
CONTINUOUS
10
3.6163859842519686
20
-4.3038864566929131
11
3.6140674015748031
21
-4.3096829921259845
0
LINE
8
BLACK
6
CONTINUOUS
10
3.6140674015748031
20
-4.3096829921259845
11
3.6138007874015745
21
-4.310196811023622
0
LINE
8
BLACK
6
CONTINUOUS
10
3.6138007874015745
20
-4.310196811023622
11
3.6129961023622048
21
-4.3110213385826768
0
LINE
8
BLACK
6
CONTINUOUS
10
3.6129961023622048
20
-4.3110213385826768
11
3.6119371653543308
21
-4.3114751574803147
0
LINE
8
BLACK
6
CONTINUOUS
10
3.6119371653543308
20
-4.3114751574803147
11
3.6107851181102362
21
-4.311489212598425
0
LINE
8
BLACK
6
CONTINUOUS
10
3.6107851181102362
20
-4.311489212598425
11
3.6097153937007875
21
-4.311061338582677
0
LINE
8
BLACK
6
CONTINUOUS
10
3.6097153937007875
20
-4.311061338582677
11
3.6088908661417323
21
-4.3102566535433073
0
LINE
8
BLACK
6
CONTINUOUS
10
3.6088908661417323
20
-4.3102566535433073
11
3.6084370472440943
21
-4.3091977165354329
0
LINE
8
BLACK
6
CONTINUOUS
10
3.6084370472440943
20
-4.3091977165354329
11
3.6084229921259841
21
-4.3080456692913387
0
LINE
8
BLACK
6
CONTINUOUS
10
3.6084229921259841
20
-4.3080456692913387
11
3.6085842519685039
21
-4.3074897637795271
0
LINE
8
BLACK
6
CONTINUOUS
10
3.6085842519685039
20
-4.3074897637795271
11
3.6107140157480315
21
-4.3021653149606296
0
LINE
8
BLACK
6
CONTINUOUS
10
3.6107140157480315
20
-4.3021653149606296
11
3.6057015354330706
21
-4.3021653149606296
0
LINE
8
BLACK
6
CONTINUOUS
10
3.6057015354330706
20
-4.3021653149606296
11
3.6051254724409447
21
-4.3021085826771657
0
LINE
8
BLACK
6
CONTINUOUS
10
3.6051254724409447
20
-4.3021085826771657
11
3.6040610629921259
21
-4.3016676771653541
0
LINE
8
BLACK
6
CONTINUOUS
10
3.6040610629921259
20
-4.3016676771653541
11
3.6032464173228345
21
-4.3008530314960627
0
LINE
8
BLACK
6
CONTINUOUS
10
3.6032464173228345
20
-4.3008530314960627
11
3.6028055118110234
21
-4.2997886220472443
0
LINE
8
BLACK
6
CONTINUOUS
10
3.6028055118110234
20
-4.2997886220472443
11
3.6028055118110234
21
-4.2986364960629917
0
LINE
8
BLACK
6
CONTINUOUS
10
3.6028055118110234
20
-4.2986364960629917
11
3.6032464173228345
21
-4.2975720866141733
0
LINE
8
BLACK
6
CONTINUOUS
10
3.6032464173228345
20
-4.2975720866141733
11
3.6040610629921259
21
-4.2967574409448819
0
LINE
8
BLACK
6
CONTINUOUS
10
3.6040610629921259
20
-4.2967574409448819
11
3.6051254724409447
21
-4.2963165354330703
0
LINE
8
BLACK
6
CONTINUOUS
10
3.6051254724409447
20
-4.2963165354330703
11
3.6057015354330706
21
-4.2962598031496064
0
LINE
8
BLACK
6
CONTINUOUS
10
3.6057015354330706
20
-4.2962598031496064
11
3.6107140157480315
21
-4.2962598031496064
0
LINE
8
BLACK
6
CONTINUOUS
10
3.6107140157480315
20
-4.2962598031496064
11
3.6085842519685039
21
-4.2909353543307089
0
LINE
8
BLACK
6
CONTINUOUS
10
3.6085842519685039
20
-4.2909353543307089
11
3.6084229921259841
21
-4.2903794488188973
0
LINE
8
BLACK
6
CONTINUOUS
10
3.6084229921259841
20
-4.2903794488188973
11
3.6084370472440943
21
-4.2892274015748031
0
LINE
8
BLACK
6
CONTINUOUS
10
3.6084370472440943
20
-4.2892274015748031
11
3.6088908661417323
21
-4.2881684645669287
0
LINE
8
BLACK
6
CONTINUOUS
10
3.6088908661417323
20
-4.2881684645669287
11
3.6097153937007875
21
-4.287363779527559
0
LINE
8
BLACK
6
CONTINUOUS
10
3.6097153937007875
20
-4.287363779527559
11
3.6107851181102362
21
-4.286935905511811
0
LINE
8
BLACK
6
CONTINUOUS
10
3.6107851181102362
20
-4.286935905511811
11
3.6119371653543308
21
-4.2869499606299213
0
LINE
8
BLACK
6
CONTINUOUS
10
3.6119371653543308
20
-4.2569537007874017
11
3.6129961023622048
21
-4.2574075196850396
0
LINE
8
BLACK
6
CONTINUOUS
10
3.6129961023622048
20
-4.2574075196850396
11
3.6138007874015745
21
-4.2582320472440944
0
LINE
8
BLACK
6
CONTINUOUS
10
3.6138007874015745
20
-4.2582320472440944
11
3.6140674015748031
21
-4.2587458661417319
0
LINE
8
BLACK
6
CONTINUOUS
10
3.6140674015748031
20
-4.2587458661417319
11
3.6163859842519686
21
-4.2645423622047245
0
LINE
8
BLACK
6
CONTINUOUS
10
3.6163859842519686
20
-4.2645423622047245
11
3.6208027559055118
21
-4.2612298031496065
0
LINE
8
BLACK
6
CONTINUOUS
10
3.6208027559055118
20
-4.2612298031496065
11
3.6212976377952755
21
-4.2609295669291338
0
LINE
8
BLACK
6
CONTINUOUS
10
3.6212976377952755
20
-4.2609295669291338
11
3.6224137007874013
21
-4.2606436220472439
0
LINE
8
BLACK
6
CONTINUOUS
10
3.6224137007874013
20
-4.2606436220472439
11
3.623554212598425
21
-4.2608065748031496
0
LINE
8
BLACK
6
CONTINUOUS
10
3.623554212598425
20
-4.2608065748031496
11
3.6245455905511812
21
-4.2613935433070864
0
LINE
8
BLACK
6
CONTINUOUS
10
3.6245455905511812
20
-4.2613935433070864
11
3.6252368503937009
21
-4.2623152362204726
0
LINE
8
BLACK
6
CONTINUOUS
10
3.6252368503937009
20
-4.2623152362204726
11
3.6255227952755904
21
-4.2634312992125984
0
LINE
8
BLACK
6
CONTINUOUS
10
3.6255227952755904
20
-4.2634312992125984
11
3.6253598425196851
21
-4.2645718110236217
0
LINE
8
BLACK
6
CONTINUOUS
10
3.6253598425196851
20
-4.2645718110236217
11
3.6247728740157479
21
-4.2655631889763779
0
LINE
8
BLACK
6
CONTINUOUS
10
3.6247728740157479
20
-4.2655631889763779
11
3.6243460629921258
21
-4.2659542125984249
0
LINE
8
BLACK
6
CONTINUOUS
10
3.6243460629921258
20
-4.2659542125984249
11
3.6199966141732283
21
-4.2692162992125979
0
LINE
8
BLACK
6
CONTINUOUS
10
3.6199966141732283
20
-4.2692162992125979
11
3.6243460629921258
21
-4.2724783858267719
0
LINE
8
BLACK
6
CONTINUOUS
10
3.6243460629921258
20
-4.2724783858267719
11
3.6247728740157479
21
-4.2728694094488189
0
LINE
8
BLACK
6
CONTINUOUS
10
3.6247728740157479
20
-4.2728694094488189
11
3.6253598425196851
21
-4.273860787401575
0
LINE
8
BLACK
6
CONTINUOUS
10
3.6253598425196851
20
-4.273860787401575
11
3.6255227952755904
21
-4.2750012992125983
0
LINE
8
BLACK
6
CONTINUOUS
10
3.6255227952755904
20
-4.2750012992125983
11
3.6252368503937009
21
-4.2761173622047242
0
LINE
8
BLACK
6
CONTINUOUS
10
3.6252368503937009
20
-4.2761173622047242
11
3.6245455905511812
21
-4.2770390551181103
0
LINE
8
BLACK
6
CONTINUOUS
10
3.6245455905511812
20
-4.2770390551181103
11
3.623554212598425
21
-4.2776260236220471
0
LINE
8
BLACK
6
CONTINUOUS
10
3.623554212598425
20
-4.2776260236220471
11
3.6224137007874013
21
-4.2777889763779529
0
LINE
8
BLACK
6
CONTINUOUS
10
3.6224137007874013
20
-4.2777889763779529
11
3.6212976377952755
21
-4.2775030314960629
0
LINE
8
BLACK
6
CONTINUOUS
10
3.6212976377952755
20
-4.2775030314960629
11
3.6208027559055118
21
-4.2772027952755902
0
LINE
8
BLACK
6
CONTINUOUS
10
3.6208027559055118
20
-4.2772027952755902
11
3.6163859842519686
21
-4.2738901968503935
0
LINE
8
BLACK
6
CONTINUOUS
10
3.6163859842519686
20
-4.2738901968503935
11
3.6140674015748031
21
-4.2796867322834649
0
LINE
8
BLACK
6
CONTINUOUS
10
3.6140674015748031
20
-4.2796867322834649
11
3.6138007874015745
21
-4.2802005511811023
0
LINE
8
BLACK
6
CONTINUOUS
10
3.6138007874015745
20
-4.2802005511811023
11
3.6129961023622048
21
-4.2810250787401571
0
LINE
8
BLACK
6
CONTINUOUS
10
3.6129961023622048
20
-4.2810250787401571
11
3.6119371653543308
21
-4.2814788976377951
0
LINE
8
BLACK
6
CONTINUOUS
10
3.6119371653543308
20
-4.2814788976377951
11
3.6107851181102362
21
-4.2814929527559054
0
LINE
8
BLACK
6
CONTINUOUS
10
3.6107851181102362
20
-4.2814929527559054
11
3.6097153937007875
21
-4.2810650787401574
0
LINE
8
BLACK
6
CONTINUOUS
10
3.6097153937007875
20
-4.2810650787401574
11
3.6088908661417323
21
-4.2802603937007877
0
LINE
8
BLACK
6
CONTINUOUS
10
3.6088908661417323
20
-4.2802603937007877
11
3.6084370472440943
21
-4.2792014566929133
0
LINE
8
BLACK
6
CONTINUOUS
10
3.6084370472440943
20
-4.2792014566929133
11
3.6084229921259841
21
-4.2780494094488191
0
LINE
8
BLACK
6
CONTINUOUS
10
3.6084229921259841
20
-4.2780494094488191
11
3.6085842519685039
21
-4.2774935039370074
0
LINE
8
BLACK
6
CONTINUOUS
10
3.6085842519685039
20
-4.2774935039370074
11
3.6107140157480315
21
-4.27216905511811
0
LINE
8
BLACK
6
CONTINUOUS
10
3.6107140157480315
20
-4.27216905511811
11
3.6057015354330706
21
-4.27216905511811
0
LINE
8
BLACK
6
CONTINUOUS
10
3.6057015354330706
20
-4.27216905511811
11
3.6051254724409447
21
-4.2721123228346451
0
LINE
8
BLACK
6
CONTINUOUS
10
3.6051254724409447
20
-4.2721123228346451
11
3.6040610629921259
21
-4.2716714173228345
0
LINE
8
BLACK
6
CONTINUOUS
10
3.6040610629921259
20
-4.2716714173228345
11
3.6032464173228345
21
-4.270856771653543
0
LINE
8
BLACK
6
CONTINUOUS
10
3.6032464173228345
20
-4.270856771653543
11
3.6028055118110234
21
-4.2697923622047247
0
LINE
8
BLACK
6
CONTINUOUS
10
3.6028055118110234
20
-4.2697923622047247
11
3.6028055118110234
21
-4.2686402362204721
0
LINE
8
BLACK
6
CONTINUOUS
10
3.6028055118110234
20
-4.2686402362204721
11
3.6032464173228345
21
-4.2675758267716537
0
LINE
8
BLACK
6
CONTINUOUS
10
3.6032464173228345
20
-4.2675758267716537
11
3.6040610629921259
21
-4.2667611811023622
0
LINE
8
BLACK
6
CONTINUOUS
10
3.6040610629921259
20
-4.2667611811023622
11
3.6051254724409447
21
-4.2663202755905507
0
LINE
8
BLACK
6
CONTINUOUS
10
3.6051254724409447
20
-4.2663202755905507
11
3.6057015354330706
21
-4.2662635433070868
0
LINE
8
BLACK
6
CONTINUOUS
10
3.6057015354330706
20
-4.2662635433070868
11
3.6107140157480315
21
-4.2662635433070868
0
LINE
8
BLACK
6
CONTINUOUS
10
3.6107140157480315
20
-4.2662635433070868
11
3.6085842519685039
21
-4.2609390944881893
0
LINE
8
BLACK
6
CONTINUOUS
10
3.6085842519685039
20
-4.2609390944881893
11
3.6084229921259841
21
-4.2603831889763777
0
LINE
8
BLACK
6
CONTINUOUS
10
3.6084229921259841
20
-4.2603831889763777
11
3.6084370472440943
21
-4.2592311417322835
0
LINE
8
BLACK
6
CONTINUOUS
10
3.6084370472440943
20
-4.2592311417322835
11
3.6088908661417323
21
-4.258172204724409
0
LINE
8
BLACK
6
CONTINUOUS
10
3.6088908661417323
20
-4.258172204724409
11
3.6097153937007875
21
-4.2573675196850393
0
LINE
8
BLACK
6
CONTINUOUS
10
3.6097153937007875
20
-4.2573675196850393
11
3.6107851181102362
21
-4.2569396456692914
0
LINE
8
BLACK
6
CONTINUOUS
10
3.6107851181102362
20
-4.2569396456692914
11
3.6119371653543308
21
-4.2569537007874017
0
LINE
8
BLACK
6
CONTINUOUS
10
3.9780324803149605
20
-4.1281295275590546
11
3.9781890157480313
21
-4.1281492913385822
0
LINE
8
BLACK
6
CONTINUOUS
10
3.9781890157480313
20
-4.1281492913385822
11
3.981001181102362
21
-4.1290866929133854
0
LINE
8
BLACK
6
CONTINUOUS
10
3.981001181102362
20
-4.1290866929133854
11
3.9813348031496063
21
-4.129276889763779
0
LINE
8
BLACK
6
CONTINUOUS
10
3.9813348031496063
20
-4.129276889763779
11
3.9816716929133857
21
-4.1299506692913388
0
LINE
8
BLACK
6
CONTINUOUS
10
3.9816716929133857
20
-4.1299506692913388
11
3.9814334645669289
21
-4.1306653149606296
0
LINE
8
BLACK
6
CONTINUOUS
10
3.9814334645669289
20
-4.1306653149606296
11
3.9807596850393701
21
-4.1310022047244095
0
LINE
8
BLACK
6
CONTINUOUS
10
3.9807596850393701
20
-4.1310022047244095
11
3.9803786614173227
21
-4.1309541732283463
0
LINE
8
BLACK
6
CONTINUOUS
10
3.9803786614173227
20
-4.1309541732283463
11
3.977718031496063
21
-4.1300672834645669
0
LINE
8
BLACK
6
CONTINUOUS
10
3.977718031496063
20
-4.1300672834645669
11
3.9734232677165355
21
-4.1300672834645669
0
LINE
8
BLACK
6
CONTINUOUS
10
3.9734232677165355
20
-4.1300672834645669
11
3.9718990157480314
21
-4.1308294094488192
0
LINE
8
BLACK
6
CONTINUOUS
10
3.9718990157480314
20
-4.1308294094488192
11
3.9711876377952753
21
-4.1315407480314956
0
LINE
8
BLACK
6
CONTINUOUS
10
3.9711876377952753
20
-4.1315407480314956
11
3.9704255905511809
21
-4.1330649212598427
0
LINE
8
BLACK
6
CONTINUOUS
10
3.9704255905511809
20
-4.1330649212598427
11
3.9704255905511809
21
-4.1344749606299214
0
LINE
8
BLACK
6
CONTINUOUS
10
3.9704255905511809
20
-4.1344749606299214
11
3.9711876377952753
21
-4.1359990551181101
0
LINE
8
BLACK
6
CONTINUOUS
10
3.9711876377952753
20
-4.1359990551181101
11
3.9718990944881889
21
-4.1367105511811024
0
LINE
8
BLACK
6
CONTINUOUS
10
3.9718990944881889
20
-4.1367105511811024
11
3.9735342913385825
21
-4.1375281496062994
0
LINE
8
BLACK
6
CONTINUOUS
10
3.9735342913385825
20
-4.1375281496062994
11
3.9771790944881888
21
-4.1384393700787401
0
LINE
8
BLACK
6
CONTINUOUS
10
3.9771790944881888
20
-4.1384393700787401
11
3.9772765748031493
21
-4.1384853937007877
0
LINE
8
BLACK
6
CONTINUOUS
10
3.9772765748031493
20
-4.1384853937007877
11
3.9773805511811022
21
-4.1385138976377949
0
LINE
8
BLACK
6
CONTINUOUS
10
3.9773805511811022
20
-4.1385138976377949
11
3.9792553149606298
21
-4.1394512598425193
0
LINE
8
BLACK
6
CONTINUOUS
10
3.9792553149606298
20
-4.1394512598425193
11
3.9793799212598424
21
-4.1395479527559056
0
LINE
8
BLACK
6
CONTINUOUS
10
3.9793799212598424
20
-4.1395479527559056
11
3.9795111417322833
21
-4.1396356692913381
0
LINE
8
BLACK
6
CONTINUOUS
10
3.9795111417322833
20
-4.1396356692913381
11
3.9804485039370077
21
-4.1405730708661412
0
LINE
8
BLACK
6
CONTINUOUS
10
3.9804485039370077
20
-4.1405730708661412
11
3.9805359448818898
21
-4.1407039370078742
0
LINE
8
BLACK
6
CONTINUOUS
10
3.9805359448818898
20
-4.1407039370078742
11
3.9806328740157477
21
-4.1408288188976377
0
LINE
8
BLACK
6
CONTINUOUS
10
3.9806328740157477
20
-4.1408288188976377
11
3.9815702755905509
21
-4.142703622047244
0
LINE
8
BLACK
6
CONTINUOUS
10
3.9815702755905509
20
-4.142703622047244
11
3.9815832677165353
21
-4.1427511417322833
0
LINE
8
BLACK
6
CONTINUOUS
10
3.9815832677165353
20
-4.1427511417322833
11
3.9815992519685039
21
-4.1427671259842516
0
LINE
8
BLACK
6
CONTINUOUS
10
3.9815992519685039
20
-4.1427671259842516
11
3.98163
21
-4.1429218503937006
0
LINE
8
BLACK
6
CONTINUOUS
10
3.98163
20
-4.1429218503937006
11
3.9816716929133857
21
-4.1430740157480317
0
LINE
8
BLACK
6
CONTINUOUS
10
3.9816716929133857
20
-4.1430740157480317
11
3.981664527559055
21
-4.1430953937007873
0
LINE
8
BLACK
6
CONTINUOUS
10
3.981664527559055
20
-4.1430953937007873
11
3.9816741732283463
21
-4.1431437795275592
0
LINE
8
BLACK
6
CONTINUOUS
10
3.9816741732283463
20
-4.1431437795275592
11
3.9816741732283463
21
-4.1450185433070867
0
LINE
8
BLACK
6
CONTINUOUS
10
3.9816741732283463
20
-4.1450185433070867
11
3.981664527559055
21
-4.145066889763779
0
LINE
8
BLACK
6
CONTINUOUS
10
3.981664527559055
20
-4.145066889763779
11
3.9816716929133857
21
-4.1450883070866142
0
LINE
8
BLACK
6
CONTINUOUS
10
3.9816716929133857
20
-4.1450883070866142
11
3.98163
21
-4.1452404330708656
0
LINE
8
BLACK
6
CONTINUOUS
10
3.98163
20
-4.1452404330708656
11
3.9815992519685039
21
-4.1453951968503935
0
LINE
8
BLACK
6
CONTINUOUS
10
3.9815992519685039
20
-4.1453951968503935
11
3.9815832677165353
21
-4.145411141732283
0
LINE
8
BLACK
6
CONTINUOUS
10
3.9815832677165353
20
-4.145411141732283
11
3.9815702755905509
21
-4.1454587007874011
0
LINE
8
BLACK
6
CONTINUOUS
10
3.9815702755905509
20
-4.1454587007874011
11
3.9806328740157477
21
-4.1473335039370074
0
LINE
8
BLACK
6
CONTINUOUS
10
3.9806328740157477
20
-4.1473335039370074
11
3.9805359448818898
21
-4.147458346456693
0
LINE
8
BLACK
6
CONTINUOUS
10
3.9805359448818898
20
-4.147458346456693
11
3.9804485039370077
21
-4.1475892519685038
0
LINE
8
BLACK
6
CONTINUOUS
10
3.9804485039370077
20
-4.1475892519685038
11
3.9795111417322833
21
-4.148526653543307
0
LINE
8
BLACK
6
CONTINUOUS
10
3.9795111417322833
20
-4.148526653543307
11
3.9793799212598424
21
-4.1486143307086616
0
LINE
8
BLACK
6
CONTINUOUS
10
3.9793799212598424
20
-4.1486143307086616
11
3.9792553149606298
21
-4.1487110629921258
0
LINE
8
BLACK
6
CONTINUOUS
10
3.9792553149606298
20
-4.1487110629921258
11
3.9773805511811022
21
-4.1496484251968502
0
LINE
8
BLACK
6
CONTINUOUS
10
3.9773805511811022
20
-4.1496484251968502
11
3.9773329921259841
21
-4.1496614173228341
0
LINE
8
BLACK
6
CONTINUOUS
10
3.9773329921259841
20
-4.1496614173228341
11
3.9773170472440942
21
-4.1496774015748032
0
LINE
8
BLACK
6
CONTINUOUS
10
3.9773170472440942
20
-4.1496774015748032
11
3.9771622834645668
21
-4.1497081496062993
0
LINE
8
BLACK
6
CONTINUOUS
10
3.9771622834645668
20
-4.1497081496062993
11
3.9770101574803149
21
-4.149749842519685
0
LINE
8
BLACK
6
CONTINUOUS
10
3.9770101574803149
20
-4.149749842519685
11
3.9769887401574802
21
-4.1497426771653538
0
LINE
8
BLACK
6
CONTINUOUS
10
3.9769887401574802
20
-4.1497426771653538
11
3.9769403937007874
21
-4.1497523228346456
0
LINE
8
BLACK
6
CONTINUOUS
10
3.9769403937007874
20
-4.1497523228346456
11
3.9722534645669292
21
-4.1497523228346456
0
LINE
8
BLACK
6
CONTINUOUS
10
3.9722534645669292
20
-4.1497523228346456
11
3.9720986220472438
21
-4.149721496062992
0
LINE
8
BLACK
6
CONTINUOUS
10
3.9720986220472438
20
-4.149721496062992
11
3.971942244094488
21
-4.1497018110236219
0
LINE
8
BLACK
6
CONTINUOUS
10
3.971942244094488
20
-4.1497018110236219
11
3.9691300787401573
21
-4.1487644488188975
0
LINE
8
BLACK
6
CONTINUOUS
10
3.9691300787401573
20
-4.1487644488188975
11
3.9687964566929135
21
-4.1485742519685038
0
LINE
8
BLACK
6
CONTINUOUS
10
3.9687964566929135
20
-4.1485742519685038
11
3.9684595669291336
21
-4.147900472440945
0
LINE
8
BLACK
6
CONTINUOUS
10
3.9684595669291336
20
-4.147900472440945
11
3.9686977952755904
21
-4.1471858267716533
0
LINE
8
BLACK
6
CONTINUOUS
10
3.9686977952755904
20
-4.1471858267716533
11
3.9693715748031497
21
-4.1468489370078743
0
LINE
8
BLACK
6
CONTINUOUS
10
3.9693715748031497
20
-4.1468489370078743
11
3.9697525984251967
21
-4.1468969685039365
0
LINE
8
BLACK
6
CONTINUOUS
10
3.9697525984251967
20
-4.1468969685039365
11
3.9724131889763781
21
-4.1477838188976381
0
LINE
8
BLACK
6
CONTINUOUS
10
3.9724131889763781
20
-4.1477838188976381
11
3.976708031496063
21
-4.1477838188976381
0
LINE
8
BLACK
6
CONTINUOUS
10
3.976708031496063
20
-4.1477838188976381
11
3.9782321653543304
21
-4.1470217322834646
0
LINE
8
BLACK
6
CONTINUOUS
10
3.9782321653543304
20
-4.1470217322834646
11
3.9789435039370078
21
-4.1463103543307085
0
LINE
8
BLACK
6
CONTINUOUS
10
3.9789435039370078
20
-4.1463103543307085
11
3.9797056692913384
21
-4.1447861023622048
0
LINE
8
BLACK
6
CONTINUOUS
10
3.9797056692913384
20
-4.1447861023622048
11
3.9797056692913384
21
-4.1433761811023624
0
LINE
8
BLACK
6
CONTINUOUS
10
3.9797056692913384
20
-4.1433761811023624
11
3.9789435039370078
21
-4.1418519291338578
0
LINE
8
BLACK
6
CONTINUOUS
10
3.9789435039370078
20
-4.1418519291338578
11
3.9782321653543304
21
-4.1411405511811026
0
LINE
8
BLACK
6
CONTINUOUS
10
3.9782321653543304
20
-4.1411405511811026
11
3.9765967716535431
21
-4.1403228740157481
0
LINE
8
BLACK
6
CONTINUOUS
10
3.9765967716535431
20
-4.1403228740157481
11
3.9729521259842517
21
-4.139411732283464
0
LINE
8
BLACK
6
CONTINUOUS
10
3.9729521259842517
20
-4.139411732283464
11
3.9728546062992125
21
-4.1393656692913385
0
LINE
8
BLACK
6
CONTINUOUS
10
3.9728546062992125
20
-4.1393656692913385
11
3.9727506692913384
21
-4.1393372047244092
0
LINE
8
BLACK
6
CONTINUOUS
10
3.9727506692913384
20
-4.1393372047244092
11
3.9708759448818896
21
-4.1383998425196848
0
LINE
8
BLACK
6
CONTINUOUS
10
3.9708759448818896
20
-4.1383998425196848
11
3.9707512204724407
21
-4.1383030314960632
0
LINE
8
BLACK
6
CONTINUOUS
10
3.9707512204724407
20
-4.1383030314960632
11
3.9706201181102361
21
-4.138215433070866
0
LINE
8
BLACK
6
CONTINUOUS
10
3.9706201181102361
20
-4.138215433070866
11
3.9696827165354329
21
-4.1372780708661416
0
LINE
8
BLACK
6
CONTINUOUS
10
3.9696827165354329
20
-4.1372780708661416
11
3.9695949606299212
21
-4.1371467322834645
0
LINE
8
BLACK
6
CONTINUOUS
10
3.9695949606299212
20
-4.1371467322834645
11
3.9694983464566929
21
-4.1370222440944877
0
LINE
8
BLACK
6
CONTINUOUS
10
3.9694983464566929
20
-4.1370222440944877
11
3.9685609842519685
21
-4.1351474803149602
0
LINE
8
BLACK
6
CONTINUOUS
10
3.9685609842519685
20
-4.1351474803149602
11
3.9685479527559053
21
-4.135099921259842
0
LINE
8
BLACK
6
CONTINUOUS
10
3.9685479527559053
20
-4.135099921259842
11
3.9685320078740158
21
-4.1350839763779526
0
LINE
8
BLACK
6
CONTINUOUS
10
3.9685320078740158
20
-4.1350839763779526
11
3.968501220472441
21
-4.1349292125984247
0
LINE
8
BLACK
6
CONTINUOUS
10
3.968501220472441
20
-4.1349292125984247
11
3.9684595669291336
21
-4.1347770866141733
0
LINE
8
BLACK
6
CONTINUOUS
10
3.9684595669291336
20
-4.1347770866141733
11
3.9684666929133856
21
-4.1347556692913381
0
LINE
8
BLACK
6
CONTINUOUS
10
3.9684666929133856
20
-4.1347556692913381
11
3.9684570866141731
21
-4.1347073228346458
0
LINE
8
BLACK
6
CONTINUOUS
10
3.9684570866141731
20
-4.1347073228346458
11
3.9684570866141731
21
-4.1328325590551183
0
LINE
8
BLACK
6
CONTINUOUS
10
3.9684570866141731
20
-4.1328325590551183
11
3.9684666929133856
21
-4.1327841732283463
0
LINE
8
BLACK
6
CONTINUOUS
10
3.9684666929133856
20
-4.1327841732283463
11
3.9684595669291336
21
-4.1327627952755908
0
LINE
8
BLACK
6
CONTINUOUS
10
3.9684595669291336
20
-4.1327627952755908
11
3.968501220472441
21
-4.1326106299212597
0
LINE
8
BLACK
6
CONTINUOUS
10
3.968501220472441
20
-4.1326106299212597
11
3.9685320078740158
21
-4.1324559055118106
0
LINE
8
BLACK
6
CONTINUOUS
10
3.9685320078740158
20
-4.1324559055118106
11
3.9685479527559053
21
-4.1324399212598424
0
LINE
8
BLACK
6
CONTINUOUS
10
3.9685479527559053
20
-4.1324399212598424
11
3.9685609842519685
21
-4.132392401574803
0
LINE
8
BLACK
6
CONTINUOUS
10
3.9685609842519685
20
-4.132392401574803
11
3.9694983464566929
21
-4.1305176377952755
0
LINE
8
BLACK
6
CONTINUOUS
10
3.9694983464566929
20
-4.1305176377952755
11
3.9695950393700787
21
-4.1303929921259845
0
LINE
8
BLACK
6
CONTINUOUS
10
3.9695950393700787
20
-4.1303929921259845
11
3.9696827559055117
21
-4.1302618110236216
0
LINE
8
BLACK
6
CONTINUOUS
10
3.9696827559055117
20
-4.1302618110236216
11
3.9706201574803148
21
-4.1293244488188972
0
LINE
8
BLACK
6
CONTINUOUS
10
3.9706201574803148
20
-4.1293244488188972
11
3.9707510236220473
21
-4.1292369685039372
0
LINE
8
BLACK
6
CONTINUOUS
10
3.9707510236220473
20
-4.1292369685039372
11
3.9708759055118108
21
-4.1291400787401571
0
LINE
8
BLACK
6
CONTINUOUS
10
3.9708759055118108
20
-4.1291400787401571
11
3.9727507086614171
21
-4.1282026771653539
0
LINE
8
BLACK
6
CONTINUOUS
10
3.9727507086614171
20
-4.1282026771653539
11
3.9727982283464565
21
-4.1281896456692913
0
LINE
8
BLACK
6
CONTINUOUS
10
3.9727982283464565
20
-4.1281896456692913
11
3.9728142125984252
21
-4.1281737007874018
0
LINE
8
BLACK
6
CONTINUOUS
10
3.9728142125984252
20
-4.1281737007874018
11
3.9729689370078738
21
-4.128142913385827
0
LINE
8
BLACK
6
CONTINUOUS
10
3.9729689370078738
20
-4.128142913385827
11
3.9731211023622048
21
-4.12810125984252
0
LINE
8
BLACK
6
CONTINUOUS
10
3.9731211023622048
20
-4.12810125984252
11
3.9731424803149604
21
-4.1281083858267715
0
LINE
8
BLACK
6
CONTINUOUS
10
3.9731424803149604
20
-4.1281083858267715
11
3.9731908661417323
21
-4.1280987795275585
0
LINE
8
BLACK
6
CONTINUOUS
10
3.9731908661417323
20
-4.1280987795275585
11
3.9778777559055118
21
-4.1280987795275585
0
LINE
8
BLACK
6
CONTINUOUS
10
3.9778777559055118
20
-4.1280987795275585
11
3.9780324803149605
21
-4.1281295275590546
0
LINE
8
BLACK
6
CONTINUOUS
10
3.994088622047244
20
-4.1281737007874018
11
3.9941899212598426
21
-4.1281737007874018
0
LINE
8
BLACK
6
CONTINUOUS
10
3.9941899212598426
20
-4.1281737007874018
11
3.9943925590551181
21
-4.1283763385826768
0
LINE
8
BLACK
6
CONTINUOUS
10
3.9943925590551181
20
-4.1283763385826768
11
3.9946310629921258
21
-4.1285353543307082
0
LINE
8
BLACK
6
CONTINUOUS
10
3.9946310629921258
20
-4.1285353543307082
11
3.9946509055118109
21
-4.12863468503937
0
LINE
8
BLACK
6
CONTINUOUS
10
3.9946509055118109
20
-4.12863468503937
11
3.9947225984251968
21
-4.1287063779527555
0
LINE
8
BLACK
6
CONTINUOUS
10
3.9947225984251968
20
-4.1287063779527555
11
3.9947975196850392
21
-4.1290830314960631
0
LINE
8
BLACK
6
CONTINUOUS
10
3.9947975196850392
20
-4.1290830314960631
11
3.9947975196850392
21
-4.1477838188976381
0
LINE
8
BLACK
6
CONTINUOUS
10
3.9947975196850392
20
-4.1477838188976381
11
3.9994375590551181
21
-4.1477838188976381
0
LINE
8
BLACK
6
CONTINUOUS
10
3.9994375590551181
20
-4.1477838188976381
11
3.9998142125984253
21
-4.1478587401574805
0
LINE
8
BLACK
6
CONTINUOUS
10
3.9998142125984253
20
-4.1478587401574805
11
4.0003468897637795
21
-4.1483914173228342
0
LINE
8
BLACK
6
CONTINUOUS
10
4.0003468897637795
20
-4.1483914173228342
11
4.0003468897637795
21
-4.1491447244094486
0
LINE
8
BLACK
6
CONTINUOUS
10
4.0003468897637795
20
-4.1491447244094486
11
3.9998142125984253
21
-4.1496774015748032
0
LINE
8
BLACK
6
CONTINUOUS
10
3.9998142125984253
20
-4.1496774015748032
11
3.9994375590551181
21
-4.1497523228346456
0
LINE
8
BLACK
6
CONTINUOUS
10
3.9994375590551181
20
-4.1497523228346456
11
3.9881889763779528
21
-4.1497523228346456
0
LINE
8
BLACK
6
CONTINUOUS
10
3.9881889763779528
20
-4.1497523228346456
11
3.9878123228346456
21
-4.1496774015748032
0
LINE
8
BLACK
6
CONTINUOUS
10
3.9878123228346456
20
-4.1496774015748032
11
3.9872796456692914
21
-4.1491447244094486
0
LINE
8
BLACK
6
CONTINUOUS
10
3.9872796456692914
20
-4.1491447244094486
11
3.9872796456692914
21
-4.1483914173228342
0
LINE
8
BLACK
6
CONTINUOUS
10
3.9872796456692914
20
-4.1483914173228342
11
3.9878123228346456
21
-4.1478587401574805
0
LINE
8
BLACK
6
CONTINUOUS
10
3.9878123228346456
20
-4.1478587401574805
11
3.9881889763779528
21
-4.1477838188976381
0
LINE
8
BLACK
6
CONTINUOUS
10
3.9881889763779528
20
-4.1477838188976381
11
3.9928290157480313
21
-4.1477838188976381
0
LINE
8
BLACK
6
CONTINUOUS
10
3.9928290157480313
20
-4.1477838188976381
11
3.9928290157480313
21
-4.1323337401574802
0
LINE
8
BLACK
6
CONTINUOUS
10
3.9928290157480313
20
-4.1323337401574802
11
3.9927574409448816
21
-4.1324411417322837
0
LINE
8
BLACK
6
CONTINUOUS
10
3.9927574409448816
20
-4.1324411417322837
11
3.9926886220472442
21
-4.1325100787401574
0
LINE
8
BLACK
6
CONTINUOUS
10
3.9926886220472442
20
-4.1325100787401574
11
3.9926344488188974
21
-4.1325911811023621
0
LINE
8
BLACK
6
CONTINUOUS
10
3.9926344488188974
20
-4.1325911811023621
11
3.9907597244094486
21
-4.1344659448818897
0
LINE
8
BLACK
6
CONTINUOUS
10
3.9907597244094486
20
-4.1344659448818897
11
3.9906283858267715
21
-4.1345536614173231
0
LINE
8
BLACK
6
CONTINUOUS
10
3.9906283858267715
20
-4.1345536614173231
11
3.9905038976377951
21
-4.1346503149606297
0
LINE
8
BLACK
6
CONTINUOUS
10
3.9905038976377951
20
-4.1346503149606297
11
3.9886291338582676
21
-4.1355876771653541
0
LINE
8
BLACK
6
CONTINUOUS
10
3.9886291338582676
20
-4.1355876771653541
11
3.9882587401574803
21
-4.135689094488189
0
LINE
8
BLACK
6
CONTINUOUS
10
3.9882587401574803
20
-4.135689094488189
11
3.987544094488189
21
-4.1354508661417322
0
LINE
8
BLACK
6
CONTINUOUS
10
3.987544094488189
20
-4.1354508661417322
11
3.9872072047244091
21
-4.1347770866141733
0
LINE
8
BLACK
6
CONTINUOUS
10
3.9872072047244091
20
-4.1347770866141733
11
3.987445433070866
21
-4.1340624409448816
0
LINE
8
BLACK
6
CONTINUOUS
10
3.987445433070866
20
-4.1340624409448816
11
3.9877488188976375
21
-4.1338269685039366
0
LINE
8
BLACK
6
CONTINUOUS
10
3.9877488188976375
20
-4.1338269685039366
11
3.989480708661417
21
-4.1329609842519686
0
LINE
8
BLACK
6
CONTINUOUS
10
3.989480708661417
20
-4.1329609842519686
11
3.9911736220472438
21
-4.1312680708661418
0
LINE
8
BLACK
6
CONTINUOUS
10
3.9911736220472438
20
-4.1312680708661418
11
3.9929943307086613
21
-4.1285370472440945
0
LINE
8
BLACK
6
CONTINUOUS
10
3.9929943307086613
20
-4.1285370472440945
11
3.9932655905511809
21
-4.1282652362204724
0
LINE
8
BLACK
6
CONTINUOUS
10
3.9932655905511809
20
-4.1282652362204724
11
3.9933649212598423
21
-4.1282453543307085
0
LINE
8
BLACK
6
CONTINUOUS
10
3.9933649212598423
20
-4.1282453543307085
11
3.9934366141732283
21
-4.1281737007874018
0
LINE
8
BLACK
6
CONTINUOUS
10
3.9934366141732283
20
-4.1281737007874018
11
3.9937232283464565
21
-4.1281737007874018
0
LINE
8
BLACK
6
CONTINUOUS
10
3.9937232283464565
20
-4.1281737007874018
11
3.9940042913385825
21
-4.1281174803149607
0
LINE
8
BLACK
6
CONTINUOUS
10
3.9940042913385825
20
-4.1281174803149607
11
3.994088622047244
21
-4.1281737007874018
0
LINE
8
BLACK
6
CONTINUOUS
10
3.9644619291338583
20
-4.1283394881889759
11
3.9647988188976377
21
-4.1290132677165357
0
LINE
8
BLACK
6
CONTINUOUS
10
3.9647988188976377
20
-4.1290132677165357
11
3.9647507874015746
21
-4.1293942913385822
0
LINE
8
BLACK
6
CONTINUOUS
10
3.9647507874015746
20
-4.1293942913385822
11
3.9581890944881888
21
-4.1490793307086618
0
LINE
8
BLACK
6
CONTINUOUS
10
3.9581890944881888
20
-4.1490793307086618
11
3.9579988976377951
21
-4.1494129527559052
0
LINE
8
BLACK
6
CONTINUOUS
10
3.9579988976377951
20
-4.1494129527559052
11
3.9579331102362203
21
-4.1494458267716539
0
LINE
8
BLACK
6
CONTINUOUS
10
3.9579331102362203
20
-4.1494458267716539
11
3.9579002362204725
21
-4.1495116141732282
0
LINE
8
BLACK
6
CONTINUOUS
10
3.9579002362204725
20
-4.1495116141732282
11
3.957604212598425
21
-4.1496102755905513
0
LINE
8
BLACK
6
CONTINUOUS
10
3.957604212598425
20
-4.1496102755905513
11
3.9573251181102362
21
-4.149749842519685
0
LINE
8
BLACK
6
CONTINUOUS
10
3.9573251181102362
20
-4.149749842519685
11
3.9572553543307087
21
-4.1497265748031493
0
LINE
8
BLACK
6
CONTINUOUS
10
3.9572553543307087
20
-4.1497265748031493
11
3.9571855905511808
21
-4.149749842519685
0
LINE
8
BLACK
6
CONTINUOUS
10
3.9571855905511808
20
-4.149749842519685
11
3.9569064566929133
21
-4.1496102755905513
0
LINE
8
BLACK
6
CONTINUOUS
10
3.9569064566929133
20
-4.1496102755905513
11
3.956610472440945
21
-4.1495116141732282
0
LINE
8
BLACK
6
CONTINUOUS
10
3.956610472440945
20
-4.1495116141732282
11
3.956577559055118
21
-4.1494458267716539
0
LINE
8
BLACK
6
CONTINUOUS
10
3.956577559055118
20
-4.1494458267716539
11
3.9565118110236219
21
-4.1494129527559052
0
LINE
8
BLACK
6
CONTINUOUS
10
3.9565118110236219
20
-4.1494129527559052
11
3.9563216141732283
21
-4.1490793307086618
0
LINE
8
BLACK
6
CONTINUOUS
10
3.9563216141732283
20
-4.1490793307086618
11
3.9497599606299212
21
-4.1293942913385822
0
LINE
8
BLACK
6
CONTINUOUS
10
3.9497599606299212
20
-4.1293942913385822
11
3.949711929133858
21
-4.1290132677165357
0
LINE
8
BLACK
6
CONTINUOUS
10
3.949711929133858
20
-4.1290132677165357
11
3.9500488188976379
21
-4.1283394881889759
0
LINE
8
BLACK
6
CONTINUOUS
10
3.9500488188976379
20
-4.1283394881889759
11
3.9507634645669292
21
-4.12810125984252
0
LINE
8
BLACK
6
CONTINUOUS
10
3.9507634645669292
20
-4.12810125984252
11
3.951437244094488
21
-4.128438149606299
0
LINE
8
BLACK
6
CONTINUOUS
10
3.951437244094488
20
-4.128438149606299
11
3.9516274409448817
21
-4.1287717716535433
0
LINE
8
BLACK
6
CONTINUOUS
10
3.9516274409448817
20
-4.1287717716535433
11
3.9572553543307087
21
-4.1456555905511809
0
LINE
8
BLACK
6
CONTINUOUS
10
3.9572553543307087
20
-4.1456555905511809
11
3.9628833070866141
21
-4.128771811023622
0
LINE
8
BLACK
6
CONTINUOUS
10
3.9628833070866141
20
-4.128771811023622
11
3.9630735039370077
21
-4.128438149606299
0
LINE
8
BLACK
6
CONTINUOUS
10
3.9630735039370077
20
-4.128438149606299
11
3.9637472834645666
21
-4.12810125984252
0
LINE
8
BLACK
6
CONTINUOUS
10
3.9637472834645666
20
-4.12810125984252
11
3.9644619291338583
21
-4.1283394881889759
0
LINE
8
BLACK
6
CONTINUOUS
10
3.9473208267716533
20
-4.1281737007874018
11
3.947853503937008
21
-4.1287063779527555
0
LINE
8
BLACK
6
CONTINUOUS
10
3.947853503937008
20
-4.1287063779527555
11
3.947853503937008
21
-4.1294596850393699
0
LINE
8
BLACK
6
CONTINUOUS
10
3.947853503937008
20
-4.1294596850393699
11
3.9473208267716533
21
-4.1299923622047245
0
LINE
8
BLACK
6
CONTINUOUS
10
3.9473208267716533
20
-4.1299923622047245
11
3.9469441732283466
21
-4.1300672834645669
0
LINE
8
BLACK
6
CONTINUOUS
10
3.9469441732283466
20
-4.1300672834645669
11
3.9423041338582676
21
-4.1300672834645669
0
LINE
8
BLACK
6
CONTINUOUS
10
3.9423041338582676
20
-4.1300672834645669
11
3.9423041338582676
21
-4.1487680708661419
0
LINE
8
BLACK
6
CONTINUOUS
10
3.9423041338582676
20
-4.1487680708661419
11
3.9422292125984253
21
-4.1491447244094486
0
LINE
8
BLACK
6
CONTINUOUS
10
3.9422292125984253
20
-4.1491447244094486
11
3.9416965354330706
21
-4.1496774015748032
0
LINE
8
BLACK
6
CONTINUOUS
10
3.9416965354330706
20
-4.1496774015748032
11
3.9409432283464567
21
-4.1496774015748032
0
LINE
8
BLACK
6
CONTINUOUS
10
3.9409432283464567
20
-4.1496774015748032
11
3.9404105511811021
21
-4.1491447244094486
0
LINE
8
BLACK
6
CONTINUOUS
10
3.9404105511811021
20
-4.1491447244094486
11
3.9403356299212597
21
-4.1487680708661419
0
LINE
8
BLACK
6
CONTINUOUS
10
3.9403356299212597
20
-4.1487680708661419
11
3.9403356299212597
21
-4.1300672834645669
0
LINE
8
BLACK
6
CONTINUOUS
10
3.9403356299212597
20
-4.1300672834645669
11
3.9356955905511812
21
-4.1300672834645669
0
LINE
8
BLACK
6
CONTINUOUS
10
3.9356955905511812
20
-4.1300672834645669
11
3.9353189370078741
21
-4.1299923622047245
0
LINE
8
BLACK
6
CONTINUOUS
10
3.9353189370078741
20
-4.1299923622047245
11
3.9347862598425194
21
-4.1294596850393699
0
LINE
8
BLACK
6
CONTINUOUS
10
3.9347862598425194
20
-4.1294596850393699
11
3.9347862598425194
21
-4.1287063779527555
0
LINE
8
BLACK
6
CONTINUOUS
10
3.9347862598425194
20
-4.1287063779527555
11
3.9353189370078741
21
-4.1281737007874018
0
LINE
8
BLACK
6
CONTINUOUS
10
3.9353189370078741
20
-4.1281737007874018
11
3.9356955905511812
21
-4.1280987795275585
0
LINE
8
BLACK
6
CONTINUOUS
10
3.9356955905511812
20
-4.1280987795275585
11
3.9469441732283466
21
-4.1280987795275585
0
LINE
8
BLACK
6
CONTINUOUS
10
3.9469441732283466
20
-4.1280987795275585
11
3.9473208267716533
21
-4.1281737007874018
0
LINE
8
BLACK
6
CONTINUOUS
10
3.7673001968503934
20
-4.1013293700787399
11
3.7673001968503934
21
-4.1020826771653542
0
LINE
8
BLACK
6
CONTINUOUS
10
3.7673001968503934
20
-4.1020826771653542
11
3.7670868503937007
21
-4.1024020078740158
0
LINE
8
BLACK
6
CONTINUOUS
10
3.7670868503937007
20
-4.1024020078740158
11
3.7663137401574804
21
-4.1031750787401577
0
LINE
8
BLACK
6
CONTINUOUS
10
3.7663137401574804
20
-4.1031750787401577
11
3.7655003543307086
21
-4.1056152755905515
0
LINE
8
BLACK
6
CONTINUOUS
10
3.7655003543307086
20
-4.1056152755905515
11
3.7655003543307086
21
-4.1071705511811025
0
LINE
8
BLACK
6
CONTINUOUS
10
3.7655003543307086
20
-4.1071705511811025
11
3.7663137401574804
21
-4.1096107086614175
0
LINE
8
BLACK
6
CONTINUOUS
10
3.7663137401574804
20
-4.1096107086614175
11
3.767911220472441
21
-4.1112082283464568
0
LINE
8
BLACK
6
CONTINUOUS
10
3.767911220472441
20
-4.1112082283464568
11
3.7695466141732283
21
-4.1120259055118114
0
LINE
8
BLACK
6
CONTINUOUS
10
3.7695466141732283
20
-4.1120259055118114
11
3.7730737795275591
21
-4.1129077165354326
0
LINE
8
BLACK
6
CONTINUOUS
10
3.7730737795275591
20
-4.1129077165354326
11
3.775643464566929
21
-4.1129077165354326
0
LINE
8
BLACK
6
CONTINUOUS
10
3.775643464566929
20
-4.1129077165354326
11
3.7791706299212597
21
-4.1120259055118114
0
LINE
8
BLACK
6
CONTINUOUS
10
3.7791706299212597
20
-4.1120259055118114
11
3.7808059842519683
21
-4.1112082677165356
0
LINE
8
BLACK
6
CONTINUOUS
10
3.7808059842519683
20
-4.1112082677165356
11
3.7824035039370076
21
-4.1096107086614175
0
LINE
8
BLACK
6
CONTINUOUS
10
3.7824035039370076
20
-4.1096107086614175
11
3.7832168897637795
21
-4.1071705905511813
0
LINE
8
BLACK
6
CONTINUOUS
10
3.7832168897637795
20
-4.1071705905511813
11
3.7832168897637795
21
-4.1056152362204728
0
LINE
8
BLACK
6
CONTINUOUS
10
3.7832168897637795
20
-4.1056152362204728
11
3.7824035039370076
21
-4.103175039370079
0
LINE
8
BLACK
6
CONTINUOUS
10
3.7824035039370076
20
-4.103175039370079
11
3.7816304330708661
21
-4.1024020078740158
0
LINE
8
BLACK
6
CONTINUOUS
10
3.7816304330708661
20
-4.1024020078740158
11
3.7814170472440942
21
-4.102082716535433
0
LINE
8
BLACK
6
CONTINUOUS
10
3.7814170472440942
20
-4.102082716535433
11
3.7814170472440942
21
-4.1013293700787399
0
LINE
8
BLACK
6
CONTINUOUS
10
3.7814170472440942
20
-4.1013293700787399
11
3.7819496850393701
21
-4.1007966929133861
0
LINE
8
BLACK
6
CONTINUOUS
10
3.7819496850393701
20
-4.1007966929133861
11
3.7827030314960628
21
-4.1007966929133861
0
LINE
8
BLACK
6
CONTINUOUS
10
3.7827030314960628
20
-4.1007966929133861
11
3.7830223228346456
21
-4.1010100393700784
0
LINE
8
BLACK
6
CONTINUOUS
10
3.7830223228346456
20
-4.1010100393700784
11
3.7839597244094487
21
-4.1019474015748028
0
LINE
8
BLACK
6
CONTINUOUS
10
3.7839597244094487
20
-4.1019474015748028
11
3.7839870866141729
21
-4.1019883464566931
0
LINE
8
BLACK
6
CONTINUOUS
10
3.7839870866141729
20
-4.1019883464566931
11
3.7840073622047243
21
-4.1019985039370077
0
LINE
8
BLACK
6
CONTINUOUS
10
3.7840073622047243
20
-4.1019985039370077
11
3.7840855511811022
21
-4.1021357086614172
0
LINE
8
BLACK
6
CONTINUOUS
10
3.7840855511811022
20
-4.1021357086614172
11
3.7841731102362206
21
-4.1022667322834643
0
LINE
8
BLACK
6
CONTINUOUS
10
3.7841731102362206
20
-4.1022667322834643
11
3.7841731102362206
21
-4.1022893307086612
0
LINE
8
BLACK
6
CONTINUOUS
10
3.7841731102362206
20
-4.1022893307086612
11
3.7841975196850393
21
-4.1023321653543308
0
LINE
8
BLACK
6
CONTINUOUS
10
3.7841975196850393
20
-4.1023321653543308
11
3.7851348818897637
21
-4.1051443307086615
0
LINE
8
BLACK
6
CONTINUOUS
10
3.7851348818897637
20
-4.1051443307086615
11
3.7851545669291338
21
-4.1053007086614173
0
LINE
8
BLACK
6
CONTINUOUS
10
3.7851545669291338
20
-4.1053007086614173
11
3.7851853937007873
21
-4.1054555511811026
0
LINE
8
BLACK
6
CONTINUOUS
10
3.7851853937007873
20
-4.1054555511811026
11
3.7851853937007873
21
-4.1073303149606302
0
LINE
8
BLACK
6
CONTINUOUS
10
3.7851853937007873
20
-4.1073303149606302
11
3.7851545669291338
21
-4.1074851181102359
0
LINE
8
BLACK
6
CONTINUOUS
10
3.7851545669291338
20
-4.1074851181102359
11
3.7851348818897637
21
-4.1076415354330704
0
LINE
8
BLACK
6
CONTINUOUS
10
3.7851348818897637
20
-4.1076415354330704
11
3.7841975196850393
21
-4.1104537007874011
0
LINE
8
BLACK
6
CONTINUOUS
10
3.7841975196850393
20
-4.1104537007874011
11
3.7841731102362206
21
-4.1104964960629919
0
LINE
8
BLACK
6
CONTINUOUS
10
3.7841731102362206
20
-4.1104964960629919
11
3.7841731102362206
21
-4.1105190944881889
0
LINE
8
BLACK
6
CONTINUOUS
10
3.7841731102362206
20
-4.1105190944881889
11
3.784085433070866
21
-4.1106502362204722
0
LINE
8
BLACK
6
CONTINUOUS
10
3.784085433070866
20
-4.1106502362204722
11
3.7840073228346456
21
-4.1107873228346454
0
LINE
8
BLACK
6
CONTINUOUS
10
3.7840073228346456
20
-4.1107873228346454
11
3.7839870866141729
21
-4.1107974015748034
0
LINE
8
BLACK
6
CONTINUOUS
10
3.7839870866141729
20
-4.1107974015748034
11
3.7839597244094487
21
-4.1108384251968504
0
LINE
8
BLACK
6
CONTINUOUS
10
3.7839597244094487
20
-4.1108384251968504
11
3.7820849212598424
21
-4.1127131889763779
0
LINE
8
BLACK
6
CONTINUOUS
10
3.7820849212598424
20
-4.1127131889763779
11
3.7819540551181103
21
-4.1128006299212601
0
LINE
8
BLACK
6
CONTINUOUS
10
3.7819540551181103
20
-4.1128006299212601
11
3.7818291732283464
21
-4.112897559055118
0
LINE
8
BLACK
6
CONTINUOUS
10
3.7818291732283464
20
-4.112897559055118
11
3.7799544094488189
21
-4.1138349606299212
0
LINE
8
BLACK
6
CONTINUOUS
10
3.7799544094488189
20
-4.1138349606299212
11
3.7798503543307085
21
-4.1138634251968504
0
LINE
8
BLACK
6
CONTINUOUS
10
3.7798503543307085
20
-4.1138634251968504
11
3.7797529133858268
21
-4.1139094881889759
0
LINE
8
BLACK
6
CONTINUOUS
10
3.7797529133858268
20
-4.1139094881889759
11
3.7760033858267716
21
-4.1148468503937004
0
LINE
8
BLACK
6
CONTINUOUS
10
3.7760033858267716
20
-4.1148468503937004
11
3.7758828346456692
21
-4.114852677165354
0
LINE
8
BLACK
6
CONTINUOUS
10
3.7758828346456692
20
-4.114852677165354
11
3.7757646850393698
21
-4.1148762204724409
0
LINE
8
BLACK
6
CONTINUOUS
10
3.7757646850393698
20
-4.1148762204724409
11
3.7729525590551178
21
-4.1148762204724409
0
LINE
8
BLACK
6
CONTINUOUS
10
3.7729525590551178
20
-4.1148762204724409
11
3.7728343700787401
21
-4.114852677165354
0
LINE
8
BLACK
6
CONTINUOUS
10
3.7728343700787401
20
-4.114852677165354
11
3.7727138582677164
21
-4.1148468503937004
0
LINE
8
BLACK
6
CONTINUOUS
10
3.7727138582677164
20
-4.1148468503937004
11
3.7689643307086613
21
-4.1139094881889759
0
LINE
8
BLACK
6
CONTINUOUS
10
3.7689643307086613
20
-4.1139094881889759
11
3.7688668110236221
21
-4.1138634251968504
0
LINE
8
BLACK
6
CONTINUOUS
10
3.7688668110236221
20
-4.1138634251968504
11
3.7687628740157479
21
-4.1138349606299212
0
LINE
8
BLACK
6
CONTINUOUS
10
3.7687628740157479
20
-4.1138349606299212
11
3.7668880708661416
21
-4.112897559055118
0
LINE
8
BLACK
6
CONTINUOUS
10
3.7668880708661416
20
-4.112897559055118
11
3.7667632283464565
21
-4.1128006299212601
0
LINE
8
BLACK
6
CONTINUOUS
10
3.7667632283464565
20
-4.1128006299212601
11
3.7666322834645669
21
-4.1127131496062992
0
LINE
8
BLACK
6
CONTINUOUS
10
3.7666322834645669
20
-4.1127131496062992
11
3.7647575196850394
21
-4.1108384251968504
0
LINE
8
BLACK
6
CONTINUOUS
10
3.7647575196850394
20
-4.1108384251968504
11
3.7647300787401572
21
-4.1107973622047247
0
LINE
8
BLACK
6
CONTINUOUS
10
3.7647300787401572
20
-4.1107973622047247
11
3.7647099606299212
21
-4.1107873228346454
0
LINE
8
BLACK
6
CONTINUOUS
10
3.7647099606299212
20
-4.1107873228346454
11
3.7646318897637796
21
-4.1106503937007872
0
LINE
8
BLACK
6
CONTINUOUS
10
3.7646318897637796
20
-4.1106503937007872
11
3.7645441732283462
21
-4.1105190944881889
0
LINE
8
BLACK
6
CONTINUOUS
10
3.7645441732283462
20
-4.1105190944881889
11
3.7645441732283462
21
-4.1104964960629919
0
LINE
8
BLACK
6
CONTINUOUS
10
3.7645441732283462
20
-4.1104964960629919
11
3.7645197637795276
21
-4.1104537007874011
0
LINE
8
BLACK
6
CONTINUOUS
10
3.7645197637795276
20
-4.1104537007874011
11
3.7635823622047244
21
-4.1076415748031492
0
LINE
8
BLACK
6
CONTINUOUS
10
3.7635823622047244
20
-4.1076415748031492
11
3.7635625984251968
21
-4.1074850393700784
0
LINE
8
BLACK
6
CONTINUOUS
10
3.7635625984251968
20
-4.1074850393700784
11
3.7635318503937008
21
-4.1073303149606302
0
LINE
8
BLACK
6
CONTINUOUS
10
3.7635318503937008
20
-4.1073303149606302
11
3.7635318503937008
21
-4.1054555511811026
0
LINE
8
BLACK
6
CONTINUOUS
10
3.7635318503937008
20
-4.1054555511811026
11
3.7635625984251968
21
-4.1053007874015748
0
LINE
8
BLACK
6
CONTINUOUS
10
3.7635625984251968
20
-4.1053007874015748
11
3.7635823622047244
21
-4.1051442913385827
0
LINE
8
BLACK
6
CONTINUOUS
10
3.7635823622047244
20
-4.1051442913385827
11
3.7645197637795276
21
-4.102332125984252
0
LINE
8
BLACK
6
CONTINUOUS
10
3.7645197637795276
20
-4.102332125984252
11
3.7645441732283462
21
-4.1022892913385824
0
LINE
8
BLACK
6
CONTINUOUS
10
3.7645441732283462
20
-4.1022892913385824
11
3.7645441732283462
21
-4.1022667322834643
0
LINE
8
BLACK
6
CONTINUOUS
10
3.7645441732283462
20
-4.1022667322834643
11
3.7646318897637796
21
-4.1021353937007872
0
LINE
8
BLACK
6
CONTINUOUS
10
3.7646318897637796
20
-4.1021353937007872
11
3.7647099606299212
21
-4.1019985039370077
0
LINE
8
BLACK
6
CONTINUOUS
10
3.7647099606299212
20
-4.1019985039370077
11
3.7647300787401572
21
-4.1019884251968506
0
LINE
8
BLACK
6
CONTINUOUS
10
3.7647300787401572
20
-4.1019884251968506
11
3.7647575196850394
21
-4.1019474015748028
0
LINE
8
BLACK
6
CONTINUOUS
10
3.7647575196850394
20
-4.1019474015748028
11
3.7656948818897638
21
-4.1010100393700784
0
LINE
8
BLACK
6
CONTINUOUS
10
3.7656948818897638
20
-4.1010100393700784
11
3.7660142125984253
21
-4.1007966929133861
0
LINE
8
BLACK
6
CONTINUOUS
10
3.7660142125984253
20
-4.1007966929133861
11
3.7667675196850392
21
-4.1007966929133861
0
LINE
8
BLACK
6
CONTINUOUS
10
3.7667675196850392
20
-4.1007966929133861
11
3.7673001968503934
21
-4.1013293700787399
0
LINE
8
BLACK
6
CONTINUOUS
10
3.969850905511811
20
-4.1054947637795278
11
3.9711293307086613
21
-4.1067731889763781
0
LINE
8
BLACK
6
CONTINUOUS
10
3.9711293307086613
20
-4.1067731889763781
11
3.9711293307086613
21
-4.1085811417322837
0
LINE
8
BLACK
6
CONTINUOUS
10
3.9711293307086613
20
-4.1085811417322837
11
3.969850905511811
21
-4.109859566929134
0
LINE
8
BLACK
6
CONTINUOUS
10
3.969850905511811
20
-4.109859566929134
11
3.9689469291338582
21
-4.1100393700787397
0
LINE
8
BLACK
6
CONTINUOUS
10
3.9689469291338582
20
-4.1100393700787397
11
3.9483759055118108
21
-4.1100393700787397
0
LINE
8
BLACK
6
CONTINUOUS
10
3.9483759055118108
20
-4.1100393700787397
11
3.947471929133858
21
-4.109859566929134
0
LINE
8
BLACK
6
CONTINUOUS
10
3.947471929133858
20
-4.109859566929134
11
3.9461935039370077
21
-4.1085811417322837
0
LINE
8
BLACK
6
CONTINUOUS
10
3.9461935039370077
20
-4.1085811417322837
11
3.9461935039370077
21
-4.1067731889763781
0
LINE
8
BLACK
6
CONTINUOUS
10
3.9461935039370077
20
-4.1067731889763781
11
3.947471929133858
21
-4.1054947637795278
0
LINE
8
BLACK
6
CONTINUOUS
10
3.947471929133858
20
-4.1054947637795278
11
3.9483759055118108
21
-4.1053149606299213
0
LINE
8
BLACK
6
CONTINUOUS
10
3.9483759055118108
20
-4.1053149606299213
11
3.9689469291338582
21
-4.1053149606299213
0
LINE
8
BLACK
6
CONTINUOUS
10
3.9689469291338582
20
-4.1053149606299213
11
3.969850905511811
21
-4.1054947637795278
0
LINE
8
BLACK
6
CONTINUOUS
10
3.7990327952755907
20
-4.0880495669291337
11
3.7992125984251968
21
-4.0889535433070865
0
LINE
8
BLACK
6
CONTINUOUS
10
3.7992125984251968
20
-4.0889535433070865
11
3.7992125984251968
21
-4.1000228346456691
0
LINE
8
BLACK
6
CONTINUOUS
10
3.7992125984251968
20
-4.1000228346456691
11
3.7990327952755907
21
-4.1009268110236219
0
LINE
8
BLACK
6
CONTINUOUS
10
3.7990327952755907
20
-4.1009268110236219
11
3.7977543700787399
21
-4.1022052362204722
0
LINE
8
BLACK
6
CONTINUOUS
10
3.7977543700787399
20
-4.1022052362204722
11
3.7959464173228348
21
-4.1022052362204722
0
LINE
8
BLACK
6
CONTINUOUS
10
3.7959464173228348
20
-4.1022052362204722
11
3.794667992125984
21
-4.1009268110236219
0
LINE
8
BLACK
6
CONTINUOUS
10
3.794667992125984
20
-4.1009268110236219
11
3.794488188976378
21
-4.1000228346456691
0
LINE
8
BLACK
6
CONTINUOUS
10
3.794488188976378
20
-4.1000228346456691
11
3.794488188976378
21
-4.0889535433070865
0
LINE
8
BLACK
6
CONTINUOUS
10
3.794488188976378
20
-4.0889535433070865
11
3.794667992125984
21
-4.0880495669291337
0
LINE
8
BLACK
6
CONTINUOUS
10
3.794667992125984
20
-4.0880495669291337
11
3.7959464173228348
21
-4.0867711417322834
0
LINE
8
BLACK
6
CONTINUOUS
10
3.7959464173228348
20
-4.0867711417322834
11
3.7977543700787399
21
-4.0867711417322834
0
LINE
8
BLACK
6
CONTINUOUS
10
3.7977543700787399
20
-4.0867711417322834
11
3.7990327952755907
21
-4.0880495669291337
0
LINE
8
BLACK
6
CONTINUOUS
10
3.8391902755905511
20
-4.0880495669291337
11
3.8393700787401572
21
-4.0889535433070865
0
LINE
8
BLACK
6
CONTINUOUS
10
3.8393700787401572
20
-4.0889535433070865
11
3.8393700787401572
21
-4.1000228346456691
0
LINE
8
BLACK
6
CONTINUOUS
10
3.8393700787401572
20
-4.1000228346456691
11
3.8391902755905511
21
-4.1009268110236219
0
LINE
8
BLACK
6
CONTINUOUS
10
3.8391902755905511
20
-4.1009268110236219
11
3.8379118503937009
21
-4.1022052362204722
0
LINE
8
BLACK
6
CONTINUOUS
10
3.8379118503937009
20
-4.1022052362204722
11
3.8361038976377952
21
-4.1022052362204722
0
LINE
8
BLACK
6
CONTINUOUS
10
3.8361038976377952
20
-4.1022052362204722
11
3.834825472440945
21
-4.1009268110236219
0
LINE
8
BLACK
6
CONTINUOUS
10
3.834825472440945
20
-4.1009268110236219
11
3.8346456692913384
21
-4.1000228346456691
0
LINE
8
BLACK
6
CONTINUOUS
10
3.8346456692913384
20
-4.1000228346456691
11
3.8346456692913384
21
-4.0889535433070865
0
LINE
8
BLACK
6
CONTINUOUS
10
3.8346456692913384
20
-4.0889535433070865
11
3.834825472440945
21
-4.0880495669291337
0
LINE
8
BLACK
6
CONTINUOUS
10
3.834825472440945
20
-4.0880495669291337
11
3.8361038976377952
21
-4.0867711417322834
0
LINE
8
BLACK
6
CONTINUOUS
10
3.8361038976377952
20
-4.0867711417322834
11
3.8379118503937009
21
-4.0867711417322834
0
LINE
8
BLACK
6
CONTINUOUS
10
3.8379118503937009
20
-4.0867711417322834
11
3.8391902755905511
21
-4.0880495669291337
0
LINE
8
BLACK
6
CONTINUOUS
10
3.785110472440945
20
-4.0825816929133856
11
3.7851853937007873
21
-4.0829583464566932
0
LINE
8
BLACK
6
CONTINUOUS
10
3.7851853937007873
20
-4.0829583464566932
11
3.7851853937007873
21
-4.0942069291338585
0
LINE
8
BLACK
6
CONTINUOUS
10
3.7851853937007873
20
-4.0942069291338585
11
3.785110472440945
21
-4.0945835826771653
0
LINE
8
BLACK
6
CONTINUOUS
10
3.785110472440945
20
-4.0945835826771653
11
3.7845777952755904
21
-4.0951162598425199
0
LINE
8
BLACK
6
CONTINUOUS
10
3.7845777952755904
20
-4.0951162598425199
11
3.7838244881889764
21
-4.0951162598425199
0
LINE
8
BLACK
6
CONTINUOUS
10
3.7838244881889764
20
-4.0951162598425199
11
3.7832918110236218
21
-4.0945835826771653
0
LINE
8
BLACK
6
CONTINUOUS
10
3.7832918110236218
20
-4.0945835826771653
11
3.7832168897637795
21
-4.0942069291338585
0
LINE
8
BLACK
6
CONTINUOUS
10
3.7832168897637795
20
-4.0942069291338585
11
3.7832168897637795
21
-4.0895668897637796
0
LINE
8
BLACK
6
CONTINUOUS
10
3.7832168897637795
20
-4.0895668897637796
11
3.7677668897637795
21
-4.0895668897637796
0
LINE
8
BLACK
6
CONTINUOUS
10
3.7677668897637795
20
-4.0895668897637796
11
3.7678742519685038
21
-4.0896384645669288
0
LINE
8
BLACK
6
CONTINUOUS
10
3.7678742519685038
20
-4.0896384645669288
11
3.7679431496062992
21
-4.0897072440944884
0
LINE
8
BLACK
6
CONTINUOUS
10
3.7679431496062992
20
-4.0897072440944884
11
3.7680242519685039
21
-4.0897614173228343
0
LINE
8
BLACK
6
CONTINUOUS
10
3.7680242519685039
20
-4.0897614173228343
11
3.7698989763779527
21
-4.0916361811023618
0
LINE
8
BLACK
6
CONTINUOUS
10
3.7698989763779527
20
-4.0916361811023618
11
3.7699865748031494
21
-4.0917672834645664
0
LINE
8
BLACK
6
CONTINUOUS
10
3.7699865748031494
20
-4.0917672834645664
11
3.7700833858267715
21
-4.0918920078740157
0
LINE
8
BLACK
6
CONTINUOUS
10
3.7700833858267715
20
-4.0918920078740157
11
3.7710207480314959
21
-4.0937667322834645
0
LINE
8
BLACK
6
CONTINUOUS
10
3.7710207480314959
20
-4.0937667322834645
11
3.7711221653543308
21
-4.094137165354331
0
LINE
8
BLACK
6
CONTINUOUS
10
3.7711221653543308
20
-4.094137165354331
11
3.7708839370078739
21
-4.0948518110236218
0
LINE
8
BLACK
6
CONTINUOUS
10
3.7708839370078739
20
-4.0948518110236218
11
3.7702101574803151
21
-4.0951887007874017
0
LINE
8
BLACK
6
CONTINUOUS
10
3.7702101574803151
20
-4.0951887007874017
11
3.7694955118110234
21
-4.0949504724409449
0
LINE
8
BLACK
6
CONTINUOUS
10
3.7694955118110234
20
-4.0949504724409449
11
3.7692600393700788
21
-4.0946470866141729
0
LINE
8
BLACK
6
CONTINUOUS
10
3.7692600393700788
20
-4.0946470866141729
11
3.7683940551181103
21
-4.0929151574803146
0
LINE
8
BLACK
6
CONTINUOUS
10
3.7683940551181103
20
-4.0929151574803146
11
3.766701062992126
21
-4.0912221653543304
0
LINE
8
BLACK
6
CONTINUOUS
10
3.766701062992126
20
-4.0912221653543304
11
3.763970157480315
21
-4.0894015748031496
0
LINE
8
BLACK
6
CONTINUOUS
10
3.763970157480315
20
-4.0894015748031496
11
3.7636983070866141
21
-4.08913031496063
0
LINE
8
BLACK
6
CONTINUOUS
10
3.7636983070866141
20
-4.08913031496063
11
3.7636784251968503
21
-4.0890309448818893
0
LINE
8
BLACK
6
CONTINUOUS
10
3.7636784251968503
20
-4.0890309448818893
11
3.7636067716535431
21
-4.0889592913385826
0
LINE
8
BLACK
6
CONTINUOUS
10
3.7636067716535431
20
-4.0889592913385826
11
3.7636067716535431
21
-4.0886726771653539
0
LINE
8
BLACK
6
CONTINUOUS
10
3.7636067716535431
20
-4.0886726771653539
11
3.7635505511811025
21
-4.0883916141732284
0
LINE
8
BLACK
6
CONTINUOUS
10
3.7635505511811025
20
-4.0883916141732284
11
3.7636067716535431
21
-4.0883072834645668
0
LINE
8
BLACK
6
CONTINUOUS
10
3.7636067716535431
20
-4.0883072834645668
11
3.7636067716535431
21
-4.0882059842519682
0
LINE
8
BLACK
6
CONTINUOUS
10
3.7636067716535431
20
-4.0882059842519682
11
3.763809409448819
21
-4.0880033070866144
0
LINE
8
BLACK
6
CONTINUOUS
10
3.763809409448819
20
-4.0880033070866144
11
3.7639684251968504
21
-4.0877648425196851
0
LINE
8
BLACK
6
CONTINUOUS
10
3.7639684251968504
20
-4.0877648425196851
11
3.7640677559055118
21
-4.0877449606299212
0
LINE
8
BLACK
6
CONTINUOUS
10
3.7640677559055118
20
-4.0877449606299212
11
3.7641394488188977
21
-4.0876733070866145
0
LINE
8
BLACK
6
CONTINUOUS
10
3.7641394488188977
20
-4.0876733070866145
11
3.7645161023622045
21
-4.0875983858267713
0
LINE
8
BLACK
6
CONTINUOUS
10
3.7645161023622045
20
-4.0875983858267713
11
3.7832168897637795
21
-4.0875983858267713
0
LINE
8
BLACK
6
CONTINUOUS
10
3.7832168897637795
20
-4.0875983858267713
11
3.7832168897637795
21
-4.0829583464566932
0
LINE
8
BLACK
6
CONTINUOUS
10
3.7832168897637795
20
-4.0829583464566932
11
3.7832918110236218
21
-4.0825816929133856
0
LINE
8
BLACK
6
CONTINUOUS
10
3.7832918110236218
20
-4.0825816929133856
11
3.7838244881889764
21
-4.0820490157480318
0
LINE
8
BLACK
6
CONTINUOUS
10
3.7838244881889764
20
-4.0820490157480318
11
3.7845777952755904
21
-4.0820490157480318
0
LINE
8
BLACK
6
CONTINUOUS
10
3.7845777952755904
20
-4.0820490157480318
11
3.785110472440945
21
-4.0825816929133856
0
LINE
8
BLACK
6
CONTINUOUS
10
3.969850905511811
20
-4.0476207480314956
11
3.9711293307086613
21
-4.0488991732283468
0
LINE
8
BLACK
6
CONTINUOUS
10
3.9711293307086613
20
-4.0488991732283468
11
3.9711293307086613
21
-4.0507071259842515
0
LINE
8
BLACK
6
CONTINUOUS
10
3.9711293307086613
20
-4.0507071259842515
11
3.969850905511811
21
-4.0519855511811027
0
LINE
8
BLACK
6
CONTINUOUS
10
3.969850905511811
20
-4.0519855511811027
11
3.9689469291338582
21
-4.0521653543307083
0
LINE
8
BLACK
6
CONTINUOUS
10
3.9689469291338582
20
-4.0521653543307083
11
3.9483759055118108
21
-4.0521653543307083
0
LINE
8
BLACK
6
CONTINUOUS
10
3.9483759055118108
20
-4.0521653543307083
11
3.947471929133858
21
-4.0519855511811027
0
LINE
8
BLACK
6
CONTINUOUS
10
3.947471929133858
20
-4.0519855511811027
11
3.9461935039370077
21
-4.0507071259842515
0
LINE
8
BLACK
6
CONTINUOUS
10
3.9461935039370077
20
-4.0507071259842515
11
3.9461935039370077
21
-4.0488991732283468
0
LINE
8
BLACK
6
CONTINUOUS
10
3.9461935039370077
20
-4.0488991732283468
11
3.947471929133858
21
-4.0476207480314956
0
LINE
8
BLACK
6
CONTINUOUS
10
3.947471929133858
20
-4.0476207480314956
11
3.9483759055118108
21
-4.04744094488189
0
LINE
8
BLACK
6
CONTINUOUS
10
3.9483759055118108
20
-4.04744094488189
11
3.9689469291338582
21
-4.04744094488189
0
LINE
8
BLACK
6
CONTINUOUS
10
3.9689469291338582
20
-4.04744094488189
11
3.969850905511811
21
-4.0476207480314956
0
LINE
8
BLACK
6
CONTINUOUS
10
3.7622720078740155
20
-3.9902622047244094
11
3.7635504330708662
21
-3.9915406299212597
0
LINE
8
BLACK
6
CONTINUOUS
10
3.7635504330708662
20
-3.9915406299212597
11
3.7635504330708662
21
-3.9933485826771653
0
LINE
8
BLACK
6
CONTINUOUS
10
3.7635504330708662
20
-3.9933485826771653
11
3.7622720078740155
21
-3.9946270078740156
0
LINE
8
BLACK
6
CONTINUOUS
10
3.7622720078740155
20
-3.9946270078740156
11
3.7613680314960627
21
-3.9948068110236221
0
LINE
8
BLACK
6
CONTINUOUS
10
3.7613680314960627
20
-3.9948068110236221
11
3.7566763779527559
21
-3.9948068110236221
0
LINE
8
BLACK
6
CONTINUOUS
10
3.7566763779527559
20
-3.9948068110236221
11
3.754893307086614
21
-3.9956983070866139
0
LINE
8
BLACK
6
CONTINUOUS
10
3.754893307086614
20
-3.9956983070866139
11
3.7540174015748029
21
-3.9965742125984249
0
LINE
8
BLACK
6
CONTINUOUS
10
3.7540174015748029
20
-3.9965742125984249
11
3.7517494094488186
21
-3.9999761811023622
0
LINE
8
BLACK
6
CONTINUOUS
10
3.7517494094488186
20
-3.9999761811023622
11
3.7514070078740156
21
-4.001345748031496
0
LINE
8
BLACK
6
CONTINUOUS
10
3.7514070078740156
20
-4.001345748031496
11
3.752437598425197
21
-4.0008304724409447
0
LINE
8
BLACK
6
CONTINUOUS
10
3.752437598425197
20
-4.0008304724409447
11
3.7525516929133858
21
-4.0007992125984249
0
LINE
8
BLACK
6
CONTINUOUS
10
3.7525516929133858
20
-4.0007992125984249
11
3.7525900393700788
21
-4.000760905511811
0
LINE
8
BLACK
6
CONTINUOUS
10
3.7525900393700788
20
-4.000760905511811
11
3.7529613779527558
21
-4.0006870078740153
0
LINE
8
BLACK
6
CONTINUOUS
10
3.7529613779527558
20
-4.0006870078740153
11
3.7533265748031495
21
-4.0005870472440943
0
LINE
8
BLACK
6
CONTINUOUS
10
3.7533265748031495
20
-4.0005870472440943
11
3.7533779527559052
21
-4.0006041732283464
0
LINE
8
BLACK
6
CONTINUOUS
10
3.7533779527559052
20
-4.0006041732283464
11
3.7534940157480312
21
-4.0005811023622044
0
LINE
8
BLACK
6
CONTINUOUS
10
3.7534940157480312
20
-4.0005811023622044
11
3.7587433858267714
21
-4.0005811023622044
0
LINE
8
BLACK
6
CONTINUOUS
10
3.7587433858267714
20
-4.0005811023622044
11
3.758859409448819
21
-4.0006041732283464
0
LINE
8
BLACK
6
CONTINUOUS
10
3.758859409448819
20
-4.0006041732283464
11
3.7589108267716536
21
-4.0005870472440943
0
LINE
8
BLACK
6
CONTINUOUS
10
3.7589108267716536
20
-4.0005870472440943
11
3.7592759842519685
21
-4.0006870078740153
0
LINE
8
BLACK
6
CONTINUOUS
10
3.7592759842519685
20
-4.0006870078740153
11
3.7596473622047242
21
-4.000760905511811
0
LINE
8
BLACK
6
CONTINUOUS
10
3.7596473622047242
20
-4.000760905511811
11
3.7596856692913385
21
-4.0007992125984249
0
LINE
8
BLACK
6
CONTINUOUS
10
3.7596856692913385
20
-4.0007992125984249
11
3.759799803149606
21
-4.0008304724409447
0
LINE
8
BLACK
6
CONTINUOUS
10
3.759799803149606
20
-4.0008304724409447
11
3.7624244488188974
21
-4.0021427952755904
0
LINE
8
BLACK
6
CONTINUOUS
10
3.7624244488188974
20
-4.0021427952755904
11
3.7627235826771654
21
-4.002374960629921
0
LINE
8
BLACK
6
CONTINUOUS
10
3.7627235826771654
20
-4.002374960629921
11
3.763038346456693
21
-4.0025852755905511
0
LINE
8
BLACK
6
CONTINUOUS
10
3.763038346456693
20
-4.0025852755905511
11
3.7643507086614174
21
-4.0038975984251968
0
LINE
8
BLACK
6
CONTINUOUS
10
3.7643507086614174
20
-4.0038975984251968
11
3.7645611417322833
21
-4.0042124803149601
0
LINE
8
BLACK
6
CONTINUOUS
10
3.7645611417322833
20
-4.0042124803149601
11
3.7647932283464565
21
-4.0045115748031499
0
LINE
8
BLACK
6
CONTINUOUS
10
3.7647932283464565
20
-4.0045115748031499
11
3.7661055511811021
21
-4.00713625984252
0
LINE
8
BLACK
6
CONTINUOUS
10
3.7661055511811021
20
-4.00713625984252
11
3.7661367716535432
21
-4.00725031496063
0
LINE
8
BLACK
6
CONTINUOUS
10
3.7661367716535432
20
-4.00725031496063
11
3.7661751181102363
21
-4.0072886614173227
0
LINE
8
BLACK
6
CONTINUOUS
10
3.7661751181102363
20
-4.0072886614173227
11
3.7662489763779528
21
-4.0076600787401571
0
LINE
8
BLACK
6
CONTINUOUS
10
3.7662489763779528
20
-4.0076600787401571
11
3.7663489763779525
21
-4.0080251968503937
0
LINE
8
BLACK
6
CONTINUOUS
10
3.7663489763779525
20
-4.0080251968503937
11
3.7663318110236221
21
-4.0080765748031499
0
LINE
8
BLACK
6
CONTINUOUS
10
3.7663318110236221
20
-4.0080765748031499
11
3.7663549212598424
21
-4.0081926377952755
0
LINE
8
BLACK
6
CONTINUOUS
10
3.7663549212598424
20
-4.0081926377952755
11
3.7663549212598424
21
-4.0147543307086613
0
LINE
8
BLACK
6
CONTINUOUS
10
3.7663549212598424
20
-4.0147543307086613
11
3.7663318110236221
21
-4.0148703543307089
0
LINE
8
BLACK
6
CONTINUOUS
10
3.7663318110236221
20
-4.0148703543307089
11
3.7663489763779525
21
-4.014921771653543
0
LINE
8
BLACK
6
CONTINUOUS
10
3.7663489763779525
20
-4.014921771653543
11
3.7662489763779528
21
-4.0152869291338584
0
LINE
8
BLACK
6
CONTINUOUS
10
3.7662489763779528
20
-4.0152869291338584
11
3.7661751181102363
21
-4.0156583070866141
0
LINE
8
BLACK
6
CONTINUOUS
10
3.7661751181102363
20
-4.0156583070866141
11
3.7661367716535432
21
-4.015696614173228
0
LINE
8
BLACK
6
CONTINUOUS
10
3.7661367716535432
20
-4.015696614173228
11
3.7661055511811021
21
-4.0158107480314964
0
LINE
8
BLACK
6
CONTINUOUS
10
3.7661055511811021
20
-4.0158107480314964
11
3.7647932283464565
21
-4.0184353937007877
0
LINE
8
BLACK
6
CONTINUOUS
10
3.7647932283464565
20
-4.0184353937007877
11
3.764561023622047
21
-4.0187345275590554
0
LINE
8
BLACK
6
CONTINUOUS
10
3.764561023622047
20
-4.0187345275590554
11
3.7643507086614174
21
-4.0190493307086612
0
LINE
8
BLACK
6
CONTINUOUS
10
3.7643507086614174
20
-4.0190493307086612
11
3.763038346456693
21
-4.0203616535433069
0
LINE
8
BLACK
6
CONTINUOUS
10
3.763038346456693
20
-4.0203616535433069
11
3.7627237007874017
21
-4.0205718503937007
0
LINE
8
BLACK
6
CONTINUOUS
10
3.7627237007874017
20
-4.0205718503937007
11
3.7624244488188974
21
-4.0208041732283464
0
LINE
8
BLACK
6
CONTINUOUS
10
3.7624244488188974
20
-4.0208041732283464
11
3.759799803149606
21
-4.022116496062992
0
LINE
8
BLACK
6
CONTINUOUS
10
3.759799803149606
20
-4.022116496062992
11
3.7596856692913385
21
-4.0221477165354331
0
LINE
8
BLACK
6
CONTINUOUS
10
3.7596856692913385
20
-4.0221477165354331
11
3.7596473622047242
21
-4.0221860629921258
0
LINE
8
BLACK
6
CONTINUOUS
10
3.7596473622047242
20
-4.0221860629921258
11
3.7592759842519685
21
-4.0222599212598427
0
LINE
8
BLACK
6
CONTINUOUS
10
3.7592759842519685
20
-4.0222599212598427
11
3.7589108267716536
21
-4.0223599212598424
0
LINE
8
BLACK
6
CONTINUOUS
10
3.7589108267716536
20
-4.0223599212598424
11
3.758859409448819
21
-4.0223427559055116
0
LINE
8
BLACK
6
CONTINUOUS
10
3.758859409448819
20
-4.0223427559055116
11
3.7587433858267714
21
-4.0223658661417323
0
LINE
8
BLACK
6
CONTINUOUS
10
3.7587433858267714
20
-4.0223658661417323
11
3.7534940157480312
21
-4.0223658661417323
0
LINE
8
BLACK
6
CONTINUOUS
10
3.7534940157480312
20
-4.0223658661417323
11
3.7533779527559052
21
-4.0223427559055116
0
LINE
8
BLACK
6
CONTINUOUS
10
3.7533779527559052
20
-4.0223427559055116
11
3.7533265748031495
21
-4.0223599212598424
0
LINE
8
BLACK
6
CONTINUOUS
10
3.7533265748031495
20
-4.0223599212598424
11
3.7529613779527558
21
-4.0222599212598427
0
LINE
8
BLACK
6
CONTINUOUS
10
3.7529613779527558
20
-4.0222599212598427
11
3.7525900393700788
21
-4.0221860629921258
0
LINE
8
BLACK
6
CONTINUOUS
10
3.7525900393700788
20
-4.0221860629921258
11
3.7525516929133858
21
-4.0221477165354331
0
LINE
8
BLACK
6
CONTINUOUS
10
3.7525516929133858
20
-4.0221477165354331
11
3.752437598425197
21
-4.022116496062992
0
LINE
8
BLACK
6
CONTINUOUS
10
3.752437598425197
20
-4.022116496062992
11
3.7498129527559056
21
-4.0208041732283464
0
LINE
8
BLACK
6
CONTINUOUS
10
3.7498129527559056
20
-4.0208041732283464
11
3.7495137795275588
21
-4.0205719685039369
0
LINE
8
BLACK
6
CONTINUOUS
10
3.7495137795275588
20
-4.0205719685039369
11
3.7491990157480313
21
-4.0203616535433069
0
LINE
8
BLACK
6
CONTINUOUS
10
3.7491990157480313
20
-4.0203616535433069
11
3.7478866929133856
21
-4.0190492913385825
0
LINE
8
BLACK
6
CONTINUOUS
10
3.7478866929133856
20
-4.0190492913385825
11
3.7476764566929135
21
-4.0187346456692916
0
LINE
8
BLACK
6
CONTINUOUS
10
3.7476764566929135
20
-4.0187346456692916
11
3.7474441732283466
21
-4.0184353937007877
0
LINE
8
BLACK
6
CONTINUOUS
10
3.7474441732283466
20
-4.0184353937007877
11
3.7461318503937009
21
-4.0158107480314964
0
LINE
8
BLACK
6
CONTINUOUS
10
3.7461318503937009
20
-4.0158107480314964
11
3.7461005905511811
21
-4.015696614173228
0
LINE
8
BLACK
6
CONTINUOUS
10
3.7461005905511811
20
-4.015696614173228
11
3.7460622834645667
21
-4.0156583070866141
0
LINE
8
BLACK
6
CONTINUOUS
10
3.7460622834645667
20
-4.0156583070866141
11
3.7459883858267715
21
-4.0152869291338584
0
LINE
8
BLACK
6
CONTINUOUS
10
3.7459883858267715
20
-4.0152869291338584
11
3.7458884251968505
21
-4.014921771653543
0
LINE
8
BLACK
6
CONTINUOUS
10
3.7458884251968505
20
-4.014921771653543
11
3.7459055511811021
21
-4.0148703543307089
0
LINE
8
BLACK
6
CONTINUOUS
10
3.7459055511811021
20
-4.0148703543307089
11
3.7458824803149606
21
-4.0147543307086613
0
LINE
8
BLACK
6
CONTINUOUS
10
3.7458824803149606
20
-4.0147543307086613
11
3.7458824803149606
21
-4.0042556299212597
0
LINE
8
BLACK
6
CONTINUOUS
10
3.7458824803149606
20
-4.0042556299212597
11
3.745938897637795
21
-4.0039718503937003
0
LINE
8
BLACK
6
CONTINUOUS
10
3.745938897637795
20
-4.0039718503937003
11
3.745952992125984
21
-4.0036827165354332
0
LINE
8
BLACK
6
CONTINUOUS
10
3.745952992125984
20
-4.0036827165354332
11
3.7472653149606296
21
-3.9984333858267718
0
LINE
8
BLACK
6
CONTINUOUS
10
3.7472653149606296
20
-3.9984333858267718
11
3.7474376377952754
21
-3.9980685433070864
0
LINE
8
BLACK
6
CONTINUOUS
10
3.7474376377952754
20
-3.9980685433070864
11
3.7475915354330707
21
-3.9976959842519686
0
LINE
8
BLACK
6
CONTINUOUS
10
3.7475915354330707
20
-3.9976959842519686
11
3.7502162204724407
21
-3.9937589763779529
0
LINE
8
BLACK
6
CONTINUOUS
10
3.7502162204724407
20
-3.9937589763779529
11
3.7503813779527557
21
-3.9935934251968503
0
LINE
8
BLACK
6
CONTINUOUS
10
3.7503813779527557
20
-3.9935934251968503
11
3.7505113385826769
21
-3.9933989763779527
0
LINE
8
BLACK
6
CONTINUOUS
10
3.7505113385826769
20
-3.9933989763779527
11
3.7518236614173226
21
-3.9920866141732283
0
LINE
8
BLACK
6
CONTINUOUS
10
3.7518236614173226
20
-3.9920866141732283
11
3.7521385433070864
21
-3.9918761417322832
0
LINE
8
BLACK
6
CONTINUOUS
10
3.7521385433070864
20
-3.9918761417322832
11
3.7524376377952757
21
-3.9916440944881888
0
LINE
8
BLACK
6
CONTINUOUS
10
3.7524376377952757
20
-3.9916440944881888
11
3.7550623228346458
21
-3.9903317716535431
0
LINE
8
BLACK
6
CONTINUOUS
10
3.7550623228346458
20
-3.9903317716535431
11
3.7551763779527558
21
-3.9903005118110237
0
LINE
8
BLACK
6
CONTINUOUS
10
3.7551763779527558
20
-3.9903005118110237
11
3.7552147244094489
21
-3.9902622047244094
0
LINE
8
BLACK
6
CONTINUOUS
10
3.7552147244094489
20
-3.9902622047244094
11
3.7555861417322833
21
-3.9901883070866142
0
LINE
8
BLACK
6
CONTINUOUS
10
3.7555861417322833
20
-3.9901883070866142
11
3.7559512598425195
21
-3.9900883464566927
0
LINE
8
BLACK
6
CONTINUOUS
10
3.7559512598425195
20
-3.9900883464566927
11
3.7560026377952753
21
-3.9901054724409448
0
LINE
8
BLACK
6
CONTINUOUS
10
3.7560026377952753
20
-3.9901054724409448
11
3.7561187007874013
21
-3.9900824015748029
0
LINE
8
BLACK
6
CONTINUOUS
10
3.7561187007874013
20
-3.9900824015748029
11
3.7613680314960627
21
-3.9900824015748029
0
LINE
8
BLACK
6
CONTINUOUS
10
3.7613680314960627
20
-3.9900824015748029
11
3.7622720078740155
21
-3.9902622047244094
0
LINE
8
BLACK
6
CONTINUOUS
10
3.7522685826771651
20
-4.0061970472440942
11
3.7514983464566929
21
-4.0069672440944881
0
LINE
8
BLACK
6
CONTINUOUS
10
3.7514983464566929
20
-4.0069672440944881
11
3.7506068897637794
21
-4.0087502362204726
0
LINE
8
BLACK
6
CONTINUOUS
10
3.7506068897637794
20
-4.0087502362204726
11
3.7506068897637794
21
-4.0141966535433067
0
LINE
8
BLACK
6
CONTINUOUS
10
3.7506068897637794
20
-4.0141966535433067
11
3.7514984251968504
21
-4.0159797637795274
0
LINE
8
BLACK
6
CONTINUOUS
10
3.7514984251968504
20
-4.0159797637795274
11
3.7522685826771651
21
-4.0167498818897638
0
LINE
8
BLACK
6
CONTINUOUS
10
3.7522685826771651
20
-4.0167498818897638
11
3.7540516929133858
21
-4.0176414566929131
0
LINE
8
BLACK
6
CONTINUOUS
10
3.7540516929133858
20
-4.0176414566929131
11
3.7581857086614172
21
-4.0176414566929131
0
LINE
8
BLACK
6
CONTINUOUS
10
3.7581857086614172
20
-4.0176414566929131
11
3.7599688188976379
21
-4.0167498818897638
0
LINE
8
BLACK
6
CONTINUOUS
10
3.7599688188976379
20
-4.0167498818897638
11
3.7607389370078739
21
-4.0159797244094486
0
LINE
8
BLACK
6
CONTINUOUS
10
3.7607389370078739
20
-4.0159797244094486
11
3.7616305118110236
21
-4.0141966535433067
0
LINE
8
BLACK
6
CONTINUOUS
10
3.7616305118110236
20
-4.0141966535433067
11
3.7616305118110236
21
-4.0087502755905513
0
LINE
8
BLACK
6
CONTINUOUS
10
3.7616305118110236
20
-4.0087502755905513
11
3.7607389763779526
21
-4.0069672440944881
0
LINE
8
BLACK
6
CONTINUOUS
10
3.7607389763779526
20
-4.0069672440944881
11
3.7599687795275591
21
-4.0061970472440942
0
LINE
8
BLACK
6
CONTINUOUS
10
3.7599687795275591
20
-4.0061970472440942
11
3.7581857086614172
21
-4.0053055118110237
0
LINE
8
BLACK
6
CONTINUOUS
10
3.7581857086614172
20
-4.0053055118110237
11
3.7540516929133858
21
-4.0053055118110237
0
LINE
8
BLACK
6
CONTINUOUS
10
3.7540516929133858
20
-4.0053055118110237
11
3.7522685826771651
21
-4.0061970472440942
0
LINE
8
BLACK
6
CONTINUOUS
10
3.8100405118110237
20
-3.9901054724409448
11
3.8100919291338582
21
-3.9900883464566927
0
LINE
8
BLACK
6
CONTINUOUS
10
3.8100919291338582
20
-3.9900883464566927
11
3.8104570078740156
21
-3.9901883070866142
0
LINE
8
BLACK
6
CONTINUOUS
10
3.8104570078740156
20
-3.9901883070866142
11
3.8108284645669293
21
-3.9902622047244094
0
LINE
8
BLACK
6
CONTINUOUS
10
3.8108284645669293
20
-3.9902622047244094
11
3.8108667716535432
21
-3.9903005118110237
0
LINE
8
BLACK
6
CONTINUOUS
10
3.8108667716535432
20
-3.9903005118110237
11
3.8109808661417324
21
-3.9903317716535431
0
LINE
8
BLACK
6
CONTINUOUS
10
3.8109808661417324
20
-3.9903317716535431
11
3.8136055905511812
21
-3.9916440944881888
0
LINE
8
BLACK
6
CONTINUOUS
10
3.8136055905511812
20
-3.9916440944881888
11
3.8139046062992126
21
-3.991876181102362
0
LINE
8
BLACK
6
CONTINUOUS
10
3.8139046062992126
20
-3.991876181102362
11
3.8142195275590551
21
-3.9920866141732283
0
LINE
8
BLACK
6
CONTINUOUS
10
3.8142195275590551
20
-3.9920866141732283
11
3.8155318503937008
21
-3.9933989763779527
0
LINE
8
BLACK
6
CONTINUOUS
10
3.8155318503937008
20
-3.9933989763779527
11
3.8157421653543304
21
-3.993713779527559
0
LINE
8
BLACK
6
CONTINUOUS
10
3.8157421653543304
20
-3.993713779527559
11
3.8159742913385828
21
-3.9940128740157479
0
LINE
8
BLACK
6
CONTINUOUS
10
3.8159742913385828
20
-3.9940128740157479
11
3.8172866535433072
21
-3.9966374803149605
0
LINE
8
BLACK
6
CONTINUOUS
10
3.8172866535433072
20
-3.9966374803149605
11
3.8173549606299213
21
-3.996886968503937
0
LINE
8
BLACK
6
CONTINUOUS
10
3.8173549606299213
20
-3.996886968503937
11
3.8174655511811024
21
-3.9971210236220474
0
LINE
8
BLACK
6
CONTINUOUS
10
3.8174655511811024
20
-3.9971210236220474
11
3.8187778346456693
21
-4.0023703937007875
0
LINE
8
BLACK
6
CONTINUOUS
10
3.8187778346456693
20
-4.0023703937007875
11
3.8187918897637796
21
-4.0026593700787405
0
LINE
8
BLACK
6
CONTINUOUS
10
3.8187918897637796
20
-4.0026593700787405
11
3.8188483858267714
21
-4.0029433070866141
0
LINE
8
BLACK
6
CONTINUOUS
10
3.8188483858267714
20
-4.0029433070866141
11
3.8188483858267714
21
-4.0095049606299211
0
LINE
8
BLACK
6
CONTINUOUS
10
3.8188483858267714
20
-4.0095049606299211
11
3.8187918897637796
21
-4.0097888582677168
0
LINE
8
BLACK
6
CONTINUOUS
10
3.8187918897637796
20
-4.0097888582677168
11
3.8187778346456693
21
-4.0100778740157477
0
LINE
8
BLACK
6
CONTINUOUS
10
3.8187778346456693
20
-4.0100778740157477
11
3.8174655511811024
21
-4.0153272440944878
0
LINE
8
BLACK
6
CONTINUOUS
10
3.8174655511811024
20
-4.0153272440944878
11
3.8173549606299213
21
-4.0155612598425199
0
LINE
8
BLACK
6
CONTINUOUS
10
3.8173549606299213
20
-4.0155612598425199
11
3.8172866535433072
21
-4.0158107874015752
0
LINE
8
BLACK
6
CONTINUOUS
10
3.8172866535433072
20
-4.0158107874015752
11
3.8159742913385828
21
-4.0184353937007877
0
LINE
8
BLACK
6
CONTINUOUS
10
3.8159742913385828
20
-4.0184353937007877
11
3.8157421653543304
21
-4.0187344488188979
0
LINE
8
BLACK
6
CONTINUOUS
10
3.8157421653543304
20
-4.0187344488188979
11
3.8155318503937008
21
-4.0190492913385825
0
LINE
8
BLACK
6
CONTINUOUS
10
3.8155318503937008
20
-4.0190492913385825
11
3.8142195275590551
21
-4.0203616535433069
0
LINE
8
BLACK
6
CONTINUOUS
10
3.8142195275590551
20
-4.0203616535433069
11
3.8139046062992126
21
-4.0205720472440944
0
LINE
8
BLACK
6
CONTINUOUS
10
3.8139046062992126
20
-4.0205720472440944
11
3.8136055905511812
21
-4.0208041732283464
0
LINE
8
BLACK
6
CONTINUOUS
10
3.8136055905511812
20
-4.0208041732283464
11
3.8109808661417324
21
-4.022116496062992
0
LINE
8
BLACK
6
CONTINUOUS
10
3.8109808661417324
20
-4.022116496062992
11
3.8108667716535432
21
-4.0221477165354331
0
LINE
8
BLACK
6
CONTINUOUS
10
3.8108667716535432
20
-4.0221477165354331
11
3.8108284645669293
21
-4.0221860629921258
0
LINE
8
BLACK
6
CONTINUOUS
10
3.8108284645669293
20
-4.0221860629921258
11
3.8104570078740156
21
-4.0222599212598427
0
LINE
8
BLACK
6
CONTINUOUS
10
3.8104570078740156
20
-4.0222599212598427
11
3.8100919291338582
21
-4.0223599212598424
0
LINE
8
BLACK
6
CONTINUOUS
10
3.8100919291338582
20
-4.0223599212598424
11
3.8100405118110237
21
-4.0223427559055116
0
LINE
8
BLACK
6
CONTINUOUS
10
3.8100405118110237
20
-4.0223427559055116
11
3.8099244881889764
21
-4.0223658661417323
0
LINE
8
BLACK
6
CONTINUOUS
10
3.8099244881889764
20
-4.0223658661417323
11
3.8072998425196851
21
-4.0223658661417323
0
LINE
8
BLACK
6
CONTINUOUS
10
3.8072998425196851
20
-4.0223658661417323
11
3.8071837795275592
21
-4.0223427559055116
0
LINE
8
BLACK
6
CONTINUOUS
10
3.8071837795275592
20
-4.0223427559055116
11
3.8071324015748029
21
-4.0223599212598424
0
LINE
8
BLACK
6
CONTINUOUS
10
3.8071324015748029
20
-4.0223599212598424
11
3.8067672834645667
21
-4.0222599212598427
0
LINE
8
BLACK
6
CONTINUOUS
10
3.8067672834645667
20
-4.0222599212598427
11
3.8063958661417323
21
-4.0221860629921258
0
LINE
8
BLACK
6
CONTINUOUS
10
3.8063958661417323
20
-4.0221860629921258
11
3.8063575196850392
21
-4.0221477165354331
0
LINE
8
BLACK
6
CONTINUOUS
10
3.8063575196850392
20
-4.0221477165354331
11
3.8062434645669292
21
-4.022116496062992
0
LINE
8
BLACK
6
CONTINUOUS
10
3.8062434645669292
20
-4.022116496062992
11
3.8036187795275591
21
-4.0208041732283464
0
LINE
8
BLACK
6
CONTINUOUS
10
3.8036187795275591
20
-4.0208041732283464
11
3.8033196850393698
21
-4.0205720866141732
0
LINE
8
BLACK
6
CONTINUOUS
10
3.8033196850393698
20
-4.0205720866141732
11
3.8030048031496064
21
-4.0203616535433069
0
LINE
8
BLACK
6
CONTINUOUS
10
3.8030048031496064
20
-4.0203616535433069
11
3.8016924803149608
21
-4.0190492913385825
0
LINE
8
BLACK
6
CONTINUOUS
10
3.8016924803149608
20
-4.0190492913385825
11
3.8014821259842519
21
-4.0187344488188979
0
LINE
8
BLACK
6
CONTINUOUS
10
3.8014821259842519
20
-4.0187344488188979
11
3.8012500393700788
21
-4.0184353937007877
0
LINE
8
BLACK
6
CONTINUOUS
10
3.8012500393700788
20
-4.0184353937007877
11
3.7999376771653544
21
-4.0158107480314964
0
LINE
8
BLACK
6
CONTINUOUS
10
3.7999376771653544
20
-4.0158107480314964
11
3.7998693307086615
21
-4.0155612992125986
0
LINE
8
BLACK
6
CONTINUOUS
10
3.7998693307086615
20
-4.0155612992125986
11
3.7997587795275591
21
-4.0153272440944878
0
LINE
8
BLACK
6
CONTINUOUS
10
3.7997587795275591
20
-4.0153272440944878
11
3.7984464566929135
21
-4.0100778740157477
0
LINE
8
BLACK
6
CONTINUOUS
10
3.7984464566929135
20
-4.0100778740157477
11
3.7984323622047245
21
-4.0097887007874018
0
LINE
8
BLACK
6
CONTINUOUS
10
3.7984323622047245
20
-4.0097887007874018
11
3.7983759448818897
21
-4.0095049606299211
0
LINE
8
BLACK
6
CONTINUOUS
10
3.7983759448818897
20
-4.0095049606299211
11
3.7983759448818897
21
-4.0029433070866141
0
LINE
8
BLACK
6
CONTINUOUS
10
3.7983759448818897
20
-4.0029433070866141
11
3.7984323622047245
21
-4.0026595275590546
0
LINE
8
BLACK
6
CONTINUOUS
10
3.7984323622047245
20
-4.0026595275590546
11
3.7984464566929135
21
-4.0023703937007875
0
LINE
8
BLACK
6
CONTINUOUS
10
3.7984464566929135
20
-4.0023703937007875
11
3.7997587795275591
21
-3.9971210236220474
0
LINE
8
BLACK
6
CONTINUOUS
10
3.7997587795275591
20
-3.9971210236220474
11
3.7998693307086615
21
-3.9968869291338582
0
LINE
8
BLACK
6
CONTINUOUS
10
3.7998693307086615
20
-3.9968869291338582
11
3.7999376771653544
21
-3.9966375196850392
0
LINE
8
BLACK
6
CONTINUOUS
10
3.7999376771653544
20
-3.9966375196850392
11
3.8012500393700788
21
-3.9940128740157479
0
LINE
8
BLACK
6
CONTINUOUS
10
3.8012500393700788
20
-3.9940128740157479
11
3.8014821259842519
21
-3.993713779527559
0
LINE
8
BLACK
6
CONTINUOUS
10
3.8014821259842519
20
-3.993713779527559
11
3.8016924803149608
21
-3.9933989763779527
0
LINE
8
BLACK
6
CONTINUOUS
10
3.8016924803149608
20
-3.9933989763779527
11
3.8030048031496064
21
-3.9920866141732283
0
LINE
8
BLACK
6
CONTINUOUS
10
3.8030048031496064
20
-3.9920866141732283
11
3.8033196850393698
21
-3.9918761417322832
0
LINE
8
BLACK
6
CONTINUOUS
10
3.8033196850393698
20
-3.9918761417322832
11
3.8036187795275591
21
-3.9916440944881888
0
LINE
8
BLACK
6
CONTINUOUS
10
3.8036187795275591
20
-3.9916440944881888
11
3.8062434645669292
21
-3.9903317716535431
0
LINE
8
BLACK
6
CONTINUOUS
10
3.8062434645669292
20
-3.9903317716535431
11
3.8063575196850392
21
-3.9903005118110237
0
LINE
8
BLACK
6
CONTINUOUS
10
3.8063575196850392
20
-3.9903005118110237
11
3.8063958661417323
21
-3.9902622047244094
0
LINE
8
BLACK
6
CONTINUOUS
10
3.8063958661417323
20
-3.9902622047244094
11
3.8067672834645667
21
-3.9901883070866142
0
LINE
8
BLACK
6
CONTINUOUS
10
3.8067672834645667
20
-3.9901883070866142
11
3.8071324015748029
21
-3.9900883464566927
0
LINE
8
BLACK
6
CONTINUOUS
10
3.8071324015748029
20
-3.9900883464566927
11
3.8071837795275592
21
-3.9901054724409448
0
LINE
8
BLACK
6
CONTINUOUS
10
3.8071837795275592
20
-3.9901054724409448
11
3.8072998425196851
21
-3.9900824015748029
0
LINE
8
BLACK
6
CONTINUOUS
10
3.8072998425196851
20
-3.9900824015748029
11
3.8099244881889764
21
-3.9900824015748029
0
LINE
8
BLACK
6
CONTINUOUS
10
3.8099244881889764
20
-3.9900824015748029
11
3.8100405118110237
21
-3.9901054724409448
0
LINE
8
BLACK
6
CONTINUOUS
10
3.8060744488188973
20
-3.9956983070866139
11
3.8053041732283464
21
-3.9964685433070866
0
LINE
8
BLACK
6
CONTINUOUS
10
3.8053041732283464
20
-3.9964685433070866
11
3.8042792125984253
21
-3.9985184251968504
0
LINE
8
BLACK
6
CONTINUOUS
10
3.8042792125984253
20
-3.9985184251968504
11
3.8031003543307085
21
-4.0032341338582675
0
LINE
8
BLACK
6
CONTINUOUS
10
3.8031003543307085
20
-4.0032341338582675
11
3.8031003543307085
21
-4.0092140944881889
0
LINE
8
BLACK
6
CONTINUOUS
10
3.8031003543307085
20
-4.0092140944881889
11
3.8042792125984253
21
-4.0139298031496065
0
LINE
8
BLACK
6
CONTINUOUS
10
3.8042792125984253
20
-4.0139298031496065
11
3.8053041732283464
21
-4.0159796850393699
0
LINE
8
BLACK
6
CONTINUOUS
10
3.8053041732283464
20
-4.0159796850393699
11
3.8060744488188973
21
-4.0167499212598425
0
LINE
8
BLACK
6
CONTINUOUS
10
3.8060744488188973
20
-4.0167499212598425
11
3.8078575196850393
21
-4.0176414566929131
0
LINE
8
BLACK
6
CONTINUOUS
10
3.8078575196850393
20
-4.0176414566929131
11
3.8093668503937006
21
-4.0176414566929131
0
LINE
8
BLACK
6
CONTINUOUS
10
3.8093668503937006
20
-4.0176414566929131
11
3.811149842519685
21
-4.0167499606299213
0
LINE
8
BLACK
6
CONTINUOUS
10
3.811149842519685
20
-4.0167499606299213
11
3.8119201574803148
21
-4.0159796456692911
0
LINE
8
BLACK
6
CONTINUOUS
10
3.8119201574803148
20
-4.0159796456692911
11
3.812945
21
-4.0139299606299215
0
LINE
8
BLACK
6
CONTINUOUS
10
3.812945
20
-4.0139299606299215
11
3.8141239763779526
21
-4.0092140944881889
0
LINE
8
BLACK
6
CONTINUOUS
10
3.8141239763779526
20
-4.0092140944881889
11
3.8141239763779526
21
-4.0032341338582675
0
LINE
8
BLACK
6
CONTINUOUS
10
3.8141239763779526
20
-4.0032341338582675
11
3.812945
21
-3.9985182677165354
0
LINE
8
BLACK
6
CONTINUOUS
10
3.812945
20
-3.9985182677165354
11
3.8119201574803148
21
-3.9964685826771653
0
LINE
8
BLACK
6
CONTINUOUS
10
3.8119201574803148
20
-3.9964685826771653
11
3.811149842519685
21
-3.9956982677165351
0
LINE
8
BLACK
6
CONTINUOUS
10
3.811149842519685
20
-3.9956982677165351
11
3.8093668503937006
21
-3.9948068110236221
0
LINE
8
BLACK
6
CONTINUOUS
10
3.8093668503937006
20
-3.9948068110236221
11
3.8078575196850393
21
-3.9948068110236221
0
LINE
8
BLACK
6
CONTINUOUS
10
3.8078575196850393
20
-3.9948068110236221
11
3.8060744488188973
21
-3.9956983070866139
0
LINE
8
BLACK
6
CONTINUOUS
10
3.835519645669291
20
-3.9902622047244094
11
3.8357628740157481
21
-3.9902622047244094
0
LINE
8
BLACK
6
CONTINUOUS
10
3.8357628740157481
20
-3.9902622047244094
11
3.8362493307086614
21
-3.9907486614173227
0
LINE
8
BLACK
6
CONTINUOUS
10
3.8362493307086614
20
-3.9907486614173227
11
3.8368216141732283
21
-3.9911301968503938
0
LINE
8
BLACK
6
CONTINUOUS
10
3.8368216141732283
20
-3.9911301968503938
11
3.8368692913385827
21
-3.991368622047244
0
LINE
8
BLACK
6
CONTINUOUS
10
3.8368692913385827
20
-3.991368622047244
11
3.8370412992125984
21
-3.9915406299212597
0
LINE
8
BLACK
6
CONTINUOUS
10
3.8370412992125984
20
-3.9915406299212597
11
3.8372211023622045
21
-3.9924446062992125
0
LINE
8
BLACK
6
CONTINUOUS
10
3.8372211023622045
20
-3.9924446062992125
11
3.8372211023622045
21
-4.0176414566929131
0
LINE
8
BLACK
6
CONTINUOUS
10
3.8372211023622045
20
-4.0176414566929131
11
3.8427329133858268
21
-4.0176414566929131
0
LINE
8
BLACK
6
CONTINUOUS
10
3.8427329133858268
20
-4.0176414566929131
11
3.8436368897637796
21
-4.0178212598425196
0
LINE
8
BLACK
6
CONTINUOUS
10
3.8436368897637796
20
-4.0178212598425196
11
3.8449153149606299
21
-4.0190996850393699
0
LINE
8
BLACK
6
CONTINUOUS
10
3.8449153149606299
20
-4.0190996850393699
11
3.8449153149606299
21
-4.0209076377952755
0
LINE
8
BLACK
6
CONTINUOUS
10
3.8449153149606299
20
-4.0209076377952755
11
3.8436368897637796
21
-4.0221860629921258
0
LINE
8
BLACK
6
CONTINUOUS
10
3.8436368897637796
20
-4.0221860629921258
11
3.8427329133858268
21
-4.0223658661417323
0
LINE
8
BLACK
6
CONTINUOUS
10
3.8427329133858268
20
-4.0223658661417323
11
3.8269848818897638
21
-4.0223658661417323
0
LINE
8
BLACK
6
CONTINUOUS
10
3.8269848818897638
20
-4.0223658661417323
11
3.826080905511811
21
-4.0221860629921258
0
LINE
8
BLACK
6
CONTINUOUS
10
3.826080905511811
20
-4.0221860629921258
11
3.8248024803149607
21
-4.0209076377952755
0
LINE
8
BLACK
6
CONTINUOUS
10
3.8248024803149607
20
-4.0209076377952755
11
3.8248024803149607
21
-4.0190996850393699
0
LINE
8
BLACK
6
CONTINUOUS
10
3.8248024803149607
20
-4.0190996850393699
11
3.826080905511811
21
-4.0178212598425196
0
LINE
8
BLACK
6
CONTINUOUS
10
3.826080905511811
20
-4.0178212598425196
11
3.8269848818897638
21
-4.0176414566929131
0
LINE
8
BLACK
6
CONTINUOUS
10
3.8269848818897638
20
-4.0176414566929131
11
3.8324966929133857
21
-4.0176414566929131
0
LINE
8
BLACK
6
CONTINUOUS
10
3.8324966929133857
20
-4.0176414566929131
11
3.8324966929133857
21
-3.9994598031496063
0
LINE
8
BLACK
6
CONTINUOUS
10
3.8324966929133857
20
-3.9994598031496063
11
3.8312799212598425
21
-4.0006766141732282
0
LINE
8
BLACK
6
CONTINUOUS
10
3.8312799212598425
20
-4.0006766141732282
11
3.830965
21
-4.0008870078740157
0
LINE
8
BLACK
6
CONTINUOUS
10
3.830965
20
-4.0008870078740157
11
3.8306659842519686
21
-4.0011191338582677
0
LINE
8
BLACK
6
CONTINUOUS
10
3.8306659842519686
20
-4.0011191338582677
11
3.8280412598425198
21
-4.0024314566929133
0
LINE
8
BLACK
6
CONTINUOUS
10
3.8280412598425198
20
-4.0024314566929133
11
3.8271523228346456
21
-4.0026748818897637
0
LINE
8
BLACK
6
CONTINUOUS
10
3.8271523228346456
20
-4.0026748818897637
11
3.8254371259842519
21
-4.0021031496062989
0
LINE
8
BLACK
6
CONTINUOUS
10
3.8254371259842519
20
-4.0021031496062989
11
3.8246286220472441
21
-4.0004860629921257
0
LINE
8
BLACK
6
CONTINUOUS
10
3.8246286220472441
20
-4.0004860629921257
11
3.8252003543307085
21
-3.998770866141732
0
LINE
8
BLACK
6
CONTINUOUS
10
3.8252003543307085
20
-3.998770866141732
11
3.8259285039370079
21
-3.9982057874015746
0
LINE
8
BLACK
6
CONTINUOUS
10
3.8259285039370079
20
-3.9982057874015746
11
3.8282102755905512
21
-3.9970648818897638
0
LINE
8
BLACK
6
CONTINUOUS
10
3.8282102755905512
20
-3.9970648818897638
11
3.8303984251968504
21
-3.9948767322834646
0
LINE
8
BLACK
6
CONTINUOUS
10
3.8303984251968504
20
-3.9948767322834646
11
3.8328934251968505
21
-3.9911342913385828
0
LINE
8
BLACK
6
CONTINUOUS
10
3.8328934251968505
20
-3.9911342913385828
11
3.8335444488188974
21
-3.9904818897637795
0
LINE
8
BLACK
6
CONTINUOUS
10
3.8335444488188974
20
-3.9904818897637795
11
3.8337829133858268
21
-3.9904341732283464
0
LINE
8
BLACK
6
CONTINUOUS
10
3.8337829133858268
20
-3.9904341732283464
11
3.8339549212598425
21
-3.9902622047244094
0
LINE
8
BLACK
6
CONTINUOUS
10
3.8339549212598425
20
-3.9902622047244094
11
3.8346429133858266
21
-3.9902622047244094
0
LINE
8
BLACK
6
CONTINUOUS
10
3.8346429133858266
20
-3.9902622047244094
11
3.8353173228346455
21
-3.9901273228346454
0
LINE
8
BLACK
6
CONTINUOUS
10
3.8353173228346455
20
-3.9901273228346454
11
3.835519645669291
21
-3.9902622047244094
0
LINE
8
BLACK
6
CONTINUOUS
10
3.8895686614173228
20
-3.9902622047244094
11
3.8908470866141731
21
-3.9915406299212597
0
LINE
8
BLACK
6
CONTINUOUS
10
3.8908470866141731
20
-3.9915406299212597
11
3.8908470866141731
21
-3.9933485826771653
0
LINE
8
BLACK
6
CONTINUOUS
10
3.8908470866141731
20
-3.9933485826771653
11
3.8895686614173228
21
-3.9946270078740156
0
LINE
8
BLACK
6
CONTINUOUS
10
3.8895686614173228
20
-3.9946270078740156
11
3.88866468503937
21
-3.9948068110236221
0
LINE
8
BLACK
6
CONTINUOUS
10
3.88866468503937
20
-3.9948068110236221
11
3.877903503937008
21
-3.9948068110236221
0
LINE
8
BLACK
6
CONTINUOUS
10
3.877903503937008
20
-3.9948068110236221
11
3.877903503937008
21
-4.0032057480314958
0
LINE
8
BLACK
6
CONTINUOUS
10
3.877903503937008
20
-4.0032057480314958
11
3.8847276771653543
21
-4.0032057480314958
0
LINE
8
BLACK
6
CONTINUOUS
10
3.8847276771653543
20
-4.0032057480314958
11
3.8856316535433071
21
-4.0033855511811023
0
LINE
8
BLACK
6
CONTINUOUS
10
3.8856316535433071
20
-4.0033855511811023
11
3.8869100787401574
21
-4.0046639763779526
0
LINE
8
BLACK
6
CONTINUOUS
10
3.8869100787401574
20
-4.0046639763779526
11
3.8869100787401574
21
-4.0064719291338582
0
LINE
8
BLACK
6
CONTINUOUS
10
3.8869100787401574
20
-4.0064719291338582
11
3.8856316535433071
21
-4.0077503543307085
0
LINE
8
BLACK
6
CONTINUOUS
10
3.8856316535433071
20
-4.0077503543307085
11
3.8847276771653543
21
-4.007930157480315
0
LINE
8
BLACK
6
CONTINUOUS
10
3.8847276771653543
20
-4.007930157480315
11
3.877903503937008
21
-4.007930157480315
0
LINE
8
BLACK
6
CONTINUOUS
10
3.877903503937008
20
-4.007930157480315
11
3.877903503937008
21
-4.0176414566929131
0
LINE
8
BLACK
6
CONTINUOUS
10
3.877903503937008
20
-4.0176414566929131
11
3.88866468503937
21
-4.0176414566929131
0
LINE
8
BLACK
6
CONTINUOUS
10
3.88866468503937
20
-4.0176414566929131
11
3.8895686614173228
21
-4.0178212598425196
0
LINE
8
BLACK
6
CONTINUOUS
10
3.8895686614173228
20
-4.0178212598425196
11
3.8908470866141731
21
-4.0190996850393699
0
LINE
8
BLACK
6
CONTINUOUS
10
3.8908470866141731
20
-4.0190996850393699
11
3.8908470866141731
21
-4.0209076377952755
0
LINE
8
BLACK
6
CONTINUOUS
10
3.8908470866141731
20
-4.0209076377952755
11
3.8895686614173228
21
-4.0221860629921258
0
LINE
8
BLACK
6
CONTINUOUS
10
3.8895686614173228
20
-4.0221860629921258
11
3.88866468503937
21
-4.0223658661417323
0
LINE
8
BLACK
6
CONTINUOUS
10
3.88866468503937
20
-4.0223658661417323
11
3.8755412992125984
21
-4.0223658661417323
0
LINE
8
BLACK
6
CONTINUOUS
10
3.8755412992125984
20
-4.0223658661417323
11
3.8746373228346456
21
-4.0221860629921258
0
LINE
8
BLACK
6
CONTINUOUS
10
3.8746373228346456
20
-4.0221860629921258
11
3.8733588976377953
21
-4.0209076377952755
0
LINE
8
BLACK
6
CONTINUOUS
10
3.8733588976377953
20
-4.0209076377952755
11
3.8731790944881888
21
-4.0200036614173227
0
LINE
8
BLACK
6
CONTINUOUS
10
3.8731790944881888
20
-4.0200036614173227
11
3.8731790944881888
21
-3.9924446062992125
0
LINE
8
BLACK
6
CONTINUOUS
10
3.8731790944881888
20
-3.9924446062992125
11
3.8733588976377953
21
-3.9915406299212597
0
LINE
8
BLACK
6
CONTINUOUS
10
3.8733588976377953
20
-3.9915406299212597
11
3.8746373228346456
21
-3.9902622047244094
0
LINE
8
BLACK
6
CONTINUOUS
10
3.8746373228346456
20
-3.9902622047244094
11
3.8755412992125984
21
-3.9900824015748029
0
LINE
8
BLACK
6
CONTINUOUS
10
3.8755412992125984
20
-3.9900824015748029
11
3.88866468503937
21
-3.9900824015748029
0
LINE
8
BLACK
6
CONTINUOUS
10
3.88866468503937
20
-3.9900824015748029
11
3.8895686614173228
21
-3.9902622047244094
0
LINE
8
BLACK
6
CONTINUOUS
10
3.9402171653543308
20
-3.9901562598425198
11
3.9405927165354329
21
-3.9902036220472441
0
LINE
8
BLACK
6
CONTINUOUS
10
3.9405927165354329
20
-3.9902036220472441
11
3.9445297244094486
21
-3.9915159448818898
0
LINE
8
BLACK
6
CONTINUOUS
10
3.9445297244094486
20
-3.9915159448818898
11
3.9446325196850394
21
-3.9915745275590551
0
LINE
8
BLACK
6
CONTINUOUS
10
3.9446325196850394
20
-3.9915745275590551
11
3.9446867716535432
21
-3.9915745275590551
0
LINE
8
BLACK
6
CONTINUOUS
10
3.9446867716535432
20
-3.9915745275590551
11
3.9450016141732283
21
-3.9917849212598426
0
LINE
8
BLACK
6
CONTINUOUS
10
3.9450016141732283
20
-3.9917849212598426
11
3.9453304724409448
21
-3.9919723622047245
0
LINE
8
BLACK
6
CONTINUOUS
10
3.9453304724409448
20
-3.9919723622047245
11
3.9453547244094489
21
-3.9920208661417322
0
LINE
8
BLACK
6
CONTINUOUS
10
3.9453547244094489
20
-3.9920208661417322
11
3.9454531102362203
21
-3.9920866141732283
0
LINE
8
BLACK
6
CONTINUOUS
10
3.9454531102362203
20
-3.9920866141732283
11
3.9467654330708659
21
-3.9933989763779527
0
LINE
8
BLACK
6
CONTINUOUS
10
3.9467654330708659
20
-3.9933989763779527
11
3.9472774803149604
21
-3.9941653543307085
0
LINE
8
BLACK
6
CONTINUOUS
10
3.9472774803149604
20
-3.9941653543307085
11
3.9472774803149604
21
-3.9959733070866141
0
LINE
8
BLACK
6
CONTINUOUS
10
3.9472774803149604
20
-3.9959733070866141
11
3.9459990551181101
21
-3.9972516929133857
0
LINE
8
BLACK
6
CONTINUOUS
10
3.9459990551181101
20
-3.9972516929133857
11
3.9441910629921257
21
-3.9972516929133857
0
LINE
8
BLACK
6
CONTINUOUS
10
3.9441910629921257
20
-3.9972516929133857
11
3.9434247244094487
21
-3.9967396062992124
0
LINE
8
BLACK
6
CONTINUOUS
10
3.9434247244094487
20
-3.9967396062992124
11
3.9425066929133856
21
-3.9958215354330706
0
LINE
8
BLACK
6
CONTINUOUS
10
3.9425066929133856
20
-3.9958215354330706
11
3.9394624409448817
21
-3.9948068110236221
0
LINE
8
BLACK
6
CONTINUOUS
10
3.9394624409448817
20
-3.9948068110236221
11
3.93760437007874
21
-3.9948068110236221
0
LINE
8
BLACK
6
CONTINUOUS
10
3.93760437007874
20
-3.9948068110236221
11
3.9345600787401573
21
-3.9958215354330706
0
LINE
8
BLACK
6
CONTINUOUS
10
3.9345600787401573
20
-3.9958215354330706
11
3.9326007086614174
21
-3.997780905511811
0
LINE
8
BLACK
6
CONTINUOUS
10
3.9326007086614174
20
-3.997780905511811
11
3.9315757874015747
21
-3.9998307480314961
0
LINE
8
BLACK
6
CONTINUOUS
10
3.9315757874015747
20
-3.9998307480314961
11
3.9303969291338583
21
-4.0045464566929132
0
LINE
8
BLACK
6
CONTINUOUS
10
3.9303969291338583
20
-4.0045464566929132
11
3.9303969291338583
21
-4.0079017716535432
0
LINE
8
BLACK
6
CONTINUOUS
10
3.9303969291338583
20
-4.0079017716535432
11
3.9315757874015747
21
-4.0126174803149608
0
LINE
8
BLACK
6
CONTINUOUS
10
3.9315757874015747
20
-4.0126174803149608
11
3.9326007086614174
21
-4.0146673228346454
0
LINE
8
BLACK
6
CONTINUOUS
10
3.9326007086614174
20
-4.0146673228346454
11
3.9345600787401573
21
-4.0166266929133858
0
LINE
8
BLACK
6
CONTINUOUS
10
3.9345600787401573
20
-4.0166266929133858
11
3.93760437007874
21
-4.0176414566929131
0
LINE
8
BLACK
6
CONTINUOUS
10
3.93760437007874
20
-4.0176414566929131
11
3.9394624409448817
21
-4.0176414566929131
0
LINE
8
BLACK
6
CONTINUOUS
10
3.9394624409448817
20
-4.0176414566929131
11
3.9425066929133856
21
-4.0166266929133858
0
LINE
8
BLACK
6
CONTINUOUS
10
3.9425066929133856
20
-4.0166266929133858
11
3.9434247244094487
21
-4.0157086614173227
0
LINE
8
BLACK
6
CONTINUOUS
10
3.9434247244094487
20
-4.0157086614173227
11
3.9441910629921257
21
-4.0151965748031495
0
LINE
8
BLACK
6
CONTINUOUS
10
3.9441910629921257
20
-4.0151965748031495
11
3.9459990551181101
21
-4.0151965748031495
0
LINE
8
BLACK
6
CONTINUOUS
10
3.9459990551181101
20
-4.0151965748031495
11
3.9472774803149604
21
-4.016474960629921
0
LINE
8
BLACK
6
CONTINUOUS
10
3.9472774803149604
20
-4.016474960629921
11
3.9472774803149604
21
-4.0182829133858267
0
LINE
8
BLACK
6
CONTINUOUS
10
3.9472774803149604
20
-4.0182829133858267
11
3.9467654330708659
21
-4.0190492913385825
0
LINE
8
BLACK
6
CONTINUOUS
10
3.9467654330708659
20
-4.0190492913385825
11
3.9454531102362203
21
-4.0203616535433069
0
LINE
8
BLACK
6
CONTINUOUS
10
3.9454531102362203
20
-4.0203616535433069
11
3.9453547244094489
21
-4.0204273622047246
0
LINE
8
BLACK
6
CONTINUOUS
10
3.9453547244094489
20
-4.0204273622047246
11
3.9453304724409448
21
-4.0204759055118107
0
LINE
8
BLACK
6
CONTINUOUS
10
3.9453304724409448
20
-4.0204759055118107
11
3.9450016141732283
21
-4.0206633070866138
0
LINE
8
BLACK
6
CONTINUOUS
10
3.9450016141732283
20
-4.0206633070866138
11
3.9446867716535432
21
-4.0208737401574801
0
LINE
8
BLACK
6
CONTINUOUS
10
3.9446867716535432
20
-4.0208737401574801
11
3.9446325196850394
21
-4.0208737401574801
0
LINE
8
BLACK
6
CONTINUOUS
10
3.9446325196850394
20
-4.0208737401574801
11
3.9445297244094486
21
-4.0209323228346454
0
LINE
8
BLACK
6
CONTINUOUS
10
3.9445297244094486
20
-4.0209323228346454
11
3.9405927165354329
21
-4.0222446456692911
0
LINE
8
BLACK
6
CONTINUOUS
10
3.9405927165354329
20
-4.0222446456692911
11
3.9402171653543308
21
-4.0222919685039367
0
LINE
8
BLACK
6
CONTINUOUS
10
3.9402171653543308
20
-4.0222919685039367
11
3.9398457480314959
21
-4.0223658661417323
0
LINE
8
BLACK
6
CONTINUOUS
10
3.9398457480314959
20
-4.0223658661417323
11
3.9372210629921258
21
-4.0223658661417323
0
LINE
8
BLACK
6
CONTINUOUS
10
3.9372210629921258
20
-4.0223658661417323
11
3.9368496456692914
21
-4.0222919685039367
0
LINE
8
BLACK
6
CONTINUOUS
10
3.9368496456692914
20
-4.0222919685039367
11
3.9364740551181101
21
-4.0222446456692911
0
LINE
8
BLACK
6
CONTINUOUS
10
3.9364740551181101
20
-4.0222446456692911
11
3.9325370866141731
21
-4.0209323228346454
0
LINE
8
BLACK
6
CONTINUOUS
10
3.9325370866141731
20
-4.0209323228346454
11
3.9324342913385828
21
-4.0208737401574801
0
LINE
8
BLACK
6
CONTINUOUS
10
3.9324342913385828
20
-4.0208737401574801
11
3.9323800787401573
21
-4.0208737401574801
0
LINE
8
BLACK
6
CONTINUOUS
10
3.9323800787401573
20
-4.0208737401574801
11
3.9320653937007872
21
-4.0206634645669288
0
LINE
8
BLACK
6
CONTINUOUS
10
3.9320653937007872
20
-4.0206634645669288
11
3.9317363385826769
21
-4.0204759055118107
0
LINE
8
BLACK
6
CONTINUOUS
10
3.9317363385826769
20
-4.0204759055118107
11
3.9317120472440945
21
-4.0204273228346459
0
LINE
8
BLACK
6
CONTINUOUS
10
3.9317120472440945
20
-4.0204273228346459
11
3.9316137401574802
21
-4.0203616535433069
0
LINE
8
BLACK
6
CONTINUOUS
10
3.9316137401574802
20
-4.0203616535433069
11
3.9289890551181101
21
-4.0177369685039368
0
LINE
8
BLACK
6
CONTINUOUS
10
3.9289890551181101
20
-4.0177369685039368
11
3.9287786614173226
21
-4.0174221259842522
0
LINE
8
BLACK
6
CONTINUOUS
10
3.9287786614173226
20
-4.0174221259842522
11
3.9285465748031494
21
-4.0171230708661421
0
LINE
8
BLACK
6
CONTINUOUS
10
3.9285465748031494
20
-4.0171230708661421
11
3.9272342519685037
21
-4.014498385826772
0
LINE
8
BLACK
6
CONTINUOUS
10
3.9272342519685037
20
-4.014498385826772
11
3.9271659055118109
21
-4.0142489370078742
0
LINE
8
BLACK
6
CONTINUOUS
10
3.9271659055118109
20
-4.0142489370078742
11
3.9270553543307085
21
-4.0140148818897634
0
LINE
8
BLACK
6
CONTINUOUS
10
3.9270553543307085
20
-4.0140148818897634
11
3.9257430314960629
21
-4.008765551181102
0
LINE
8
BLACK
6
CONTINUOUS
10
3.9257430314960629
20
-4.008765551181102
11
3.9257289370078738
21
-4.0084763779527561
0
LINE
8
BLACK
6
CONTINUOUS
10
3.9257289370078738
20
-4.0084763779527561
11
3.9256725196850395
21
-4.0081926377952755
0
LINE
8
BLACK
6
CONTINUOUS
10
3.9256725196850395
20
-4.0081926377952755
11
3.9256725196850395
21
-4.0042556299212597
0
LINE
8
BLACK
6
CONTINUOUS
10
3.9256725196850395
20
-4.0042556299212597
11
3.9257289370078738
21
-4.0039718503937003
0
LINE
8
BLACK
6
CONTINUOUS
10
3.9257289370078738
20
-4.0039718503937003
11
3.9257430314960629
21
-4.0036827165354332
0
LINE
8
BLACK
6
CONTINUOUS
10
3.9257430314960629
20
-4.0036827165354332
11
3.9270553543307085
21
-3.9984333858267718
0
LINE
8
BLACK
6
CONTINUOUS
10
3.9270553543307085
20
-3.9984333858267718
11
3.9271659055118109
21
-3.9981992913385827
0
LINE
8
BLACK
6
CONTINUOUS
10
3.9271659055118109
20
-3.9981992913385827
11
3.9272342519685037
21
-3.9979498818897636
0
LINE
8
BLACK
6
CONTINUOUS
10
3.9272342519685037
20
-3.9979498818897636
11
3.9285465748031494
21
-3.9953251968503936
0
LINE
8
BLACK
6
CONTINUOUS
10
3.9285465748031494
20
-3.9953251968503936
11
3.9287786614173226
21
-3.9950261023622047
0
LINE
8
BLACK
6
CONTINUOUS
10
3.9287786614173226
20
-3.9950261023622047
11
3.9289890551181101
21
-3.9947112992125984
0
LINE
8
BLACK
6
CONTINUOUS
10
3.9289890551181101
20
-3.9947112992125984
11
3.9316137401574802
21
-3.9920866141732283
0
LINE
8
BLACK
6
CONTINUOUS
10
3.9316137401574802
20
-3.9920866141732283
11
3.9317120472440945
21
-3.992020905511811
0
LINE
8
BLACK
6
CONTINUOUS
10
3.9317120472440945
20
-3.992020905511811
11
3.9317363385826769
21
-3.9919723622047245
0
LINE
8
BLACK
6
CONTINUOUS
10
3.9317363385826769
20
-3.9919723622047245
11
3.9320653937007872
21
-3.9917847637795276
0
LINE
8
BLACK
6
CONTINUOUS
10
3.9320653937007872
20
-3.9917847637795276
11
3.9323800787401573
21
-3.9915745275590551
0
LINE
8
BLACK
6
CONTINUOUS
10
3.9323800787401573
20
-3.9915745275590551
11
3.9324342913385828
21
-3.9915745275590551
0
LINE
8
BLACK
6
CONTINUOUS
10
3.9324342913385828
20
-3.9915745275590551
11
3.9325370866141731
21
-3.9915159448818898
0
LINE
8
BLACK
6
CONTINUOUS
10
3.9325370866141731
20
-3.9915159448818898
11
3.9364740551181101
21
-3.9902036220472441
0
LINE
8
BLACK
6
CONTINUOUS
10
3.9364740551181101
20
-3.9902036220472441
11
3.9368496456692914
21
-3.9901562598425198
0
LINE
8
BLACK
6
CONTINUOUS
10
3.9368496456692914
20
-3.9901562598425198
11
3.9372210629921258
21
-3.9900824015748029
0
LINE
8
BLACK
6
CONTINUOUS
10
3.9372210629921258
20
-3.9900824015748029
11
3.9398457480314959
21
-3.9900824015748029
0
LINE
8
BLACK
6
CONTINUOUS
10
3.9398457480314959
20
-3.9900824015748029
11
3.9402171653543308
21
-3.9901562598425198
0
LINE
8
BLACK
6
CONTINUOUS
10
3.9675208267716533
20
-3.9901054724409448
11
3.9675722440944883
21
-3.9900883464566927
0
LINE
8
BLACK
6
CONTINUOUS
10
3.9675722440944883
20
-3.9900883464566927
11
3.9679373228346457
21
-3.9901883070866142
0
LINE
8
BLACK
6
CONTINUOUS
10
3.9679373228346457
20
-3.9901883070866142
11
3.9683087795275589
21
-3.9902622047244094
0
LINE
8
BLACK
6
CONTINUOUS
10
3.9683087795275589
20
-3.9902622047244094
11
3.9683470866141732
21
-3.9903005118110237
0
LINE
8
BLACK
6
CONTINUOUS
10
3.9683470866141732
20
-3.9903005118110237
11
3.968461181102362
21
-3.9903317716535431
0
LINE
8
BLACK
6
CONTINUOUS
10
3.968461181102362
20
-3.9903317716535431
11
3.9710859055118108
21
-3.9916440944881888
0
LINE
8
BLACK
6
CONTINUOUS
10
3.9710859055118108
20
-3.9916440944881888
11
3.9713849212598422
21
-3.991876181102362
0
LINE
8
BLACK
6
CONTINUOUS
10
3.9713849212598422
20
-3.991876181102362
11
3.9716998425196848
21
-3.9920866141732283
0
LINE
8
BLACK
6
CONTINUOUS
10
3.9716998425196848
20
-3.9920866141732283
11
3.9743244881889761
21
-3.9947112992125984
0
LINE
8
BLACK
6
CONTINUOUS
10
3.9743244881889761
20
-3.9947112992125984
11
3.9744666141732283
21
-3.9949239763779527
0
LINE
8
BLACK
6
CONTINUOUS
10
3.9744666141732283
20
-3.9949239763779527
11
3.974552125984252
21
-3.9949753149606297
0
LINE
8
BLACK
6
CONTINUOUS
10
3.974552125984252
20
-3.9949753149606297
11
3.9746757086614171
21
-3.9952369291338581
0
LINE
8
BLACK
6
CONTINUOUS
10
3.9746757086614171
20
-3.9952369291338581
11
3.9748365354330706
21
-3.9954776377952754
0
LINE
8
BLACK
6
CONTINUOUS
10
3.9748365354330706
20
-3.9954776377952754
11
3.9748365354330706
21
-3.9955774015748031
0
LINE
8
BLACK
6
CONTINUOUS
10
3.9748365354330706
20
-3.9955774015748031
11
3.9749457874015746
21
-3.9958087007874017
0
LINE
8
BLACK
6
CONTINUOUS
10
3.9749457874015746
20
-3.9958087007874017
11
3.9762581889763777
21
-4.0010580314960631
0
LINE
8
BLACK
6
CONTINUOUS
10
3.9762581889763777
20
-4.0010580314960631
11
3.976272244094488
21
-4.0013471653543302
0
LINE
8
BLACK
6
CONTINUOUS
10
3.976272244094488
20
-4.0013471653543302
11
3.9763287007874015
21
-4.0016309448818896
0
LINE
8
BLACK
6
CONTINUOUS
10
3.9763287007874015
20
-4.0016309448818896
11
3.9763287007874015
21
-4.0108173228346455
0
LINE
8
BLACK
6
CONTINUOUS
10
3.9763287007874015
20
-4.0108173228346455
11
3.976272244094488
21
-4.0111010629921262
0
LINE
8
BLACK
6
CONTINUOUS
10
3.976272244094488
20
-4.0111010629921262
11
3.9762581889763777
21
-4.0113902362204721
0
LINE
8
BLACK
6
CONTINUOUS
10
3.9762581889763777
20
-4.0113902362204721
11
3.9749457874015746
21
-4.0166395669291335
0
LINE
8
BLACK
6
CONTINUOUS
10
3.9749457874015746
20
-4.0166395669291335
11
3.9748365354330706
21
-4.0168708267716537
0
LINE
8
BLACK
6
CONTINUOUS
10
3.9748365354330706
20
-4.0168708267716537
11
3.9748365354330706
21
-4.0169706299212598
0
LINE
8
BLACK
6
CONTINUOUS
10
3.9748365354330706
20
-4.0169706299212598
11
3.9746757086614171
21
-4.0172112992125983
0
LINE
8
BLACK
6
CONTINUOUS
10
3.9746757086614171
20
-4.0172112992125983
11
3.974552125984252
21
-4.017472952755905
0
LINE
8
BLACK
6
CONTINUOUS
10
3.974552125984252
20
-4.017472952755905
11
3.9744666141732283
21
-4.0175242519685037
0
LINE
8
BLACK
6
CONTINUOUS
10
3.9744666141732283
20
-4.0175242519685037
11
3.9743244881889761
21
-4.0177369685039368
0
LINE
8
BLACK
6
CONTINUOUS
10
3.9743244881889761
20
-4.0177369685039368
11
3.9716998425196848
21
-4.0203616535433069
0
LINE
8
BLACK
6
CONTINUOUS
10
3.9716998425196848
20
-4.0203616535433069
11
3.9713849212598422
21
-4.0205720472440944
0
LINE
8
BLACK
6
CONTINUOUS
10
3.9713849212598422
20
-4.0205720472440944
11
3.9710859055118108
21
-4.0208041732283464
0
LINE
8
BLACK
6
CONTINUOUS
10
3.9710859055118108
20
-4.0208041732283464
11
3.968461181102362
21
-4.022116496062992
0
LINE
8
BLACK
6
CONTINUOUS
10
3.968461181102362
20
-4.022116496062992
11
3.9683470866141732
21
-4.0221477165354331
0
LINE
8
BLACK
6
CONTINUOUS
10
3.9683470866141732
20
-4.0221477165354331
11
3.9683087795275589
21
-4.0221860629921258
0
LINE
8
BLACK
6
CONTINUOUS
10
3.9683087795275589
20
-4.0221860629921258
11
3.9679373228346457
21
-4.0222599212598427
0
LINE
8
BLACK
6
CONTINUOUS
10
3.9679373228346457
20
-4.0222599212598427
11
3.9675722440944883
21
-4.0223599212598424
0
LINE
8
BLACK
6
CONTINUOUS
10
3.9675722440944883
20
-4.0223599212598424
11
3.9675208267716533
21
-4.0223427559055116
0
LINE
8
BLACK
6
CONTINUOUS
10
3.9675208267716533
20
-4.0223427559055116
11
3.9674048031496061
21
-4.0223658661417323
0
LINE
8
BLACK
6
CONTINUOUS
10
3.9674048031496061
20
-4.0223658661417323
11
3.9621554724409447
21
-4.0223658661417323
0
LINE
8
BLACK
6
CONTINUOUS
10
3.9621554724409447
20
-4.0223658661417323
11
3.9620394094488187
21
-4.0223427559055116
0
LINE
8
BLACK
6
CONTINUOUS
10
3.9620394094488187
20
-4.0223427559055116
11
3.9619880314960629
21
-4.0223599212598424
0
LINE
8
BLACK
6
CONTINUOUS
10
3.9619880314960629
20
-4.0223599212598424
11
3.9616229133858267
21
-4.0222599212598427
0
LINE
8
BLACK
6
CONTINUOUS
10
3.9616229133858267
20
-4.0222599212598427
11
3.9612514960629919
21
-4.0221860629921258
0
LINE
8
BLACK
6
CONTINUOUS
10
3.9612514960629919
20
-4.0221860629921258
11
3.9612131496062992
21
-4.0221477165354331
0
LINE
8
BLACK
6
CONTINUOUS
10
3.9612131496062992
20
-4.0221477165354331
11
3.9610990944881888
21
-4.022116496062992
0
LINE
8
BLACK
6
CONTINUOUS
10
3.9610990944881888
20
-4.022116496062992
11
3.9584744094488187
21
-4.0208041732283464
0
LINE
8
BLACK
6
CONTINUOUS
10
3.9584744094488187
20
-4.0208041732283464
11
3.9581752362204723
21
-4.0205720078740157
0
LINE
8
BLACK
6
CONTINUOUS
10
3.9581752362204723
20
-4.0205720078740157
11
3.957860433070866
21
-4.0203616535433069
0
LINE
8
BLACK
6
CONTINUOUS
10
3.957860433070866
20
-4.0203616535433069
11
3.9552357874015747
21
-4.0177369685039368
0
LINE
8
BLACK
6
CONTINUOUS
10
3.9552357874015747
20
-4.0177369685039368
11
3.9550936220472441
21
-4.017524212598425
0
LINE
8
BLACK
6
CONTINUOUS
10
3.9550936220472441
20
-4.017524212598425
11
3.9550081102362205
21
-4.0174729133858262
0
LINE
8
BLACK
6
CONTINUOUS
10
3.9550081102362205
20
-4.0174729133858262
11
3.9548844881889762
21
-4.0172112598425196
0
LINE
8
BLACK
6
CONTINUOUS
10
3.9548844881889762
20
-4.0172112598425196
11
3.9547237007874014
21
-4.0169706299212598
0
LINE
8
BLACK
6
CONTINUOUS
10
3.9547237007874014
20
-4.0169706299212598
11
3.9547237007874014
21
-4.0168708661417325
0
LINE
8
BLACK
6
CONTINUOUS
10
3.9547237007874014
20
-4.0168708661417325
11
3.9546144094488187
21
-4.0166395669291335
0
LINE
8
BLACK
6
CONTINUOUS
10
3.9546144094488187
20
-4.0166395669291335
11
3.953302086614173
21
-4.0113902362204721
0
LINE
8
BLACK
6
CONTINUOUS
10
3.953302086614173
20
-4.0113902362204721
11
3.953287992125984
21
-4.0111010629921262
0
LINE
8
BLACK
6
CONTINUOUS
10
3.953287992125984
20
-4.0111010629921262
11
3.9532315748031497
21
-4.0108173228346455
0
LINE
8
BLACK
6
CONTINUOUS
10
3.9532315748031497
20
-4.0108173228346455
11
3.9532315748031497
21
-4.0016309448818896
0
LINE
8
BLACK
6
CONTINUOUS
10
3.9532315748031497
20
-4.0016309448818896
11
3.953287992125984
21
-4.0013471653543302
0
LINE
8
BLACK
6
CONTINUOUS
10
3.953287992125984
20
-4.0013471653543302
11
3.953302086614173
21
-4.0010580314960631
0
LINE
8
BLACK
6
CONTINUOUS
10
3.953302086614173
20
-4.0010580314960631
11
3.9546144094488187
21
-3.9958087007874017
0
LINE
8
BLACK
6
CONTINUOUS
10
3.9546144094488187
20
-3.9958087007874017
11
3.9547237007874014
21
-3.9955773622047244
0
LINE
8
BLACK
6
CONTINUOUS
10
3.9547237007874014
20
-3.9955773622047244
11
3.9547237007874014
21
-3.9954776377952754
0
LINE
8
BLACK
6
CONTINUOUS
10
3.9547237007874014
20
-3.9954776377952754
11
3.9548844881889762
21
-3.9952369685039368
0
LINE
8
BLACK
6
CONTINUOUS
10
3.9548844881889762
20
-3.9952369685039368
11
3.9550081102362205
21
-3.9949753543307085
0
LINE
8
BLACK
6
CONTINUOUS
10
3.9550081102362205
20
-3.9949753543307085
11
3.9550936220472441
21
-3.9949240157480315
0
LINE
8
BLACK
6
CONTINUOUS
10
3.9550936220472441
20
-3.9949240157480315
11
3.9552357874015747
21
-3.9947112992125984
0
LINE
8
BLACK
6
CONTINUOUS
10
3.9552357874015747
20
-3.9947112992125984
11
3.957860433070866
21
-3.9920866141732283
0
LINE
8
BLACK
6
CONTINUOUS
10
3.957860433070866
20
-3.9920866141732283
11
3.9581752362204723
21
-3.9918762204724407
0
LINE
8
BLACK
6
CONTINUOUS
10
3.9581752362204723
20
-3.9918762204724407
11
3.9584744094488187
21
-3.9916440944881888
0
LINE
8
BLACK
6
CONTINUOUS
10
3.9584744094488187
20
-3.9916440944881888
11
3.9610990944881888
21
-3.9903317716535431
0
LINE
8
BLACK
6
CONTINUOUS
10
3.9610990944881888
20
-3.9903317716535431
11
3.9612131496062992
21
-3.9903005118110237
0
LINE
8
BLACK
6
CONTINUOUS
10
3.9612131496062992
20
-3.9903005118110237
11
3.9612514960629919
21
-3.9902622047244094
0
LINE
8
BLACK
6
CONTINUOUS
10
3.9612514960629919
20
-3.9902622047244094
11
3.9616229133858267
21
-3.9901883070866142
0
LINE
8
BLACK
6
CONTINUOUS
10
3.9616229133858267
20
-3.9901883070866142
11
3.9619880314960629
21
-3.9900883464566927
0
LINE
8
BLACK
6
CONTINUOUS
10
3.9619880314960629
20
-3.9900883464566927
11
3.9620394094488187
21
-3.9901054724409448
0
LINE
8
BLACK
6
CONTINUOUS
10
3.9620394094488187
20
-3.9901054724409448
11
3.9621554724409447
21
-3.9900824015748029
0
LINE
8
BLACK
6
CONTINUOUS
10
3.9621554724409447
20
-3.9900824015748029
11
3.9674048031496061
21
-3.9900824015748029
0
LINE
8
BLACK
6
CONTINUOUS
10
3.9674048031496061
20
-3.9900824015748029
11
3.9675208267716533
21
-3.9901054724409448
0
LINE
8
BLACK
6
CONTINUOUS
10
3.9609300393700786
20
-3.9956983070866139
11
3.9590390551181103
21
-3.9975892519685039
0
LINE
8
BLACK
6
CONTINUOUS
10
3.9590390551181103
20
-3.9975892519685039
11
3.9579559842519685
21
-4.0019217716535431
0
LINE
8
BLACK
6
CONTINUOUS
10
3.9579559842519685
20
-4.0019217716535431
11
3.9579559842519685
21
-4.0105264566929133
0
LINE
8
BLACK
6
CONTINUOUS
10
3.9579559842519685
20
-4.0105264566929133
11
3.9590390551181103
21
-4.014858976377953
0
LINE
8
BLACK
6
CONTINUOUS
10
3.9590390551181103
20
-4.014858976377953
11
3.9609300393700786
21
-4.0167499212598425
0
LINE
8
BLACK
6
CONTINUOUS
10
3.9609300393700786
20
-4.0167499212598425
11
3.9627131496062993
21
-4.0176414566929131
0
LINE
8
BLACK
6
CONTINUOUS
10
3.9627131496062993
20
-4.0176414566929131
11
3.9668471653543307
21
-4.0176414566929131
0
LINE
8
BLACK
6
CONTINUOUS
10
3.9668471653543307
20
-4.0176414566929131
11
3.9686301968503934
21
-4.0167499212598425
0
LINE
8
BLACK
6
CONTINUOUS
10
3.9686301968503934
20
-4.0167499212598425
11
3.9705211417322834
21
-4.014858976377953
0
LINE
8
BLACK
6
CONTINUOUS
10
3.9705211417322834
20
-4.014858976377953
11
3.9716042913385827
21
-4.0105265354330708
0
LINE
8
BLACK
6
CONTINUOUS
10
3.9716042913385827
20
-4.0105265354330708
11
3.9716042913385827
21
-4.0019216929133856
0
LINE
8
BLACK
6
CONTINUOUS
10
3.9716042913385827
20
-4.0019216929133856
11
3.9705211417322834
21
-3.9975892519685039
0
LINE
8
BLACK
6
CONTINUOUS
10
3.9705211417322834
20
-3.9975892519685039
11
3.9686301968503934
21
-3.9956983070866139
0
LINE
8
BLACK
6
CONTINUOUS
10
3.9686301968503934
20
-3.9956983070866139
11
3.9668471653543307
21
-3.9948068110236221
0
LINE
8
BLACK
6
CONTINUOUS
10
3.9668471653543307
20
-3.9948068110236221
11
3.9627131496062993
21
-3.9948068110236221
0
LINE
8
BLACK
6
CONTINUOUS
10
3.9627131496062993
20
-3.9948068110236221
11
3.9609300393700786
21
-3.9956983070866139
0
LINE
8
BLACK
6
CONTINUOUS
10
3.992710590551181
20
-3.9901562598425198
11
3.9930861417322832
21
-3.9902036220472441
0
LINE
8
BLACK
6
CONTINUOUS
10
3.9930861417322832
20
-3.9902036220472441
11
3.9970231496062993
21
-3.9915159448818898
0
LINE
8
BLACK
6
CONTINUOUS
10
3.9970231496062993
20
-3.9915159448818898
11
3.9971259448818897
21
-3.9915745275590551
0
LINE
8
BLACK
6
CONTINUOUS
10
3.9971259448818897
20
-3.9915745275590551
11
3.9971801574803147
21
-3.9915745275590551
0
LINE
8
BLACK
6
CONTINUOUS
10
3.9971801574803147
20
-3.9915745275590551
11
3.997494803149606
21
-3.9917847637795276
0
LINE
8
BLACK
6
CONTINUOUS
10
3.997494803149606
20
-3.9917847637795276
11
3.9978238976377951
21
-3.9919723622047245
0
LINE
8
BLACK
6
CONTINUOUS
10
3.9978238976377951
20
-3.9919723622047245
11
3.9978481496062992
21
-3.992020905511811
0
LINE
8
BLACK
6
CONTINUOUS
10
3.9978481496062992
20
-3.992020905511811
11
3.9979464960629922
21
-3.9920866141732283
0
LINE
8
BLACK
6
CONTINUOUS
10
3.9979464960629922
20
-3.9920866141732283
11
4.0005711811023623
21
-3.9947112598425196
0
LINE
8
BLACK
6
CONTINUOUS
10
4.0005711811023623
20
-3.9947112598425196
11
4.0007815354330711
21
-3.9950260629921259
0
LINE
8
BLACK
6
CONTINUOUS
10
4.0007815354330711
20
-3.9950260629921259
11
4.0010137007874018
21
-3.9953252362204723
0
LINE
8
BLACK
6
CONTINUOUS
10
4.0010137007874018
20
-3.9953252362204723
11
4.0023260236220475
21
-3.9979499212598424
0
LINE
8
BLACK
6
CONTINUOUS
10
4.0023260236220475
20
-3.9979499212598424
11
4.0023943307086611
21
-3.9981993700787402
0
LINE
8
BLACK
6
CONTINUOUS
10
4.0023943307086611
20
-3.9981993700787402
11
4.0025048818897639
21
-3.9984333858267718
0
LINE
8
BLACK
6
CONTINUOUS
10
4.0025048818897639
20
-3.9984333858267718
11
4.0038171653543309
21
-4.0036827165354332
0
LINE
8
BLACK
6
CONTINUOUS
10
4.0038171653543309
20
-4.0036827165354332
11
4.0038312204724411
21
-4.0039716929133862
0
LINE
8
BLACK
6
CONTINUOUS
10
4.0038312204724411
20
-4.0039716929133862
11
4.0038877165354334
21
-4.0042556299212597
0
LINE
8
BLACK
6
CONTINUOUS
10
4.0038877165354334
20
-4.0042556299212597
11
4.0038877165354334
21
-4.0081926377952755
0
LINE
8
BLACK
6
CONTINUOUS
10
4.0038877165354334
20
-4.0081926377952755
11
4.0038312204724411
21
-4.0084765354330711
0
LINE
8
BLACK
6
CONTINUOUS
10
4.0038312204724411
20
-4.0084765354330711
11
4.0038171653543309
21
-4.008765551181102
0
LINE
8
BLACK
6
CONTINUOUS
10
4.0038171653543309
20
-4.008765551181102
11
4.0025048818897639
21
-4.0140148818897634
0
LINE
8
BLACK
6
CONTINUOUS
10
4.0025048818897639
20
-4.0140148818897634
11
4.0023943307086611
21
-4.0142488582677167
0
LINE
8
BLACK
6
CONTINUOUS
10
4.0023943307086611
20
-4.0142488582677167
11
4.0023260236220475
21
-4.0144983464566932
0
LINE
8
BLACK
6
CONTINUOUS
10
4.0023260236220475
20
-4.0144983464566932
11
4.0010137007874018
21
-4.0171230314960633
0
LINE
8
BLACK
6
CONTINUOUS
10
4.0010137007874018
20
-4.0171230314960633
11
4.0007815354330711
21
-4.0174221653543309
0
LINE
8
BLACK
6
CONTINUOUS
10
4.0007815354330711
20
-4.0174221653543309
11
4.0005711811023623
21
-4.0177370078740156
0
LINE
8
BLACK
6
CONTINUOUS
10
4.0005711811023623
20
-4.0177370078740156
11
3.9979464960629922
21
-4.0203616535433069
0
LINE
8
BLACK
6
CONTINUOUS
10
3.9979464960629922
20
-4.0203616535433069
11
3.9978481496062992
21
-4.0204273228346459
0
LINE
8
BLACK
6
CONTINUOUS
10
3.9978481496062992
20
-4.0204273228346459
11
3.9978238976377951
21
-4.0204759055118107
0
LINE
8
BLACK
6
CONTINUOUS
10
3.9978238976377951
20
-4.0204759055118107
11
3.997494803149606
21
-4.0206634645669288
0
LINE
8
BLACK
6
CONTINUOUS
10
3.997494803149606
20
-4.0206634645669288
11
3.9971801574803147
21
-4.0208737401574801
0
LINE
8
BLACK
6
CONTINUOUS
10
3.9971801574803147
20
-4.0208737401574801
11
3.9971259448818897
21
-4.0208737401574801
0
LINE
8
BLACK
6
CONTINUOUS
10
3.9971259448818897
20
-4.0208737401574801
11
3.9970231496062993
21
-4.0209323228346454
0
LINE
8
BLACK
6
CONTINUOUS
10
3.9970231496062993
20
-4.0209323228346454
11
3.9930861417322832
21
-4.0222446456692911
0
LINE
8
BLACK
6
CONTINUOUS
10
3.9930861417322832
20
-4.0222446456692911
11
3.992710590551181
21
-4.0222919685039367
0
LINE
8
BLACK
6
CONTINUOUS
10
3.992710590551181
20
-4.0222919685039367
11
3.9923391732283462
21
-4.0223658661417323
0
LINE
8
BLACK
6
CONTINUOUS
10
3.9923391732283462
20
-4.0223658661417323
11
3.9857774803149604
21
-4.0223658661417323
0
LINE
8
BLACK
6
CONTINUOUS
10
3.9857774803149604
20
-4.0223658661417323
11
3.9848735039370076
21
-4.0221860629921258
0
LINE
8
BLACK
6
CONTINUOUS
10
3.9848735039370076
20
-4.0221860629921258
11
3.9835950787401573
21
-4.0209076377952755
0
LINE
8
BLACK
6
CONTINUOUS
10
3.9835950787401573
20
-4.0209076377952755
11
3.9834152755905512
21
-4.0200036614173227
0
LINE
8
BLACK
6
CONTINUOUS
10
3.9834152755905512
20
-4.0200036614173227
11
3.9834152755905512
21
-3.9924446062992125
0
LINE
8
BLACK
6
CONTINUOUS
10
3.9834152755905512
20
-3.9924446062992125
11
3.9835950787401573
21
-3.9915406299212597
0
LINE
8
BLACK
6
CONTINUOUS
10
3.9835950787401573
20
-3.9915406299212597
11
3.9848735039370076
21
-3.9902622047244094
0
LINE
8
BLACK
6
CONTINUOUS
10
3.9848735039370076
20
-3.9902622047244094
11
3.9857774803149604
21
-3.9900824015748029
0
LINE
8
BLACK
6
CONTINUOUS
10
3.9857774803149604
20
-3.9900824015748029
11
3.9923391732283462
21
-3.9900824015748029
0
LINE
8
BLACK
6
CONTINUOUS
10
3.9923391732283462
20
-3.9900824015748029
11
3.992710590551181
21
-3.9901562598425198
0
LINE
8
BLACK
6
CONTINUOUS
10
3.98813968503937
20
-4.0176414566929131
11
3.991955866141732
21
-4.0176414566929131
0
LINE
8
BLACK
6
CONTINUOUS
10
3.991955866141732
20
-4.0176414566929131
11
3.9950001968503934
21
-4.0166266535433071
0
LINE
8
BLACK
6
CONTINUOUS
10
3.9950001968503934
20
-4.0166266535433071
11
3.9969594488188975
21
-4.0146673622047242
0
LINE
8
BLACK
6
CONTINUOUS
10
3.9969594488188975
20
-4.0146673622047242
11
3.9979843700787399
21
-4.0126174803149608
0
LINE
8
BLACK
6
CONTINUOUS
10
3.9979843700787399
20
-4.0126174803149608
11
3.9991633070866142
21
-4.0079017716535432
0
LINE
8
BLACK
6
CONTINUOUS
10
3.9991633070866142
20
-4.0079017716535432
11
3.9991633070866142
21
-4.0045464566929132
0
LINE
8
BLACK
6
CONTINUOUS
10
3.9991633070866142
20
-4.0045464566929132
11
3.9979843700787399
21
-3.9998307480314961
0
LINE
8
BLACK
6
CONTINUOUS
10
3.9979843700787399
20
-3.9998307480314961
11
3.9969594488188975
21
-3.9977808661417322
0
LINE
8
BLACK
6
CONTINUOUS
10
3.9969594488188975
20
-3.9977808661417322
11
3.9950001968503934
21
-3.9958215748031494
0
LINE
8
BLACK
6
CONTINUOUS
10
3.9950001968503934
20
-3.9958215748031494
11
3.991955866141732
21
-3.9948068110236221
0
LINE
8
BLACK
6
CONTINUOUS
10
3.991955866141732
20
-3.9948068110236221
11
3.98813968503937
21
-3.9948068110236221
0
LINE
8
BLACK
6
CONTINUOUS
10
3.98813968503937
20
-3.9948068110236221
11
3.98813968503937
21
-4.0176414566929131
0
LINE
8
BLACK
6
CONTINUOUS
10
4.0273638976377955
20
-3.9902622047244094
11
4.0286423228346457
21
-3.9915406299212597
0
LINE
8
BLACK
6
CONTINUOUS
10
4.0286423228346457
20
-3.9915406299212597
11
4.0286423228346457
21
-3.9933485826771653
0
LINE
8
BLACK
6
CONTINUOUS
10
4.0286423228346457
20
-3.9933485826771653
11
4.0273638976377955
21
-3.9946270078740156
0
LINE
8
BLACK
6
CONTINUOUS
10
4.0273638976377955
20
-3.9946270078740156
11
4.0264599212598426
21
-3.9948068110236221
0
LINE
8
BLACK
6
CONTINUOUS
10
4.0264599212598426
20
-3.9948068110236221
11
4.0156987401574806
21
-3.9948068110236221
0
LINE
8
BLACK
6
CONTINUOUS
10
4.0156987401574806
20
-3.9948068110236221
11
4.0156987401574806
21
-4.0032057480314958
0
LINE
8
BLACK
6
CONTINUOUS
10
4.0156987401574806
20
-4.0032057480314958
11
4.0225229133858269
21
-4.0032057480314958
0
LINE
8
BLACK
6
CONTINUOUS
10
4.0225229133858269
20
-4.0032057480314958
11
4.0234268897637797
21
-4.0033855511811023
0
LINE
8
BLACK
6
CONTINUOUS
10
4.0234268897637797
20
-4.0033855511811023
11
4.02470531496063
21
-4.0046639763779526
0
LINE
8
BLACK
6
CONTINUOUS
10
4.02470531496063
20
-4.0046639763779526
11
4.02470531496063
21
-4.0064719291338582
0
LINE
8
BLACK
6
CONTINUOUS
10
4.02470531496063
20
-4.0064719291338582
11
4.0234268897637797
21
-4.0077503543307085
0
LINE
8
BLACK
6
CONTINUOUS
10
4.0234268897637797
20
-4.0077503543307085
11
4.0225229133858269
21
-4.007930157480315
0
LINE
8
BLACK
6
CONTINUOUS
10
4.0225229133858269
20
-4.007930157480315
11
4.0156987401574806
21
-4.007930157480315
0
LINE
8
BLACK
6
CONTINUOUS
10
4.0156987401574806
20
-4.007930157480315
11
4.0156987401574806
21
-4.0176414566929131
0
LINE
8
BLACK
6
CONTINUOUS
10
4.0156987401574806
20
-4.0176414566929131
11
4.0264599212598426
21
-4.0176414566929131
0
LINE
8
BLACK
6
CONTINUOUS
10
4.0264599212598426
20
-4.0176414566929131
11
4.0273638976377955
21
-4.0178212598425196
0
LINE
8
BLACK
6
CONTINUOUS
10
4.0273638976377955
20
-4.0178212598425196
11
4.0286423228346457
21
-4.0190996850393699
0
LINE
8
BLACK
6
CONTINUOUS
10
4.0286423228346457
20
-4.0190996850393699
11
4.0286423228346457
21
-4.0209076377952755
0
LINE
8
BLACK
6
CONTINUOUS
10
4.0286423228346457
20
-4.0209076377952755
11
4.0273638976377955
21
-4.0221860629921258
0
LINE
8
BLACK
6
CONTINUOUS
10
4.0273638976377955
20
-4.0221860629921258
11
4.0264599212598426
21
-4.0223658661417323
0
LINE
8
BLACK
6
CONTINUOUS
10
4.0264599212598426
20
-4.0223658661417323
11
4.013336535433071
21
-4.0223658661417323
0
LINE
8
BLACK
6
CONTINUOUS
10
4.013336535433071
20
-4.0223658661417323
11
4.0124325590551182
21
-4.0221860629921258
0
LINE
8
BLACK
6
CONTINUOUS
10
4.0124325590551182
20
-4.0221860629921258
11
4.0111541338582679
21
-4.0209076377952755
0
LINE
8
BLACK
6
CONTINUOUS
10
4.0111541338582679
20
-4.0209076377952755
11
4.0109743307086614
21
-4.0200036614173227
0
LINE
8
BLACK
6
CONTINUOUS
10
4.0109743307086614
20
-4.0200036614173227
11
4.0109743307086614
21
-3.9924446062992125
0
LINE
8
BLACK
6
CONTINUOUS
10
4.0109743307086614
20
-3.9924446062992125
11
4.0111541338582679
21
-3.9915406299212597
0
LINE
8
BLACK
6
CONTINUOUS
10
4.0111541338582679
20
-3.9915406299212597
11
4.0124325590551182
21
-3.9902622047244094
0
LINE
8
BLACK
6
CONTINUOUS
10
4.0124325590551182
20
-3.9902622047244094
11
4.013336535433071
21
-3.9900824015748029
0
LINE
8
BLACK
6
CONTINUOUS
10
4.013336535433071
20
-3.9900824015748029
11
4.0264599212598426
21
-3.9900824015748029
0
LINE
8
BLACK
6
CONTINUOUS
10
4.0264599212598426
20
-3.9900824015748029
11
4.0273638976377955
21
-3.9902622047244094
0
LINE
8
BLACK
6
CONTINUOUS
10
4.0940497637795277
20
-3.9902622047244094
11
4.0942929921259843
21
-3.9902622047244094
0
LINE
8
BLACK
6
CONTINUOUS
10
4.0942929921259843
20
-3.9902622047244094
11
4.0947794488188975
21
-3.9907486614173227
0
LINE
8
BLACK
6
CONTINUOUS
10
4.0947794488188975
20
-3.9907486614173227
11
4.0953517322834641
21
-3.9911301968503938
0
LINE
8
BLACK
6
CONTINUOUS
10
4.0953517322834641
20
-3.9911301968503938
11
4.0953994094488184
21
-3.991368622047244
0
LINE
8
BLACK
6
CONTINUOUS
10
4.0953994094488184
20
-3.991368622047244
11
4.0955714173228346
21
-3.9915406299212597
0
LINE
8
BLACK
6
CONTINUOUS
10
4.0955714173228346
20
-3.9915406299212597
11
4.0957512204724411
21
-3.9924446062992125
0
LINE
8
BLACK
6
CONTINUOUS
10
4.0957512204724411
20
-3.9924446062992125
11
4.0957512204724411
21
-4.0176414566929131
0
LINE
8
BLACK
6
CONTINUOUS
10
4.0957512204724411
20
-4.0176414566929131
11
4.101263031496063
21
-4.0176414566929131
0
LINE
8
BLACK
6
CONTINUOUS
10
4.101263031496063
20
-4.0176414566929131
11
4.1021670078740158
21
-4.0178212598425196
0
LINE
8
BLACK
6
CONTINUOUS
10
4.1021670078740158
20
-4.0178212598425196
11
4.1034454330708661
21
-4.0190996850393699
0
LINE
8
BLACK
6
CONTINUOUS
10
4.1034454330708661
20
-4.0190996850393699
11
4.1034454330708661
21
-4.0209076377952755
0
LINE
8
BLACK
6
CONTINUOUS
10
4.1034454330708661
20
-4.0209076377952755
11
4.1021670078740158
21
-4.0221860629921258
0
LINE
8
BLACK
6
CONTINUOUS
10
4.1021670078740158
20
-4.0221860629921258
11
4.101263031496063
21
-4.0223658661417323
0
LINE
8
BLACK
6
CONTINUOUS
10
4.101263031496063
20
-4.0223658661417323
11
4.085515
21
-4.0223658661417323
0
LINE
8
BLACK
6
CONTINUOUS
10
4.085515
20
-4.0223658661417323
11
4.0846110236220472
21
-4.0221860629921258
0
LINE
8
BLACK
6
CONTINUOUS
10
4.0846110236220472
20
-4.0221860629921258
11
4.0833325984251969
21
-4.0209076377952755
0
LINE
8
BLACK
6
CONTINUOUS
10
4.0833325984251969
20
-4.0209076377952755
11
4.0833325984251969
21
-4.0190996850393699
0
LINE
8
BLACK
6
CONTINUOUS
10
4.0833325984251969
20
-4.0190996850393699
11
4.0846110236220472
21
-4.0178212598425196
0
LINE
8
BLACK
6
CONTINUOUS
10
4.0846110236220472
20
-4.0178212598425196
11
4.085515
21
-4.0176414566929131
0
LINE
8
BLACK
6
CONTINUOUS
10
4.085515
20
-4.0176414566929131
11
4.0910268110236219
21
-4.0176414566929131
0
LINE
8
BLACK
6
CONTINUOUS
10
4.0910268110236219
20
-4.0176414566929131
11
4.0910268110236219
21
-3.9994598031496063
0
LINE
8
BLACK
6
CONTINUOUS
10
4.0910268110236219
20
-3.9994598031496063
11
4.0898100393700787
21
-4.0006766141732282
0
LINE
8
BLACK
6
CONTINUOUS
10
4.0898100393700787
20
-4.0006766141732282
11
4.0894951181102357
21
-4.0008870078740157
0
LINE
8
BLACK
6
CONTINUOUS
10
4.0894951181102357
20
-4.0008870078740157
11
4.0891961023622043
21
-4.0011191338582677
0
LINE
8
BLACK
6
CONTINUOUS
10
4.0891961023622043
20
-4.0011191338582677
11
4.0865713779527555
21
-4.0024314566929133
0
LINE
8
BLACK
6
CONTINUOUS
10
4.0865713779527555
20
-4.0024314566929133
11
4.0856824409448818
21
-4.0026748818897637
0
LINE
8
BLACK
6
CONTINUOUS
10
4.0856824409448818
20
-4.0026748818897637
11
4.0839672440944881
21
-4.0021031496062989
0
LINE
8
BLACK
6
CONTINUOUS
10
4.0839672440944881
20
-4.0021031496062989
11
4.0831587401574803
21
-4.0004860629921257
0
LINE
8
BLACK
6
CONTINUOUS
10
4.0831587401574803
20
-4.0004860629921257
11
4.0837304724409451
21
-3.998770866141732
0
LINE
8
BLACK
6
CONTINUOUS
10
4.0837304724409451
20
-3.998770866141732
11
4.0844586220472436
21
-3.9982057874015746
0
LINE
8
BLACK
6
CONTINUOUS
10
4.0844586220472436
20
-3.9982057874015746
11
4.0867403937007873
21
-3.9970648818897638
0
LINE
8
BLACK
6
CONTINUOUS
10
4.0867403937007873
20
-3.9970648818897638
11
4.0889285433070865
21
-3.9948767322834646
0
LINE
8
BLACK
6
CONTINUOUS
10
4.0889285433070865
20
-3.9948767322834646
11
4.0914235433070862
21
-3.9911342913385828
0
LINE
8
BLACK
6
CONTINUOUS
10
4.0914235433070862
20
-3.9911342913385828
11
4.0920745669291341
21
-3.9904818897637795
0
LINE
8
BLACK
6
CONTINUOUS
10
4.0920745669291341
20
-3.9904818897637795
11
4.0923130314960625
21
-3.9904341732283464
0
LINE
8
BLACK
6
CONTINUOUS
10
4.0923130314960625
20
-3.9904341732283464
11
4.0924850393700787
21
-3.9902622047244094
0
LINE
8
BLACK
6
CONTINUOUS
10
4.0924850393700787
20
-3.9902622047244094
11
4.0931730314960628
21
-3.9902622047244094
0
LINE
8
BLACK
6
CONTINUOUS
10
4.0931730314960628
20
-3.9902622047244094
11
4.0938474409448817
21
-3.9901273228346454
0
LINE
8
BLACK
6
CONTINUOUS
10
4.0938474409448817
20
-3.9901273228346454
11
4.0940497637795277
21
-3.9902622047244094
0
LINE
8
BLACK
6
CONTINUOUS
10
4.1223764566929129
20
-3.9901054724409448
11
4.1224278740157478
21
-3.9900883464566927
0
LINE
8
BLACK
6
CONTINUOUS
10
4.1224278740157478
20
-3.9900883464566927
11
4.1227930314960632
21
-3.9901883070866142
0
LINE
8
BLACK
6
CONTINUOUS
10
4.1227930314960632
20
-3.9901883070866142
11
4.1231644094488189
21
-3.9902622047244094
0
LINE
8
BLACK
6
CONTINUOUS
10
4.1231644094488189
20
-3.9902622047244094
11
4.1232027165354328
21
-3.9903005118110237
0
LINE
8
BLACK
6
CONTINUOUS
10
4.1232027165354328
20
-3.9903005118110237
11
4.1233168503937003
21
-3.9903317716535431
0
LINE
8
BLACK
6
CONTINUOUS
10
4.1233168503937003
20
-3.9903317716535431
11
4.1259414960629917
21
-3.9916440944881888
0
LINE
8
BLACK
6
CONTINUOUS
10
4.1259414960629917
20
-3.9916440944881888
11
4.1262407480314955
21
-3.9918763779527557
0
LINE
8
BLACK
6
CONTINUOUS
10
4.1262407480314955
20
-3.9918763779527557
11
4.1265553937007873
21
-3.9920866141732283
0
LINE
8
BLACK
6
CONTINUOUS
10
4.1265553937007873
20
-3.9920866141732283
11
4.1278677559055117
21
-3.993398937007874
0
LINE
8
BLACK
6
CONTINUOUS
10
4.1278677559055117
20
-3.993398937007874
11
4.1280780708661418
21
-3.9937137007874015
0
LINE
8
BLACK
6
CONTINUOUS
10
4.1280780708661418
20
-3.9937137007874015
11
4.1283102755905512
21
-3.9940128740157479
0
LINE
8
BLACK
6
CONTINUOUS
10
4.1283102755905512
20
-3.9940128740157479
11
4.1296225984251969
21
-3.9966375196850392
0
LINE
8
BLACK
6
CONTINUOUS
10
4.1296225984251969
20
-3.9966375196850392
11
4.1296538188976379
21
-3.9967516141732284
0
LINE
8
BLACK
6
CONTINUOUS
10
4.1296538188976379
20
-3.9967516141732284
11
4.1296921653543306
21
-3.9967899606299211
0
LINE
8
BLACK
6
CONTINUOUS
10
4.1296921653543306
20
-3.9967899606299211
11
4.1297660236220475
21
-3.9971612992125984
0
LINE
8
BLACK
6
CONTINUOUS
10
4.1297660236220475
20
-3.9971612992125984
11
4.1298660236220472
21
-3.9975264960629922
0
LINE
8
BLACK
6
CONTINUOUS
10
4.1298660236220472
20
-3.9975264960629922
11
4.1298488582677164
21
-3.9975778740157479
0
LINE
8
BLACK
6
CONTINUOUS
10
4.1298488582677164
20
-3.9975778740157479
11
4.1298719685039371
21
-3.9976939370078739
0
LINE
8
BLACK
6
CONTINUOUS
10
4.1298719685039371
20
-3.9976939370078739
11
4.1298719685039371
21
-4.000318622047244
0
LINE
8
BLACK
6
CONTINUOUS
10
4.1298719685039371
20
-4.000318622047244
11
4.1297980708661415
21
-4.0006899999999996
0
LINE
8
BLACK
6
CONTINUOUS
10
4.1297980708661415
20
-4.0006899999999996
11
4.1297507480314959
21
-4.0010656299212597
0
LINE
8
BLACK
6
CONTINUOUS
10
4.1297507480314959
20
-4.0010656299212597
11
4.1284384251968502
21
-4.0050025984251967
0
LINE
8
BLACK
6
CONTINUOUS
10
4.1284384251968502
20
-4.0050025984251967
11
4.1283798425196849
21
-4.0051053543307082
0
LINE
8
BLACK
6
CONTINUOUS
10
4.1283798425196849
20
-4.0051053543307082
11
4.1283798425196849
21
-4.0051596062992125
0
LINE
8
BLACK
6
CONTINUOUS
10
4.1283798425196849
20
-4.0051596062992125
11
4.1281694881889761
21
-4.0054743307086618
0
LINE
8
BLACK
6
CONTINUOUS
10
4.1281694881889761
20
-4.0054743307086618
11
4.1279820078740155
21
-4.0058033464566929
0
LINE
8
BLACK
6
CONTINUOUS
10
4.1279820078740155
20
-4.0058033464566929
11
4.1279334645669294
21
-4.0058275984251965
0
LINE
8
BLACK
6
CONTINUOUS
10
4.1279334645669294
20
-4.0058275984251965
11
4.1278677559055117
21
-4.0059259842519683
0
LINE
8
BLACK
6
CONTINUOUS
10
4.1278677559055117
20
-4.0059259842519683
11
4.1161522440944882
21
-4.0176414566929131
0
LINE
8
BLACK
6
CONTINUOUS
10
4.1161522440944882
20
-4.0176414566929131
11
4.1275097637795275
21
-4.0176414566929131
0
LINE
8
BLACK
6
CONTINUOUS
10
4.1275097637795275
20
-4.0176414566929131
11
4.1284137401574803
21
-4.0178212598425196
0
LINE
8
BLACK
6
CONTINUOUS
10
4.1284137401574803
20
-4.0178212598425196
11
4.1296921653543306
21
-4.0190996850393699
0
LINE
8
BLACK
6
CONTINUOUS
10
4.1296921653543306
20
-4.0190996850393699
11
4.1296921653543306
21
-4.0209076377952755
0
LINE
8
BLACK
6
CONTINUOUS
10
4.1296921653543306
20
-4.0209076377952755
11
4.1284137401574803
21
-4.0221860629921258
0
LINE
8
BLACK
6
CONTINUOUS
10
4.1284137401574803
20
-4.0221860629921258
11
4.1275097637795275
21
-4.0223658661417323
0
LINE
8
BLACK
6
CONTINUOUS
10
4.1275097637795275
20
-4.0223658661417323
11
4.1104494094488189
21
-4.0223658661417323
0
LINE
8
BLACK
6
CONTINUOUS
10
4.1104494094488189
20
-4.0223658661417323
11
4.1095454330708661
21
-4.0221860629921258
0
LINE
8
BLACK
6
CONTINUOUS
10
4.1095454330708661
20
-4.0221860629921258
11
4.1082670078740158
21
-4.0209076377952755
0
LINE
8
BLACK
6
CONTINUOUS
10
4.1082670078740158
20
-4.0209076377952755
11
4.1082670078740158
21
-4.0190996850393699
0
LINE
8
BLACK
6
CONTINUOUS
10
4.1082670078740158
20
-4.0190996850393699
11
4.108779094488189
21
-4.0183333464566928
0
LINE
8
BLACK
6
CONTINUOUS
10
4.108779094488189
20
-4.0183333464566928
11
4.1241327952755906
21
-4.0029795669291337
0
LINE
8
BLACK
6
CONTINUOUS
10
4.1241327952755906
20
-4.0029795669291337
11
4.1251475590551179
21
-3.9999353149606298
0
LINE
8
BLACK
6
CONTINUOUS
10
4.1251475590551179
20
-3.9999353149606298
11
4.1251475590551179
21
-3.9982516141732281
0
LINE
8
BLACK
6
CONTINUOUS
10
4.1251475590551179
20
-3.9982516141732281
11
4.1242559842519686
21
-3.9964685039370078
0
LINE
8
BLACK
6
CONTINUOUS
10
4.1242559842519686
20
-3.9964685039370078
11
4.1234858661417322
21
-3.9956983464566926
0
LINE
8
BLACK
6
CONTINUOUS
10
4.1234858661417322
20
-3.9956983464566926
11
4.1217027559055115
21
-3.9948068110236221
0
LINE
8
BLACK
6
CONTINUOUS
10
4.1217027559055115
20
-3.9948068110236221
11
4.1162564173228349
21
-3.9948068110236221
0
LINE
8
BLACK
6
CONTINUOUS
10
4.1162564173228349
20
-3.9948068110236221
11
4.1144733464566929
21
-3.9956983070866139
0
LINE
8
BLACK
6
CONTINUOUS
10
4.1144733464566929
20
-3.9956983070866139
11
4.1134320866141731
21
-3.9967396062992124
0
LINE
8
BLACK
6
CONTINUOUS
10
4.1134320866141731
20
-3.9967396062992124
11
4.1126657480314961
21
-3.9972516929133857
0
LINE
8
BLACK
6
CONTINUOUS
10
4.1126657480314961
20
-3.9972516929133857
11
4.1108577952755905
21
-3.9972516929133857
0
LINE
8
BLACK
6
CONTINUOUS
10
4.1108577952755905
20
-3.9972516929133857
11
4.1095793307086614
21
-3.9959733070866141
0
LINE
8
BLACK
6
CONTINUOUS
10
4.1095793307086614
20
-3.9959733070866141
11
4.1095793307086614
21
-3.9941653543307085
0
LINE
8
BLACK
6
CONTINUOUS
10
4.1095793307086614
20
-3.9941653543307085
11
4.1100913779527559
21
-3.9933989763779527
0
LINE
8
BLACK
6
CONTINUOUS
10
4.1100913779527559
20
-3.9933989763779527
11
4.1114037007874016
21
-3.9920866141732283
0
LINE
8
BLACK
6
CONTINUOUS
10
4.1114037007874016
20
-3.9920866141732283
11
4.1117185826771649
21
-3.9918761417322832
0
LINE
8
BLACK
6
CONTINUOUS
10
4.1117185826771649
20
-3.9918761417322832
11
4.1120176771653538
21
-3.9916440944881888
0
LINE
8
BLACK
6
CONTINUOUS
10
4.1120176771653538
20
-3.9916440944881888
11
4.1146423622047239
21
-3.9903317716535431
0
LINE
8
BLACK
6
CONTINUOUS
10
4.1146423622047239
20
-3.9903317716535431
11
4.1147564173228348
21
-3.9903005118110237
0
LINE
8
BLACK
6
CONTINUOUS
10
4.1147564173228348
20
-3.9903005118110237
11
4.1147947637795275
21
-3.9902622047244094
0
LINE
8
BLACK
6
CONTINUOUS
10
4.1147947637795275
20
-3.9902622047244094
11
4.1151661811023619
21
-3.9901883070866142
0
LINE
8
BLACK
6
CONTINUOUS
10
4.1151661811023619
20
-3.9901883070866142
11
4.1155312992125985
21
-3.9900883464566927
0
LINE
8
BLACK
6
CONTINUOUS
10
4.1155312992125985
20
-3.9900883464566927
11
4.1155826771653539
21
-3.9901054724409448
0
LINE
8
BLACK
6
CONTINUOUS
10
4.1155826771653539
20
-3.9901054724409448
11
4.1156987401574803
21
-3.9900824015748029
0
LINE
8
BLACK
6
CONTINUOUS
10
4.1156987401574803
20
-3.9900824015748029
11
4.1222604330708661
21
-3.9900824015748029
0
LINE
8
BLACK
6
CONTINUOUS
10
4.1222604330708661
20
-3.9900824015748029
11
4.1223764566929129
21
-3.9901054724409448
0
LINE
8
BLACK
6
CONTINUOUS
10
3.7915713385826773
20
-3.9900862598425197
11
3.791580590551181
21
-3.9900825984251966
0
LINE
8
BLACK
6
CONTINUOUS
10
3.791580590551181
20
-3.9900825984251966
11
3.7916046850393701
21
-3.9900929133858267
0
LINE
8
BLACK
6
CONTINUOUS
10
3.7916046850393701
20
-3.9900929133858267
11
3.7924557480314958
21
-3.9902622047244094
0
LINE
8
BLACK
6
CONTINUOUS
10
3.7924557480314958
20
-3.9902622047244094
11
3.7927977952755905
21
-3.9906042519685037
0
LINE
8
BLACK
6
CONTINUOUS
10
3.7927977952755905
20
-3.9906042519685037
11
3.7932423228346455
21
-3.9907947637795274
0
LINE
8
BLACK
6
CONTINUOUS
10
3.7932423228346455
20
-3.9907947637795274
11
3.7934116535433069
21
-3.9912181102362205
0
LINE
8
BLACK
6
CONTINUOUS
10
3.7934116535433069
20
-3.9912181102362205
11
3.7937341732283465
21
-3.9915406299212597
0
LINE
8
BLACK
6
CONTINUOUS
10
3.7937341732283465
20
-3.9915406299212597
11
3.7937341732283465
21
-3.9920243307086611
0
LINE
8
BLACK
6
CONTINUOUS
10
3.7937341732283465
20
-3.9920243307086611
11
3.7939138188976376
21
-3.9924734251968501
0
LINE
8
BLACK
6
CONTINUOUS
10
3.7939138188976376
20
-3.9924734251968501
11
3.7937341732283465
21
-3.993322283464567
0
LINE
8
BLACK
6
CONTINUOUS
10
3.7937341732283465
20
-3.993322283464567
11
3.7937341732283465
21
-3.9933485826771653
0
LINE
8
BLACK
6
CONTINUOUS
10
3.7937341732283465
20
-3.9933485826771653
11
3.7937270866141732
21
-3.9933556299212598
0
LINE
8
BLACK
6
CONTINUOUS
10
3.7937270866141732
20
-3.9933556299212598
11
3.7937229921259843
21
-3.9933751181102362
0
LINE
8
BLACK
6
CONTINUOUS
10
3.7937229921259843
20
-3.9933751181102362
11
3.7819119685039371
21
-4.0209341732283468
0
LINE
8
BLACK
6
CONTINUOUS
10
3.7819119685039371
20
-4.0209341732283468
11
3.7813905905511809
21
-4.0216942519685039
0
LINE
8
BLACK
6
CONTINUOUS
10
3.7813905905511809
20
-4.0216942519685039
11
3.7797119291338581
21
-4.0223657086614173
0
LINE
8
BLACK
6
CONTINUOUS
10
3.7797119291338581
20
-4.0223657086614173
11
3.7780501574803149
21
-4.0216535039370074
0
LINE
8
BLACK
6
CONTINUOUS
10
3.7780501574803149
20
-4.0216535039370074
11
3.7773787007874016
21
-4.0199748425196846
0
LINE
8
BLACK
6
CONTINUOUS
10
3.7773787007874016
20
-4.0199748425196846
11
3.7775695275590548
21
-4.0190731496062995
0
LINE
8
BLACK
6
CONTINUOUS
10
3.7775695275590548
20
-4.0190731496062995
11
3.78796937007874
21
-3.9948068110236221
0
LINE
8
BLACK
6
CONTINUOUS
10
3.78796937007874
20
-3.9948068110236221
11
3.7731790944881891
21
-3.9948068110236221
0
LINE
8
BLACK
6
CONTINUOUS
10
3.7731790944881891
20
-3.9948068110236221
11
3.7722751181102363
21
-3.9946270078740156
0
LINE
8
BLACK
6
CONTINUOUS
10
3.7722751181102363
20
-3.9946270078740156
11
3.7709966929133856
21
-3.9933485826771653
0
LINE
8
BLACK
6
CONTINUOUS
10
3.7709966929133856
20
-3.9933485826771653
11
3.7709966929133856
21
-3.9915406299212597
0
LINE
8
BLACK
6
CONTINUOUS
10
3.7709966929133856
20
-3.9915406299212597
11
3.7722751181102363
21
-3.9902622047244094
0
LINE
8
BLACK
6
CONTINUOUS
10
3.7722751181102363
20
-3.9902622047244094
11
3.7731790944881891
21
-3.9900824015748029
0
LINE
8
BLACK
6
CONTINUOUS
10
3.7731790944881891
20
-3.9900824015748029
11
3.7915517716535434
21
-3.9900824015748029
0
LINE
8
BLACK
6
CONTINUOUS
10
3.7915517716535434
20
-3.9900824015748029
11
3.7915713385826773
21
-3.9900862598425197
0
LINE
8
BLACK
6
CONTINUOUS
10
3.9007678740157479
20
-3.9902622047244094
11
3.9013796456692913
21
-3.9902622047244094
0
LINE
8
BLACK
6
CONTINUOUS
10
3.9013796456692913
20
-3.9902622047244094
11
3.9016090551181102
21
-3.9904916141732283
0
LINE
8
BLACK
6
CONTINUOUS
10
3.9016090551181102
20
-3.9904916141732283
11
3.9019220078740156
21
-3.9905769685039369
0
LINE
8
BLACK
6
CONTINUOUS
10
3.9019220078740156
20
-3.9905769685039369
11
3.902526653543307
21
-3.9912726377952756
0
LINE
8
BLACK
6
CONTINUOUS
10
3.902526653543307
20
-3.9912726377952756
11
3.9138614960629918
21
-4.0111085826771653
0
LINE
8
BLACK
6
CONTINUOUS
10
3.9138614960629918
20
-4.0111085826771653
11
3.9138614960629918
21
-3.9924446062992125
0
LINE
8
BLACK
6
CONTINUOUS
10
3.9138614960629918
20
-3.9924446062992125
11
3.9140412992125984
21
-3.9915406299212597
0
LINE
8
BLACK
6
CONTINUOUS
10
3.9140412992125984
20
-3.9915406299212597
11
3.9153197244094486
21
-3.9902622047244094
0
LINE
8
BLACK
6
CONTINUOUS
10
3.9153197244094486
20
-3.9902622047244094
11
3.9171276771653543
21
-3.9902622047244094
0
LINE
8
BLACK
6
CONTINUOUS
10
3.9171276771653543
20
-3.9902622047244094
11
3.9184061023622045
21
-3.9915406299212597
0
LINE
8
BLACK
6
CONTINUOUS
10
3.9184061023622045
20
-3.9915406299212597
11
3.9185859055118111
21
-3.9924446062992125
0
LINE
8
BLACK
6
CONTINUOUS
10
3.9185859055118111
20
-3.9924446062992125
11
3.9185859055118111
21
-4.0200036614173227
0
LINE
8
BLACK
6
CONTINUOUS
10
3.9185859055118111
20
-4.0200036614173227
11
3.9184061023622045
21
-4.0209076377952755
0
LINE
8
BLACK
6
CONTINUOUS
10
3.9184061023622045
20
-4.0209076377952755
11
3.9181766929133857
21
-4.0211370078740156
0
LINE
8
BLACK
6
CONTINUOUS
10
3.9181766929133857
20
-4.0211370078740156
11
3.918091338582677
21
-4.0214500393700785
0
LINE
8
BLACK
6
CONTINUOUS
10
3.918091338582677
20
-4.0214500393700785
11
3.9175601968503937
21
-4.021753503937008
0
LINE
8
BLACK
6
CONTINUOUS
10
3.9175601968503937
20
-4.021753503937008
11
3.9171276771653543
21
-4.0221860629921258
0
LINE
8
BLACK
6
CONTINUOUS
10
3.9171276771653543
20
-4.0221860629921258
11
3.9168032677165354
21
-4.0221860629921258
0
LINE
8
BLACK
6
CONTINUOUS
10
3.9168032677165354
20
-4.0221860629921258
11
3.9165216141732282
21
-4.022347007874016
0
LINE
8
BLACK
6
CONTINUOUS
10
3.9165216141732282
20
-4.022347007874016
11
3.9159314960629921
21
-4.0221860629921258
0
LINE
8
BLACK
6
CONTINUOUS
10
3.9159314960629921
20
-4.0221860629921258
11
3.9153197244094486
21
-4.0221860629921258
0
LINE
8
BLACK
6
CONTINUOUS
10
3.9153197244094486
20
-4.0221860629921258
11
3.915090275590551
21
-4.0219566141732281
0
LINE
8
BLACK
6
CONTINUOUS
10
3.915090275590551
20
-4.0219566141732281
11
3.9147773622047244
21
-4.0218712992125987
0
LINE
8
BLACK
6
CONTINUOUS
10
3.9147773622047244
20
-4.0218712992125987
11
3.9141727559055117
21
-4.0211756692913383
0
LINE
8
BLACK
6
CONTINUOUS
10
3.9141727559055117
20
-4.0211756692913383
11
3.9028378740157481
21
-4.0013396456692911
0
LINE
8
BLACK
6
CONTINUOUS
10
3.9028378740157481
20
-4.0013396456692911
11
3.9028378740157481
21
-4.0200036614173227
0
LINE
8
BLACK
6
CONTINUOUS
10
3.9028378740157481
20
-4.0200036614173227
11
3.9026580708661416
21
-4.0209076377952755
0
LINE
8
BLACK
6
CONTINUOUS
10
3.9026580708661416
20
-4.0209076377952755
11
3.9013796456692913
21
-4.0221860629921258
0
LINE
8
BLACK
6
CONTINUOUS
10
3.9013796456692913
20
-4.0221860629921258
11
3.8995716929133857
21
-4.0221860629921258
0
LINE
8
BLACK
6
CONTINUOUS
10
3.8995716929133857
20
-4.0221860629921258
11
3.8982932677165354
21
-4.0209076377952755
0
LINE
8
BLACK
6
CONTINUOUS
10
3.8982932677165354
20
-4.0209076377952755
11
3.8981134645669289
21
-4.0200036614173227
0
LINE
8
BLACK
6
CONTINUOUS
10
3.8981134645669289
20
-4.0200036614173227
11
3.8981134645669289
21
-3.9924446062992125
0
LINE
8
BLACK
6
CONTINUOUS
10
3.8981134645669289
20
-3.9924446062992125
11
3.8982932677165354
21
-3.9915406299212597
0
LINE
8
BLACK
6
CONTINUOUS
10
3.8982932677165354
20
-3.9915406299212597
11
3.8985226771653543
21
-3.991311181102362
0
LINE
8
BLACK
6
CONTINUOUS
10
3.8985226771653543
20
-3.991311181102362
11
3.8986080314960629
21
-3.9909982677165354
0
LINE
8
BLACK
6
CONTINUOUS
10
3.8986080314960629
20
-3.9909982677165354
11
3.8991390944881887
21
-3.9906947637795276
0
LINE
8
BLACK
6
CONTINUOUS
10
3.8991390944881887
20
-3.9906947637795276
11
3.8995716929133857
21
-3.9902622047244094
0
LINE
8
BLACK
6
CONTINUOUS
10
3.8995716929133857
20
-3.9902622047244094
11
3.8998961023622045
21
-3.9902622047244094
0
LINE
8
BLACK
6
CONTINUOUS
10
3.8998961023622045
20
-3.9902622047244094
11
3.9001777559055117
21
-3.9901012598425196
0
LINE
8
BLACK
6
CONTINUOUS
10
3.9001777559055117
20
-3.9901012598425196
11
3.9007678740157479
21
-3.9902622047244094
0
LINE
8
BLACK
6
CONTINUOUS
10
4.0488856299212594
20
-3.9901054724409448
11
4.0489370472440944
21
-3.9900883464566927
0
LINE
8
BLACK
6
CONTINUOUS
10
4.0489370472440944
20
-3.9900883464566927
11
4.0493021259842514
21
-3.9901883070866142
0
LINE
8
BLACK
6
CONTINUOUS
10
4.0493021259842514
20
-3.9901883070866142
11
4.0496735826771655
21
-3.9902622047244094
0
LINE
8
BLACK
6
CONTINUOUS
10
4.0496735826771655
20
-3.9902622047244094
11
4.0497118897637794
21
-3.9903005118110237
0
LINE
8
BLACK
6
CONTINUOUS
10
4.0497118897637794
20
-3.9903005118110237
11
4.0498259842519682
21
-3.9903317716535431
0
LINE
8
BLACK
6
CONTINUOUS
10
4.0498259842519682
20
-3.9903317716535431
11
4.052450708661417
21
-3.9916440944881888
0
LINE
8
BLACK
6
CONTINUOUS
10
4.052450708661417
20
-3.9916440944881888
11
4.0527497244094484
21
-3.991876181102362
0
LINE
8
BLACK
6
CONTINUOUS
10
4.0527497244094484
20
-3.991876181102362
11
4.0530646456692914
21
-3.9920866141732283
0
LINE
8
BLACK
6
CONTINUOUS
10
4.0530646456692914
20
-3.9920866141732283
11
4.054376968503937
21
-3.9933989763779527
0
LINE
8
BLACK
6
CONTINUOUS
10
4.054376968503937
20
-3.9933989763779527
11
4.0545872440944883
21
-3.9937137007874015
0
LINE
8
BLACK
6
CONTINUOUS
10
4.0545872440944883
20
-3.9937137007874015
11
4.0548194488188978
21
-3.9940128740157479
0
LINE
8
BLACK
6
CONTINUOUS
10
4.0548194488188978
20
-3.9940128740157479
11
4.0561317716535434
21
-3.9966375196850392
0
LINE
8
BLACK
6
CONTINUOUS
10
4.0561317716535434
20
-3.9966375196850392
11
4.0561629921259845
21
-3.9967516141732284
0
LINE
8
BLACK
6
CONTINUOUS
10
4.0561629921259845
20
-3.9967516141732284
11
4.0562013385826772
21
-3.9967899606299211
0
LINE
8
BLACK
6
CONTINUOUS
10
4.0562013385826772
20
-3.9967899606299211
11
4.0562751968503932
21
-3.9971612992125984
0
LINE
8
BLACK
6
CONTINUOUS
10
4.0562751968503932
20
-3.9971612992125984
11
4.0563751968503938
21
-3.9975264960629922
0
LINE
8
BLACK
6
CONTINUOUS
10
4.0563751968503938
20
-3.9975264960629922
11
4.056358031496063
21
-3.9975778740157479
0
LINE
8
BLACK
6
CONTINUOUS
10
4.056358031496063
20
-3.9975778740157479
11
4.0563811417322837
21
-3.9976939370078739
0
LINE
8
BLACK
6
CONTINUOUS
10
4.0563811417322837
20
-3.9976939370078739
11
4.0563811417322837
21
-4.0016309448818896
0
LINE
8
BLACK
6
CONTINUOUS
10
4.0563811417322837
20
-4.0016309448818896
11
4.056358031496063
21
-4.0017469685039373
0
LINE
8
BLACK
6
CONTINUOUS
10
4.056358031496063
20
-4.0017469685039373
11
4.0563751968503938
21
-4.0017983858267714
0
LINE
8
BLACK
6
CONTINUOUS
10
4.0563751968503938
20
-4.0017983858267714
11
4.0562751968503932
21
-4.0021634645669293
0
LINE
8
BLACK
6
CONTINUOUS
10
4.0562751968503932
20
-4.0021634645669293
11
4.0562013385826772
21
-4.0025349212598424
0
LINE
8
BLACK
6
CONTINUOUS
10
4.0562013385826772
20
-4.0025349212598424
11
4.0561629921259845
21
-4.0025732283464563
0
LINE
8
BLACK
6
CONTINUOUS
10
4.0561629921259845
20
-4.0025732283464563
11
4.0561317716535434
21
-4.002687322834646
0
LINE
8
BLACK
6
CONTINUOUS
10
4.0561317716535434
20
-4.002687322834646
11
4.0548194488188978
21
-4.0053120078740161
0
LINE
8
BLACK
6
CONTINUOUS
10
4.0548194488188978
20
-4.0053120078740161
11
4.0545871653543308
21
-4.0056112992125987
0
LINE
8
BLACK
6
CONTINUOUS
10
4.0545871653543308
20
-4.0056112992125987
11
4.0543769291338583
21
-4.0059259448818896
0
LINE
8
BLACK
6
CONTINUOUS
10
4.0543769291338583
20
-4.0059259448818896
11
4.0530646062992126
21
-4.0072382677165352
0
LINE
8
BLACK
6
CONTINUOUS
10
4.0530646062992126
20
-4.0072382677165352
11
4.0527499606299209
21
-4.007448464566929
0
LINE
8
BLACK
6
CONTINUOUS
10
4.0527499606299209
20
-4.007448464566929
11
4.052450708661417
21
-4.0076807874015747
0
LINE
8
BLACK
6
CONTINUOUS
10
4.052450708661417
20
-4.0076807874015747
11
4.0498260236220469
21
-4.0089931102362204
0
LINE
8
BLACK
6
CONTINUOUS
10
4.0498260236220469
20
-4.0089931102362204
11
4.0497119291338581
21
-4.0090243307086615
0
LINE
8
BLACK
6
CONTINUOUS
10
4.0497119291338581
20
-4.0090243307086615
11
4.0496735826771655
21
-4.0090627165354329
0
LINE
8
BLACK
6
CONTINUOUS
10
4.0496735826771655
20
-4.0090627165354329
11
4.0493020472440948
21
-4.0091365748031498
0
LINE
8
BLACK
6
CONTINUOUS
10
4.0493020472440948
20
-4.0091365748031498
11
4.0492964960629925
21
-4.0091381102362202
0
LINE
8
BLACK
6
CONTINUOUS
10
4.0492964960629925
20
-4.0091381102362202
11
4.0559541338582674
21
-4.0186490157480312
0
LINE
8
BLACK
6
CONTINUOUS
10
4.0559541338582674
20
-4.0186490157480312
11
4.0563252362204727
21
-4.0194927165354333
0
LINE
8
BLACK
6
CONTINUOUS
10
4.0563252362204727
20
-4.0194927165354333
11
4.0560110236220472
21
-4.0212731496062988
0
LINE
8
BLACK
6
CONTINUOUS
10
4.0560110236220472
20
-4.0212731496062988
11
4.0545299212598422
21
-4.0223099606299213
0
LINE
8
BLACK
6
CONTINUOUS
10
4.0545299212598422
20
-4.0223099606299213
11
4.052749448818898
21
-4.0219957480314958
0
LINE
8
BLACK
6
CONTINUOUS
10
4.052749448818898
20
-4.0219957480314958
11
4.0520837401574799
21
-4.0213583070866141
0
LINE
8
BLACK
6
CONTINUOUS
10
4.0520837401574799
20
-4.0213583070866141
11
4.0436026771653539
21
-4.0092425196850394
0
LINE
8
BLACK
6
CONTINUOUS
10
4.0436026771653539
20
-4.0092425196850394
11
4.0406331102362207
21
-4.0092425196850394
0
LINE
8
BLACK
6
CONTINUOUS
10
4.0406331102362207
20
-4.0092425196850394
11
4.0406331102362207
21
-4.0200036614173227
0
LINE
8
BLACK
6
CONTINUOUS
10
4.0406331102362207
20
-4.0200036614173227
11
4.0404533070866142
21
-4.0209076377952755
0
LINE
8
BLACK
6
CONTINUOUS
10
4.0404533070866142
20
-4.0209076377952755
11
4.0391748818897639
21
-4.0221860629921258
0
LINE
8
BLACK
6
CONTINUOUS
10
4.0391748818897639
20
-4.0221860629921258
11
4.0373669291338583
21
-4.0221860629921258
0
LINE
8
BLACK
6
CONTINUOUS
10
4.0373669291338583
20
-4.0221860629921258
11
4.036088503937008
21
-4.0209076377952755
0
LINE
8
BLACK
6
CONTINUOUS
10
4.036088503937008
20
-4.0209076377952755
11
4.0359087007874015
21
-4.0200036614173227
0
LINE
8
BLACK
6
CONTINUOUS
10
4.0359087007874015
20
-4.0200036614173227
11
4.0359087007874015
21
-3.9924446062992125
0
LINE
8
BLACK
6
CONTINUOUS
10
4.0359087007874015
20
-3.9924446062992125
11
4.036088503937008
21
-3.9915406299212597
0
LINE
8
BLACK
6
CONTINUOUS
10
4.036088503937008
20
-3.9915406299212597
11
4.0373669291338583
21
-3.9902622047244094
0
LINE
8
BLACK
6
CONTINUOUS
10
4.0373669291338583
20
-3.9902622047244094
11
4.0382709055118111
21
-3.9900824015748029
0
LINE
8
BLACK
6
CONTINUOUS
10
4.0382709055118111
20
-3.9900824015748029
11
4.0487696062992127
21
-3.9900824015748029
0
LINE
8
BLACK
6
CONTINUOUS
10
4.0487696062992127
20
-3.9900824015748029
11
4.0488856299212594
21
-3.9901054724409448
0
LINE
8
BLACK
6
CONTINUOUS
10
4.0406331102362207
20
-4.0045181102362202
11
4.0482120078740156
21
-4.0045181102362202
0
LINE
8
BLACK
6
CONTINUOUS
10
4.0482120078740156
20
-4.0045181102362202
11
4.049995
21
-4.0036265748031497
0
LINE
8
BLACK
6
CONTINUOUS
10
4.049995
20
-4.0036265748031497
11
4.0507651574803152
21
-4.0028564173228345
0
LINE
8
BLACK
6
CONTINUOUS
10
4.0507651574803152
20
-4.0028564173228345
11
4.0516567322834645
21
-4.001073267716535
0
LINE
8
BLACK
6
CONTINUOUS
10
4.0516567322834645
20
-4.001073267716535
11
4.0516567322834645
21
-3.9982516141732281
0
LINE
8
BLACK
6
CONTINUOUS
10
4.0516567322834645
20
-3.9982516141732281
11
4.0507651574803152
21
-3.9964685039370078
0
LINE
8
BLACK
6
CONTINUOUS
10
4.0507651574803152
20
-3.9964685039370078
11
4.0499949606299213
21
-3.9956982677165351
0
LINE
8
BLACK
6
CONTINUOUS
10
4.0499949606299213
20
-3.9956982677165351
11
4.0482119685039368
21
-3.9948068110236221
0
LINE
8
BLACK
6
CONTINUOUS
10
4.0482119685039368
20
-3.9948068110236221
11
4.0406331102362207
21
-3.9948068110236221
0
LINE
8
BLACK
6
CONTINUOUS
10
4.0406331102362207
20
-3.9948068110236221
11
4.0406331102362207
21
-4.0045181102362202
0
LINE
8
BLACK
6
CONTINUOUS
10
3.7159205118110235
20
-3.9902622047244094
11
3.716340275590551
21
-3.9902622047244094
0
LINE
8
BLACK
6
CONTINUOUS
10
3.716340275590551
20
-3.9902622047244094
11
3.7167075590551182
21
-3.9906294881889761
0
LINE
8
BLACK
6
CONTINUOUS
10
3.7167075590551182
20
-3.9906294881889761
11
3.7171783858267715
21
-3.990849212598425
0
LINE
8
BLACK
6
CONTINUOUS
10
3.7171783858267715
20
-3.990849212598425
11
3.7173218503937009
21
-3.9912437795275588
0
LINE
8
BLACK
6
CONTINUOUS
10
3.7173218503937009
20
-3.9912437795275588
11
3.7176187007874013
21
-3.9915406299212597
0
LINE
8
BLACK
6
CONTINUOUS
10
3.7176187007874013
20
-3.9915406299212597
11
3.7177985039370078
21
-3.9924446062992125
0
LINE
8
BLACK
6
CONTINUOUS
10
3.7177985039370078
20
-3.9924446062992125
11
3.7177985039370078
21
-4.0200036614173227
0
LINE
8
BLACK
6
CONTINUOUS
10
3.7177985039370078
20
-4.0200036614173227
11
3.7176187007874013
21
-4.0209076377952755
0
LINE
8
BLACK
6
CONTINUOUS
10
3.7176187007874013
20
-4.0209076377952755
11
3.716340275590551
21
-4.0221860629921258
0
LINE
8
BLACK
6
CONTINUOUS
10
3.716340275590551
20
-4.0221860629921258
11
3.7145323228346454
21
-4.0221860629921258
0
LINE
8
BLACK
6
CONTINUOUS
10
3.7145323228346454
20
-4.0221860629921258
11
3.7132538976377951
21
-4.0209076377952755
0
LINE
8
BLACK
6
CONTINUOUS
10
3.7132538976377951
20
-4.0209076377952755
11
3.713074094488189
21
-4.0200036614173227
0
LINE
8
BLACK
6
CONTINUOUS
10
3.713074094488189
20
-4.0200036614173227
11
3.713074094488189
21
-4.0030924015748033
0
LINE
8
BLACK
6
CONTINUOUS
10
3.713074094488189
20
-4.0030924015748033
11
3.7083905511811022
21
-4.0131285826771652
0
LINE
8
BLACK
6
CONTINUOUS
10
3.7083905511811022
20
-4.0131285826771652
11
3.7080303937007875
21
-4.0136194488188979
0
LINE
8
BLACK
6
CONTINUOUS
10
3.7080303937007875
20
-4.0136194488188979
11
3.7079920472440944
21
-4.013725
0
LINE
8
BLACK
6
CONTINUOUS
10
3.7079920472440944
20
-4.013725
11
3.7079326377952757
21
-4.0137526771653542
0
LINE
8
BLACK
6
CONTINUOUS
10
3.7079326377952757
20
-4.0137526771653542
11
3.7078453543307086
21
-4.0138717322834641
0
LINE
8
BLACK
6
CONTINUOUS
10
3.7078453543307086
20
-4.0138717322834641
11
3.7070857874015748
21
-4.0141479133858269
0
LINE
8
BLACK
6
CONTINUOUS
10
3.7070857874015748
20
-4.0141479133858269
11
3.7063537007874015
21
-4.0144895669291341
0
LINE
8
BLACK
6
CONTINUOUS
10
3.7063537007874015
20
-4.0144895669291341
11
3.7062499606299211
21
-4.0144518110236218
0
LINE
8
BLACK
6
CONTINUOUS
10
3.7062499606299211
20
-4.0144518110236218
11
3.7061462204724407
21
-4.0144895669291341
0
LINE
8
BLACK
6
CONTINUOUS
10
3.7061462204724407
20
-4.0144895669291341
11
3.705413937007874
21
-4.0141478346456694
0
LINE
8
BLACK
6
CONTINUOUS
10
3.705413937007874
20
-4.0141478346456694
11
3.704654566929134
21
-4.0138717322834641
0
LINE
8
BLACK
6
CONTINUOUS
10
3.704654566929134
20
-4.0138717322834641
11
3.7045672834645669
21
-4.0137527559055117
0
LINE
8
BLACK
6
CONTINUOUS
10
3.7045672834645669
20
-4.0137527559055117
11
3.7045078740157478
21
-4.0137250393700787
0
LINE
8
BLACK
6
CONTINUOUS
10
3.7045078740157478
20
-4.0137250393700787
11
3.7044694488188976
21
-4.0136194094488191
0
LINE
8
BLACK
6
CONTINUOUS
10
3.7044694488188976
20
-4.0136194094488191
11
3.70410937007874
21
-4.0131285826771652
0
LINE
8
BLACK
6
CONTINUOUS
10
3.70410937007874
20
-4.0131285826771652
11
3.6994257874015748
21
-4.0030923622047245
0
LINE
8
BLACK
6
CONTINUOUS
10
3.6994257874015748
20
-4.0030923622047245
11
3.6994257874015748
21
-4.0200036614173227
0
LINE
8
BLACK
6
CONTINUOUS
10
3.6994257874015748
20
-4.0200036614173227
11
3.6992459842519683
21
-4.0209076377952755
0
LINE
8
BLACK
6
CONTINUOUS
10
3.6992459842519683
20
-4.0209076377952755
11
3.697967559055118
21
-4.0221860629921258
0
LINE
8
BLACK
6
CONTINUOUS
10
3.697967559055118
20
-4.0221860629921258
11
3.6961596062992124
21
-4.0221860629921258
0
LINE
8
BLACK
6
CONTINUOUS
10
3.6961596062992124
20
-4.0221860629921258
11
3.6948811811023621
21
-4.0209076377952755
0
LINE
8
BLACK
6
CONTINUOUS
10
3.6948811811023621
20
-4.0209076377952755
11
3.694701377952756
21
-4.0200036614173227
0
LINE
8
BLACK
6
CONTINUOUS
10
3.694701377952756
20
-4.0200036614173227
11
3.694701377952756
21
-3.9924446062992125
0
LINE
8
BLACK
6
CONTINUOUS
10
3.694701377952756
20
-3.9924446062992125
11
3.6948811811023621
21
-3.9915406299212597
0
LINE
8
BLACK
6
CONTINUOUS
10
3.6948811811023621
20
-3.9915406299212597
11
3.6951779921259842
21
-3.9912437795275588
0
LINE
8
BLACK
6
CONTINUOUS
10
3.6951779921259842
20
-3.9912437795275588
11
3.6953214960629919
21
-3.990849212598425
0
LINE
8
BLACK
6
CONTINUOUS
10
3.6953214960629919
20
-3.990849212598425
11
3.6957922834645669
21
-3.9906294881889761
0
LINE
8
BLACK
6
CONTINUOUS
10
3.6957922834645669
20
-3.9906294881889761
11
3.6961596062992124
21
-3.9902622047244094
0
LINE
8
BLACK
6
CONTINUOUS
10
3.6961596062992124
20
-3.9902622047244094
11
3.6965794094488187
21
-3.9902622047244094
0
LINE
8
BLACK
6
CONTINUOUS
10
3.6965794094488187
20
-3.9902622047244094
11
3.6969598425196848
21
-3.9900846850393701
0
LINE
8
BLACK
6
CONTINUOUS
10
3.6969598425196848
20
-3.9900846850393701
11
3.6974480314960627
21
-3.9902622047244094
0
LINE
8
BLACK
6
CONTINUOUS
10
3.6974480314960627
20
-3.9902622047244094
11
3.697967559055118
21
-3.9902622047244094
0
LINE
8
BLACK
6
CONTINUOUS
10
3.697967559055118
20
-3.9902622047244094
11
3.6982643700787401
21
-3.9905590157480315
0
LINE
8
BLACK
6
CONTINUOUS
10
3.6982643700787401
20
-3.9905590157480315
11
3.6986589763779527
21
-3.9907025196850392
0
LINE
8
BLACK
6
CONTINUOUS
10
3.6986589763779527
20
-3.9907025196850392
11
3.6992041732283463
21
-3.9914456692913385
0
LINE
8
BLACK
6
CONTINUOUS
10
3.6992041732283463
20
-3.9914456692913385
11
3.7062499212598423
21
-4.0065437007874012
0
LINE
8
BLACK
6
CONTINUOUS
10
3.7062499212598423
20
-4.0065437007874012
11
3.7132957086614171
21
-3.9914456692913385
0
LINE
8
BLACK
6
CONTINUOUS
10
3.7132957086614171
20
-3.9914456692913385
11
3.7138409448818899
21
-3.9907025196850392
0
LINE
8
BLACK
6
CONTINUOUS
10
3.7138409448818899
20
-3.9907025196850392
11
3.714235472440945
21
-3.9905590157480315
0
LINE
8
BLACK
6
CONTINUOUS
10
3.714235472440945
20
-3.9905590157480315
11
3.7145323228346454
21
-3.9902622047244094
0
LINE
8
BLACK
6
CONTINUOUS
10
3.7145323228346454
20
-3.9902622047244094
11
3.7150517716535432
21
-3.9902622047244094
0
LINE
8
BLACK
6
CONTINUOUS
10
3.7150517716535432
20
-3.9902622047244094
11
3.7155400393700786
21
-3.9900846456692913
0
LINE
8
BLACK
6
CONTINUOUS
10
3.7155400393700786
20
-3.9900846456692913
11
3.7159205118110235
21
-3.9902622047244094
0
LINE
8
BLACK
6
CONTINUOUS
10
3.7412746456692911
20
-3.9902622047244094
11
3.7425530708661419
21
-3.9915406299212597
0
LINE
8
BLACK
6
CONTINUOUS
10
3.7425530708661419
20
-3.9915406299212597
11
3.7425530708661419
21
-3.9933485826771653
0
LINE
8
BLACK
6
CONTINUOUS
10
3.7425530708661419
20
-3.9933485826771653
11
3.7412746456692911
21
-3.9946270078740156
0
LINE
8
BLACK
6
CONTINUOUS
10
3.7412746456692911
20
-3.9946270078740156
11
3.7403706692913383
21
-3.9948068110236221
0
LINE
8
BLACK
6
CONTINUOUS
10
3.7403706692913383
20
-3.9948068110236221
11
3.7348588582677165
21
-3.9948068110236221
0
LINE
8
BLACK
6
CONTINUOUS
10
3.7348588582677165
20
-3.9948068110236221
11
3.7348588582677165
21
-4.0200036614173227
0
LINE
8
BLACK
6
CONTINUOUS
10
3.7348588582677165
20
-4.0200036614173227
11
3.7346790551181099
21
-4.0209076377952755
0
LINE
8
BLACK
6
CONTINUOUS
10
3.7346790551181099
20
-4.0209076377952755
11
3.7334006299212597
21
-4.0221860629921258
0
LINE
8
BLACK
6
CONTINUOUS
10
3.7334006299212597
20
-4.0221860629921258
11
3.731592677165354
21
-4.0221860629921258
0
LINE
8
BLACK
6
CONTINUOUS
10
3.731592677165354
20
-4.0221860629921258
11
3.7303142519685037
21
-4.0209076377952755
0
LINE
8
BLACK
6
CONTINUOUS
10
3.7303142519685037
20
-4.0209076377952755
11
3.7301344488188977
21
-4.0200036614173227
0
LINE
8
BLACK
6
CONTINUOUS
10
3.7301344488188977
20
-4.0200036614173227
11
3.7301344488188977
21
-3.9948068110236221
0
LINE
8
BLACK
6
CONTINUOUS
10
3.7301344488188977
20
-3.9948068110236221
11
3.7246226377952754
21
-3.9948068110236221
0
LINE
8
BLACK
6
CONTINUOUS
10
3.7246226377952754
20
-3.9948068110236221
11
3.7237186614173226
21
-3.9946270078740156
0
LINE
8
BLACK
6
CONTINUOUS
10
3.7237186614173226
20
-3.9946270078740156
11
3.7224402362204723
21
-3.9933485826771653
0
LINE
8
BLACK
6
CONTINUOUS
10
3.7224402362204723
20
-3.9933485826771653
11
3.7224402362204723
21
-3.9915406299212597
0
LINE
8
BLACK
6
CONTINUOUS
10
3.7224402362204723
20
-3.9915406299212597
11
3.7237186614173226
21
-3.9902622047244094
0
LINE
8
BLACK
6
CONTINUOUS
10
3.7237186614173226
20
-3.9902622047244094
11
3.7246226377952754
21
-3.9900824015748029
0
LINE
8
BLACK
6
CONTINUOUS
10
3.7246226377952754
20
-3.9900824015748029
11
3.7403706692913383
21
-3.9900824015748029
0
LINE
8
BLACK
6
CONTINUOUS
10
3.7403706692913383
20
-3.9900824015748029
11
3.7412746456692911
21
-3.9902622047244094
0
LINE
8
BLACK
6
CONTINUOUS
10
4.1473108267716539
20
-3.999291811023622
11
4.1473622834645667
21
-3.9992746850393699
0
LINE
8
BLACK
6
CONTINUOUS
10
4.1473622834645667
20
-3.9992746850393699
11
4.1477272440944883
21
-3.9993746456692914
0
LINE
8
BLACK
6
CONTINUOUS
10
4.1477272440944883
20
-3.9993746456692914
11
4.148098779527559
21
-3.9994485433070865
0
LINE
8
BLACK
6
CONTINUOUS
10
4.148098779527559
20
-3.9994485433070865
11
4.1481371259842517
21
-3.9994868897637796
0
LINE
8
BLACK
6
CONTINUOUS
10
4.1481371259842517
20
-3.9994868897637796
11
4.1482512204724404
21
-3.999518149606299
0
LINE
8
BLACK
6
CONTINUOUS
10
4.1482512204724404
20
-3.999518149606299
11
4.1508759055118105
21
-4.0008304724409447
0
LINE
8
BLACK
6
CONTINUOUS
10
4.1508759055118105
20
-4.0008304724409447
11
4.1511318110236219
21
-4.0010290944881888
0
LINE
8
BLACK
6
CONTINUOUS
10
4.1511318110236219
20
-4.0010290944881888
11
4.1513877559055121
21
-4.0008305118110234
0
LINE
8
BLACK
6
CONTINUOUS
10
4.1513877559055121
20
-4.0008305118110234
11
4.1540123622047247
21
-3.999518149606299
0
LINE
8
BLACK
6
CONTINUOUS
10
4.1540123622047247
20
-3.999518149606299
11
4.1541264566929135
21
-3.9994868897637796
0
LINE
8
BLACK
6
CONTINUOUS
10
4.1541264566929135
20
-3.9994868897637796
11
4.1541648425196849
21
-3.9994485433070865
0
LINE
8
BLACK
6
CONTINUOUS
10
4.1541648425196849
20
-3.9994485433070865
11
4.1545362598425193
21
-3.9993746456692914
0
LINE
8
BLACK
6
CONTINUOUS
10
4.1545362598425193
20
-3.9993746456692914
11
4.1549013385826772
21
-3.9992746850393699
0
LINE
8
BLACK
6
CONTINUOUS
10
4.1549013385826772
20
-3.9992746850393699
11
4.1549527559055113
21
-3.999291811023622
0
LINE
8
BLACK
6
CONTINUOUS
10
4.1549527559055113
20
-3.999291811023622
11
4.1550688188976377
21
-3.99926874015748
0
LINE
8
BLACK
6
CONTINUOUS
10
4.1550688188976377
20
-3.99926874015748
11
4.1590058267716534
21
-3.99926874015748
0
LINE
8
BLACK
6
CONTINUOUS
10
4.1590058267716534
20
-3.99926874015748
11
4.1591218503937011
21
-3.999291811023622
0
LINE
8
BLACK
6
CONTINUOUS
10
4.1591218503937011
20
-3.999291811023622
11
4.1591733070866139
21
-3.9992746850393699
0
LINE
8
BLACK
6
CONTINUOUS
10
4.1591733070866139
20
-3.9992746850393699
11
4.1595382677165356
21
-3.9993746456692914
0
LINE
8
BLACK
6
CONTINUOUS
10
4.1595382677165356
20
-3.9993746456692914
11
4.1599098031496062
21
-3.9994485433070865
0
LINE
8
BLACK
6
CONTINUOUS
10
4.1599098031496062
20
-3.9994485433070865
11
4.1599481496062989
21
-3.9994868897637796
0
LINE
8
BLACK
6
CONTINUOUS
10
4.1599481496062989
20
-3.9994868897637796
11
4.1600622440944877
21
-3.999518149606299
0
LINE
8
BLACK
6
CONTINUOUS
10
4.1600622440944877
20
-3.999518149606299
11
4.1626869291338577
21
-4.0008304724409447
0
LINE
8
BLACK
6
CONTINUOUS
10
4.1626869291338577
20
-4.0008304724409447
11
4.163058503937008
21
-4.0011188582677164
0
LINE
8
BLACK
6
CONTINUOUS
10
4.163058503937008
20
-4.0011188582677164
11
4.1631782283464567
21
-4.0011587795275592
0
LINE
8
BLACK
6
CONTINUOUS
10
4.1631782283464567
20
-4.0011587795275592
11
4.1632816929133858
21
-4.001292086614173
0
LINE
8
BLACK
6
CONTINUOUS
10
4.1632816929133858
20
-4.001292086614173
11
4.1634150393700784
21
-4.0013955905511809
0
LINE
8
BLACK
6
CONTINUOUS
10
4.1634150393700784
20
-4.0013955905511809
11
4.1634549212598424
21
-4.0015152755905508
0
LINE
8
BLACK
6
CONTINUOUS
10
4.1634549212598424
20
-4.0015152755905508
11
4.1637433464566929
21
-4.0018868897637798
0
LINE
8
BLACK
6
CONTINUOUS
10
4.1637433464566929
20
-4.0018868897637798
11
4.1650556692913385
21
-4.0045115354330711
0
LINE
8
BLACK
6
CONTINUOUS
10
4.1650556692913385
20
-4.0045115354330711
11
4.1650868897637796
21
-4.0046256299212599
0
LINE
8
BLACK
6
CONTINUOUS
10
4.1650868897637796
20
-4.0046256299212599
11
4.1651252362204723
21
-4.0046639763779526
0
LINE
8
BLACK
6
CONTINUOUS
10
4.1651252362204723
20
-4.0046639763779526
11
4.1651990944881891
21
-4.0050353149606295
0
LINE
8
BLACK
6
CONTINUOUS
10
4.1651990944881891
20
-4.0050353149606295
11
4.1652990944881889
21
-4.0054005118110236
0
LINE
8
BLACK
6
CONTINUOUS
10
4.1652990944881889
20
-4.0054005118110236
11
4.1652819291338581
21
-4.0054518897637799
0
LINE
8
BLACK
6
CONTINUOUS
10
4.1652819291338581
20
-4.0054518897637799
11
4.1653050393700788
21
-4.0055679527559054
0
LINE
8
BLACK
6
CONTINUOUS
10
4.1653050393700788
20
-4.0055679527559054
11
4.1653050393700788
21
-4.0200036614173227
0
LINE
8
BLACK
6
CONTINUOUS
10
4.1653050393700788
20
-4.0200036614173227
11
4.1651252362204723
21
-4.0209076377952755
0
LINE
8
BLACK
6
CONTINUOUS
10
4.1651252362204723
20
-4.0209076377952755
11
4.163846811023622
21
-4.0221860629921258
0
LINE
8
BLACK
6
CONTINUOUS
10
4.163846811023622
20
-4.0221860629921258
11
4.1620388582677164
21
-4.0221860629921258
0
LINE
8
BLACK
6
CONTINUOUS
10
4.1620388582677164
20
-4.0221860629921258
11
4.1607604330708661
21
-4.0209076377952755
0
LINE
8
BLACK
6
CONTINUOUS
10
4.1607604330708661
20
-4.0209076377952755
11
4.1605806299212595
21
-4.0200036614173227
0
LINE
8
BLACK
6
CONTINUOUS
10
4.1605806299212595
20
-4.0200036614173227
11
4.1605806299212595
21
-4.00612562992126
0
LINE
8
BLACK
6
CONTINUOUS
10
4.1605806299212595
20
-4.00612562992126
11
4.1598697637795272
21
-4.0047039370078741
0
LINE
8
BLACK
6
CONTINUOUS
10
4.1598697637795272
20
-4.0047039370078741
11
4.1584482283464563
21
-4.0039931496062993
0
LINE
8
BLACK
6
CONTINUOUS
10
4.1584482283464563
20
-4.0039931496062993
11
4.1556264173228348
21
-4.0039931496062993
0
LINE
8
BLACK
6
CONTINUOUS
10
4.1556264173228348
20
-4.0039931496062993
11
4.1542048425196851
21
-4.0047039370078741
0
LINE
8
BLACK
6
CONTINUOUS
10
4.1542048425196851
20
-4.0047039370078741
11
4.1534940157480316
21
-4.0061255511811025
0
LINE
8
BLACK
6
CONTINUOUS
10
4.1534940157480316
20
-4.0061255511811025
11
4.1534940157480316
21
-4.0200036614173227
0
LINE
8
BLACK
6
CONTINUOUS
10
4.1534940157480316
20
-4.0200036614173227
11
4.153314212598425
21
-4.0209076377952755
0
LINE
8
BLACK
6
CONTINUOUS
10
4.153314212598425
20
-4.0209076377952755
11
4.1520357874015748
21
-4.0221860629921258
0
LINE
8
BLACK
6
CONTINUOUS
10
4.1520357874015748
20
-4.0221860629921258
11
4.1502278346456691
21
-4.0221860629921258
0
LINE
8
BLACK
6
CONTINUOUS
10
4.1502278346456691
20
-4.0221860629921258
11
4.1489494094488188
21
-4.0209076377952755
0
LINE
8
BLACK
6
CONTINUOUS
10
4.1489494094488188
20
-4.0209076377952755
11
4.1487696062992123
21
-4.0200036614173227
0
LINE
8
BLACK
6
CONTINUOUS
10
4.1487696062992123
20
-4.0200036614173227
11
4.1487696062992123
21
-4.00612562992126
0
LINE
8
BLACK
6
CONTINUOUS
10
4.1487696062992123
20
-4.00612562992126
11
4.14805874015748
21
-4.0047039370078741
0
LINE
8
BLACK
6
CONTINUOUS
10
4.14805874015748
20
-4.0047039370078741
11
4.1466372047244091
21
-4.0039931496062993
0
LINE
8
BLACK
6
CONTINUOUS
10
4.1466372047244091
20
-4.0039931496062993
11
4.1438153937007876
21
-4.0039931496062993
0
LINE
8
BLACK
6
CONTINUOUS
10
4.1438153937007876
20
-4.0039931496062993
11
4.1420324409448819
21
-4.0048846062992123
0
LINE
8
BLACK
6
CONTINUOUS
10
4.1420324409448819
20
-4.0048846062992123
11
4.1416829921259843
21
-4.0052340944881886
0
LINE
8
BLACK
6
CONTINUOUS
10
4.1416829921259843
20
-4.0052340944881886
11
4.1416829921259843
21
-4.0200036614173227
0
LINE
8
BLACK
6
CONTINUOUS
10
4.1416829921259843
20
-4.0200036614173227
11
4.1415031889763778
21
-4.0209076377952755
0
LINE
8
BLACK
6
CONTINUOUS
10
4.1415031889763778
20
-4.0209076377952755
11
4.1402247637795275
21
-4.0221860629921258
0
LINE
8
BLACK
6
CONTINUOUS
10
4.1402247637795275
20
-4.0221860629921258
11
4.1384168110236219
21
-4.0221860629921258
0
LINE
8
BLACK
6
CONTINUOUS
10
4.1384168110236219
20
-4.0221860629921258
11
4.1371383858267716
21
-4.0209076377952755
0
LINE
8
BLACK
6
CONTINUOUS
10
4.1371383858267716
20
-4.0209076377952755
11
4.1369585826771651
21
-4.0200036614173227
0
LINE
8
BLACK
6
CONTINUOUS
10
4.1369585826771651
20
-4.0200036614173227
11
4.1369585826771651
21
-4.0016309448818896
0
LINE
8
BLACK
6
CONTINUOUS
10
4.1369585826771651
20
-4.0016309448818896
11
4.1371383858267716
21
-4.0007269685039368
0
LINE
8
BLACK
6
CONTINUOUS
10
4.1371383858267716
20
-4.0007269685039368
11
4.1384168110236219
21
-3.9994485433070865
0
LINE
8
BLACK
6
CONTINUOUS
10
4.1384168110236219
20
-3.9994485433070865
11
4.1402247637795275
21
-3.9994485433070865
0
LINE
8
BLACK
6
CONTINUOUS
10
4.1402247637795275
20
-3.9994485433070865
11
4.1409300393700788
21
-4.0001538188976378
0
LINE
8
BLACK
6
CONTINUOUS
10
4.1409300393700788
20
-4.0001538188976378
11
4.1422013385826775
21
-3.999518149606299
0
LINE
8
BLACK
6
CONTINUOUS
10
4.1422013385826775
20
-3.999518149606299
11
4.1423154330708662
21
-3.9994868897637796
0
LINE
8
BLACK
6
CONTINUOUS
10
4.1423154330708662
20
-3.9994868897637796
11
4.1423538188976377
21
-3.9994485433070865
0
LINE
8
BLACK
6
CONTINUOUS
10
4.1423538188976377
20
-3.9994485433070865
11
4.1427252362204721
21
-3.9993746456692914
0
LINE
8
BLACK
6
CONTINUOUS
10
4.1427252362204721
20
-3.9993746456692914
11
4.14309031496063
21
-3.9992746850393699
0
LINE
8
BLACK
6
CONTINUOUS
10
4.14309031496063
20
-3.9992746850393699
11
4.1431417322834641
21
-3.999291811023622
0
LINE
8
BLACK
6
CONTINUOUS
10
4.1431417322834641
20
-3.999291811023622
11
4.1432577952755905
21
-3.99926874015748
0
LINE
8
BLACK
6
CONTINUOUS
10
4.1432577952755905
20
-3.99926874015748
11
4.1471948031496062
21
-3.99926874015748
0
LINE
8
BLACK
6
CONTINUOUS
10
4.1471948031496062
20
-3.99926874015748
11
4.1473108267716539
21
-3.999291811023622
0
LINE
8
BLACK
6
CONTINUOUS
10
4.1840562204724412
20
-3.999291811023622
11
4.184107677165354
21
-3.9992746850393699
0
LINE
8
BLACK
6
CONTINUOUS
10
4.184107677165354
20
-3.9992746850393699
11
4.1844726377952757
21
-3.9993746456692914
0
LINE
8
BLACK
6
CONTINUOUS
10
4.1844726377952757
20
-3.9993746456692914
11
4.1848441732283463
21
-3.9994485433070865
0
LINE
8
BLACK
6
CONTINUOUS
10
4.1848441732283463
20
-3.9994485433070865
11
4.184882519685039
21
-3.9994868897637796
0
LINE
8
BLACK
6
CONTINUOUS
10
4.184882519685039
20
-3.9994868897637796
11
4.1849966141732287
21
-3.999518149606299
0
LINE
8
BLACK
6
CONTINUOUS
10
4.1849966141732287
20
-3.999518149606299
11
4.1876212992125987
21
-4.0008304724409447
0
LINE
8
BLACK
6
CONTINUOUS
10
4.1876212992125987
20
-4.0008304724409447
11
4.1878772047244093
21
-4.0010290944881888
0
LINE
8
BLACK
6
CONTINUOUS
10
4.1878772047244093
20
-4.0010290944881888
11
4.1881331496062995
21
-4.0008305118110234
0
LINE
8
BLACK
6
CONTINUOUS
10
4.1881331496062995
20
-4.0008305118110234
11
4.190757755905512
21
-3.999518149606299
0
LINE
8
BLACK
6
CONTINUOUS
10
4.190757755905512
20
-3.999518149606299
11
4.1908718503937008
21
-3.9994868897637796
0
LINE
8
BLACK
6
CONTINUOUS
10
4.1908718503937008
20
-3.9994868897637796
11
4.1909102362204722
21
-3.9994485433070865
0
LINE
8
BLACK
6
CONTINUOUS
10
4.1909102362204722
20
-3.9994485433070865
11
4.1912816535433066
21
-3.9993746456692914
0
LINE
8
BLACK
6
CONTINUOUS
10
4.1912816535433066
20
-3.9993746456692914
11
4.1916467322834645
21
-3.9992746850393699
0
LINE
8
BLACK
6
CONTINUOUS
10
4.1916467322834645
20
-3.9992746850393699
11
4.1916981496062995
21
-3.999291811023622
0
LINE
8
BLACK
6
CONTINUOUS
10
4.1916981496062995
20
-3.999291811023622
11
4.191814212598425
21
-3.99926874015748
0
LINE
8
BLACK
6
CONTINUOUS
10
4.191814212598425
20
-3.99926874015748
11
4.1957512204724408
21
-3.99926874015748
0
LINE
8
BLACK
6
CONTINUOUS
10
4.1957512204724408
20
-3.99926874015748
11
4.1958672440944884
21
-3.999291811023622
0
LINE
8
BLACK
6
CONTINUOUS
10
4.1958672440944884
20
-3.999291811023622
11
4.1959187007874013
21
-3.9992746850393699
0
LINE
8
BLACK
6
CONTINUOUS
10
4.1959187007874013
20
-3.9992746850393699
11
4.1962836614173229
21
-3.9993746456692914
0
LINE
8
BLACK
6
CONTINUOUS
10
4.1962836614173229
20
-3.9993746456692914
11
4.1966551968503936
21
-3.9994485433070865
0
LINE
8
BLACK
6
CONTINUOUS
10
4.1966551968503936
20
-3.9994485433070865
11
4.1966935433070862
21
-3.9994868897637796
0
LINE
8
BLACK
6
CONTINUOUS
10
4.1966935433070862
20
-3.9994868897637796
11
4.1968076377952759
21
-3.999518149606299
0
LINE
8
BLACK
6
CONTINUOUS
10
4.1968076377952759
20
-3.999518149606299
11
4.199432322834646
21
-4.0008304724409447
0
LINE
8
BLACK
6
CONTINUOUS
10
4.199432322834646
20
-4.0008304724409447
11
4.1998038976377954
21
-4.0011188582677164
0
LINE
8
BLACK
6
CONTINUOUS
10
4.1998038976377954
20
-4.0011188582677164
11
4.199923622047244
21
-4.0011587795275592
0
LINE
8
BLACK
6
CONTINUOUS
10
4.199923622047244
20
-4.0011587795275592
11
4.2000270866141731
21
-4.001292086614173
0
LINE
8
BLACK
6
CONTINUOUS
10
4.2000270866141731
20
-4.001292086614173
11
4.2001604330708657
21
-4.0013955905511809
0
LINE
8
BLACK
6
CONTINUOUS
10
4.2001604330708657
20
-4.0013955905511809
11
4.2002003149606297
21
-4.0015152755905508
0
LINE
8
BLACK
6
CONTINUOUS
10
4.2002003149606297
20
-4.0015152755905508
11
4.2004887401574802
21
-4.0018868897637798
0
LINE
8
BLACK
6
CONTINUOUS
10
4.2004887401574802
20
-4.0018868897637798
11
4.2018010629921259
21
-4.0045115354330711
0
LINE
8
BLACK
6
CONTINUOUS
10
4.2018010629921259
20
-4.0045115354330711
11
4.2018322834645669
21
-4.0046256299212599
0
LINE
8
BLACK
6
CONTINUOUS
10
4.2018322834645669
20
-4.0046256299212599
11
4.2018706299212596
21
-4.0046639763779526
0
LINE
8
BLACK
6
CONTINUOUS
10
4.2018706299212596
20
-4.0046639763779526
11
4.2019444881889765
21
-4.0050353149606295
0
LINE
8
BLACK
6
CONTINUOUS
10
4.2019444881889765
20
-4.0050353149606295
11
4.2020444881889762
21
-4.0054005118110236
0
LINE
8
BLACK
6
CONTINUOUS
10
4.2020444881889762
20
-4.0054005118110236
11
4.2020273228346454
21
-4.0054518897637799
0
LINE
8
BLACK
6
CONTINUOUS
10
4.2020273228346454
20
-4.0054518897637799
11
4.2020504330708661
21
-4.0055679527559054
0
LINE
8
BLACK
6
CONTINUOUS
10
4.2020504330708661
20
-4.0055679527559054
11
4.2020504330708661
21
-4.0200036614173227
0
LINE
8
BLACK
6
CONTINUOUS
10
4.2020504330708661
20
-4.0200036614173227
11
4.2018706299212596
21
-4.0209076377952755
0
LINE
8
BLACK
6
CONTINUOUS
10
4.2018706299212596
20
-4.0209076377952755
11
4.2005922047244093
21
-4.0221860629921258
0
LINE
8
BLACK
6
CONTINUOUS
10
4.2005922047244093
20
-4.0221860629921258
11
4.1987842519685037
21
-4.0221860629921258
0
LINE
8
BLACK
6
CONTINUOUS
10
4.1987842519685037
20
-4.0221860629921258
11
4.1975058267716534
21
-4.0209076377952755
0
LINE
8
BLACK
6
CONTINUOUS
10
4.1975058267716534
20
-4.0209076377952755
11
4.1973260236220469
21
-4.0200036614173227
0
LINE
8
BLACK
6
CONTINUOUS
10
4.1973260236220469
20
-4.0200036614173227
11
4.1973260236220469
21
-4.00612562992126
0
LINE
8
BLACK
6
CONTINUOUS
10
4.1973260236220469
20
-4.00612562992126
11
4.1966151574803146
21
-4.0047039370078741
0
LINE
8
BLACK
6
CONTINUOUS
10
4.1966151574803146
20
-4.0047039370078741
11
4.1951936220472437
21
-4.0039931496062993
0
LINE
8
BLACK
6
CONTINUOUS
10
4.1951936220472437
20
-4.0039931496062993
11
4.1923718110236221
21
-4.0039931496062993
0
LINE
8
BLACK
6
CONTINUOUS
10
4.1923718110236221
20
-4.0039931496062993
11
4.1909502362204725
21
-4.0047039370078741
0
LINE
8
BLACK
6
CONTINUOUS
10
4.1909502362204725
20
-4.0047039370078741
11
4.1902394094488189
21
-4.0061255511811025
0
LINE
8
BLACK
6
CONTINUOUS
10
4.1902394094488189
20
-4.0061255511811025
11
4.1902394094488189
21
-4.0200036614173227
0
LINE
8
BLACK
6
CONTINUOUS
10
4.1902394094488189
20
-4.0200036614173227
11
4.1900596062992124
21
-4.0209076377952755
0
LINE
8
BLACK
6
CONTINUOUS
10
4.1900596062992124
20
-4.0209076377952755
11
4.1887811811023621
21
-4.0221860629921258
0
LINE
8
BLACK
6
CONTINUOUS
10
4.1887811811023621
20
-4.0221860629921258
11
4.1869732283464565
21
-4.0221860629921258
0
LINE
8
BLACK
6
CONTINUOUS
10
4.1869732283464565
20
-4.0221860629921258
11
4.1856948031496062
21
-4.0209076377952755
0
LINE
8
BLACK
6
CONTINUOUS
10
4.1856948031496062
20
-4.0209076377952755
11
4.1855149999999997
21
-4.0200036614173227
0
LINE
8
BLACK
6
CONTINUOUS
10
4.1855149999999997
20
-4.0200036614173227
11
4.1855149999999997
21
-4.00612562992126
0
LINE
8
BLACK
6
CONTINUOUS
10
4.1855149999999997
20
-4.00612562992126
11
4.1848041338582673
21
-4.0047039370078741
0
LINE
8
BLACK
6
CONTINUOUS
10
4.1848041338582673
20
-4.0047039370078741
11
4.1833825984251964
21
-4.0039931496062993
0
LINE
8
BLACK
6
CONTINUOUS
10
4.1833825984251964
20
-4.0039931496062993
11
4.1805607874015749
21
-4.0039931496062993
0
LINE
8
BLACK
6
CONTINUOUS
10
4.1805607874015749
20
-4.0039931496062993
11
4.1787778346456692
21
-4.0048846062992123
0
LINE
8
BLACK
6
CONTINUOUS
10
4.1787778346456692
20
-4.0048846062992123
11
4.1784283858267717
21
-4.0052340944881886
0
LINE
8
BLACK
6
CONTINUOUS
10
4.1784283858267717
20
-4.0052340944881886
11
4.1784283858267717
21
-4.0200036614173227
0
LINE
8
BLACK
6
CONTINUOUS
10
4.1784283858267717
20
-4.0200036614173227
11
4.1782485826771651
21
-4.0209076377952755
0
LINE
8
BLACK
6
CONTINUOUS
10
4.1782485826771651
20
-4.0209076377952755
11
4.1769701574803149
21
-4.0221860629921258
0
LINE
8
BLACK
6
CONTINUOUS
10
4.1769701574803149
20
-4.0221860629921258
11
4.1751622047244092
21
-4.0221860629921258
0
LINE
8
BLACK
6
CONTINUOUS
10
4.1751622047244092
20
-4.0221860629921258
11
4.173883779527559
21
-4.0209076377952755
0
LINE
8
BLACK
6
CONTINUOUS
10
4.173883779527559
20
-4.0209076377952755
11
4.1737039763779524
21
-4.0200036614173227
0
LINE
8
BLACK
6
CONTINUOUS
10
4.1737039763779524
20
-4.0200036614173227
11
4.1737039763779524
21
-4.0016309448818896
0
LINE
8
BLACK
6
CONTINUOUS
10
4.1737039763779524
20
-4.0016309448818896
11
4.173883779527559
21
-4.0007269685039368
0
LINE
8
BLACK
6
CONTINUOUS
10
4.173883779527559
20
-4.0007269685039368
11
4.1751622047244092
21
-3.9994485433070865
0
LINE
8
BLACK
6
CONTINUOUS
10
4.1751622047244092
20
-3.9994485433070865
11
4.1769701574803149
21
-3.9994485433070865
0
LINE
8
BLACK
6
CONTINUOUS
10
4.1769701574803149
20
-3.9994485433070865
11
4.1776754330708661
21
-4.0001538188976378
0
LINE
8
BLACK
6
CONTINUOUS
10
4.1776754330708661
20
-4.0001538188976378
11
4.1789467322834648
21
-3.999518149606299
0
LINE
8
BLACK
6
CONTINUOUS
10
4.1789467322834648
20
-3.999518149606299
11
4.1790608267716536
21
-3.9994868897637796
0
LINE
8
BLACK
6
CONTINUOUS
10
4.1790608267716536
20
-3.9994868897637796
11
4.179099212598425
21
-3.9994485433070865
0
LINE
8
BLACK
6
CONTINUOUS
10
4.179099212598425
20
-3.9994485433070865
11
4.1794706299212594
21
-3.9993746456692914
0
LINE
8
BLACK
6
CONTINUOUS
10
4.1794706299212594
20
-3.9993746456692914
11
4.1798357086614173
21
-3.9992746850393699
0
LINE
8
BLACK
6
CONTINUOUS
10
4.1798357086614173
20
-3.9992746850393699
11
4.1798871259842523
21
-3.999291811023622
0
LINE
8
BLACK
6
CONTINUOUS
10
4.1798871259842523
20
-3.999291811023622
11
4.1800031889763778
21
-3.99926874015748
0
LINE
8
BLACK
6
CONTINUOUS
10
4.1800031889763778
20
-3.99926874015748
11
4.1839401968503935
21
-3.99926874015748
0
LINE
8
BLACK
6
CONTINUOUS
10
4.1839401968503935
20
-3.99926874015748
11
4.1840562204724412
21
-3.999291811023622
0
LINE
8
BLACK
6
CONTINUOUS
10
3.921116023622047
20
-3.9315744094488188
11
3.9212725590551178
21
-3.9315941732283464
0
LINE
8
BLACK
6
CONTINUOUS
10
3.9212725590551178
20
-3.9315941732283464
11
3.9240847244094486
21
-3.9325315748031495
0
LINE
8
BLACK
6
CONTINUOUS
10
3.9240847244094486
20
-3.9325315748031495
11
3.9244183464566929
21
-3.9327217716535432
0
LINE
8
BLACK
6
CONTINUOUS
10
3.9244183464566929
20
-3.9327217716535432
11
3.9247552362204723
21
-3.9333955511811021
0
LINE
8
BLACK
6
CONTINUOUS
10
3.9247552362204723
20
-3.9333955511811021
11
3.9245170078740155
21
-3.9341101968503938
0
LINE
8
BLACK
6
CONTINUOUS
10
3.9245170078740155
20
-3.9341101968503938
11
3.9238432283464566
21
-3.9344470866141732
0
LINE
8
BLACK
6
CONTINUOUS
10
3.9238432283464566
20
-3.9344470866141732
11
3.9234622047244092
21
-3.9343990551181101
0
LINE
8
BLACK
6
CONTINUOUS
10
3.9234622047244092
20
-3.9343990551181101
11
3.9208015748031495
21
-3.9335121653543306
0
LINE
8
BLACK
6
CONTINUOUS
10
3.9208015748031495
20
-3.9335121653543306
11
3.9165068110236221
21
-3.9335121653543306
0
LINE
8
BLACK
6
CONTINUOUS
10
3.9165068110236221
20
-3.9335121653543306
11
3.9149825590551179
21
-3.9342742913385824
0
LINE
8
BLACK
6
CONTINUOUS
10
3.9149825590551179
20
-3.9342742913385824
11
3.9142711811023623
21
-3.9349856299212598
0
LINE
8
BLACK
6
CONTINUOUS
10
3.9142711811023623
20
-3.9349856299212598
11
3.9135091338582675
21
-3.9365098031496064
0
LINE
8
BLACK
6
CONTINUOUS
10
3.9135091338582675
20
-3.9365098031496064
11
3.9135091338582675
21
-3.9379198425196851
0
LINE
8
BLACK
6
CONTINUOUS
10
3.9135091338582675
20
-3.9379198425196851
11
3.9142711811023623
21
-3.9394439370078738
0
LINE
8
BLACK
6
CONTINUOUS
10
3.9142711811023623
20
-3.9394439370078738
11
3.9149826377952754
21
-3.9401554330708661
0
LINE
8
BLACK
6
CONTINUOUS
10
3.9149826377952754
20
-3.9401554330708661
11
3.916617834645669
21
-3.9409730314960627
0
LINE
8
BLACK
6
CONTINUOUS
10
3.916617834645669
20
-3.9409730314960627
11
3.9202626377952754
21
-3.9418842519685038
0
LINE
8
BLACK
6
CONTINUOUS
10
3.9202626377952754
20
-3.9418842519685038
11
3.9203601181102363
21
-3.941930275590551
0
LINE
8
BLACK
6
CONTINUOUS
10
3.9203601181102363
20
-3.941930275590551
11
3.9204640944881888
21
-3.941958779527559
0
LINE
8
BLACK
6
CONTINUOUS
10
3.9204640944881888
20
-3.941958779527559
11
3.9223388582677163
21
-3.9428961417322834
0
LINE
8
BLACK
6
CONTINUOUS
10
3.9223388582677163
20
-3.9428961417322834
11
3.922463464566929
21
-3.9429928346456693
0
LINE
8
BLACK
6
CONTINUOUS
10
3.922463464566929
20
-3.9429928346456693
11
3.9225946850393698
21
-3.9430805511811022
0
LINE
8
BLACK
6
CONTINUOUS
10
3.9225946850393698
20
-3.9430805511811022
11
3.9235320472440942
21
-3.9440179527559054
0
LINE
8
BLACK
6
CONTINUOUS
10
3.9235320472440942
20
-3.9440179527559054
11
3.9236194881889763
21
-3.9441488188976379
0
LINE
8
BLACK
6
CONTINUOUS
10
3.9236194881889763
20
-3.9441488188976379
11
3.9237164173228347
21
-3.9442737007874014
0
LINE
8
BLACK
6
CONTINUOUS
10
3.9237164173228347
20
-3.9442737007874014
11
3.9246538188976379
21
-3.9461485039370077
0
LINE
8
BLACK
6
CONTINUOUS
10
3.9246538188976379
20
-3.9461485039370077
11
3.9246668110236218
21
-3.946196023622047
0
LINE
8
BLACK
6
CONTINUOUS
10
3.9246668110236218
20
-3.946196023622047
11
3.9246827952755905
21
-3.9462120078740157
0
LINE
8
BLACK
6
CONTINUOUS
10
3.9246827952755905
20
-3.9462120078740157
11
3.9247135433070865
21
-3.9463667322834644
0
LINE
8
BLACK
6
CONTINUOUS
10
3.9247135433070865
20
-3.9463667322834644
11
3.9247552362204723
21
-3.9465188976377954
0
LINE
8
BLACK
6
CONTINUOUS
10
3.9247552362204723
20
-3.9465188976377954
11
3.9247480708661415
21
-3.946540275590551
0
LINE
8
BLACK
6
CONTINUOUS
10
3.9247480708661415
20
-3.946540275590551
11
3.9247577165354328
21
-3.9465886614173229
0
LINE
8
BLACK
6
CONTINUOUS
10
3.9247577165354328
20
-3.9465886614173229
11
3.9247577165354328
21
-3.9484634251968505
0
LINE
8
BLACK
6
CONTINUOUS
10
3.9247577165354328
20
-3.9484634251968505
11
3.9247480708661415
21
-3.9485117716535432
0
LINE
8
BLACK
6
CONTINUOUS
10
3.9247480708661415
20
-3.9485117716535432
11
3.9247552362204723
21
-3.948533188976378
0
LINE
8
BLACK
6
CONTINUOUS
10
3.9247552362204723
20
-3.948533188976378
11
3.9247135433070865
21
-3.9486853149606298
0
LINE
8
BLACK
6
CONTINUOUS
10
3.9247135433070865
20
-3.9486853149606298
11
3.9246827952755905
21
-3.9488400787401572
0
LINE
8
BLACK
6
CONTINUOUS
10
3.9246827952755905
20
-3.9488400787401572
11
3.9246668110236218
21
-3.9488560236220471
0
LINE
8
BLACK
6
CONTINUOUS
10
3.9246668110236218
20
-3.9488560236220471
11
3.9246538188976379
21
-3.9489035826771652
0
LINE
8
BLACK
6
CONTINUOUS
10
3.9246538188976379
20
-3.9489035826771652
11
3.9237164173228347
21
-3.9507783858267715
0
LINE
8
BLACK
6
CONTINUOUS
10
3.9237164173228347
20
-3.9507783858267715
11
3.9236194881889763
21
-3.9509032283464567
0
LINE
8
BLACK
6
CONTINUOUS
10
3.9236194881889763
20
-3.9509032283464567
11
3.9235320472440942
21
-3.9510341338582675
0
LINE
8
BLACK
6
CONTINUOUS
10
3.9235320472440942
20
-3.9510341338582675
11
3.9225946850393698
21
-3.9519715354330707
0
LINE
8
BLACK
6
CONTINUOUS
10
3.9225946850393698
20
-3.9519715354330707
11
3.922463464566929
21
-3.9520592125984253
0
LINE
8
BLACK
6
CONTINUOUS
10
3.922463464566929
20
-3.9520592125984253
11
3.9223388582677163
21
-3.9521559448818895
0
LINE
8
BLACK
6
CONTINUOUS
10
3.9223388582677163
20
-3.9521559448818895
11
3.9204640944881888
21
-3.9530933070866139
0
LINE
8
BLACK
6
CONTINUOUS
10
3.9204640944881888
20
-3.9530933070866139
11
3.9204165354330707
21
-3.9531062992125983
0
LINE
8
BLACK
6
CONTINUOUS
10
3.9204165354330707
20
-3.9531062992125983
11
3.9204005905511812
21
-3.953122283464567
0
LINE
8
BLACK
6
CONTINUOUS
10
3.9204005905511812
20
-3.953122283464567
11
3.9202458267716533
21
-3.953153031496063
0
LINE
8
BLACK
6
CONTINUOUS
10
3.9202458267716533
20
-3.953153031496063
11
3.9200937007874015
21
-3.9531947244094487
0
LINE
8
BLACK
6
CONTINUOUS
10
3.9200937007874015
20
-3.9531947244094487
11
3.9200722834645667
21
-3.953187559055118
0
LINE
8
BLACK
6
CONTINUOUS
10
3.9200722834645667
20
-3.953187559055118
11
3.920023937007874
21
-3.9531972047244093
0
LINE
8
BLACK
6
CONTINUOUS
10
3.920023937007874
20
-3.9531972047244093
11
3.9153370078740157
21
-3.9531972047244093
0
LINE
8
BLACK
6
CONTINUOUS
10
3.9153370078740157
20
-3.9531972047244093
11
3.9151821653543308
21
-3.9531663779527557
0
LINE
8
BLACK
6
CONTINUOUS
10
3.9151821653543308
20
-3.9531663779527557
11
3.9150257874015746
21
-3.9531466929133856
0
LINE
8
BLACK
6
CONTINUOUS
10
3.9150257874015746
20
-3.9531466929133856
11
3.9122136220472439
21
-3.9522093307086612
0
LINE
8
BLACK
6
CONTINUOUS
10
3.9122136220472439
20
-3.9522093307086612
11
3.91188
21
-3.9520191338582675
0
LINE
8
BLACK
6
CONTINUOUS
10
3.91188
20
-3.9520191338582675
11
3.9115431102362206
21
-3.9513453543307087
0
LINE
8
BLACK
6
CONTINUOUS
10
3.9115431102362206
20
-3.9513453543307087
11
3.911781338582677
21
-3.9506307086614174
0
LINE
8
BLACK
6
CONTINUOUS
10
3.911781338582677
20
-3.9506307086614174
11
3.9124551181102363
21
-3.9502938188976375
0
LINE
8
BLACK
6
CONTINUOUS
10
3.9124551181102363
20
-3.9502938188976375
11
3.9128361417322832
21
-3.9503418503937007
0
LINE
8
BLACK
6
CONTINUOUS
10
3.9128361417322832
20
-3.9503418503937007
11
3.9154967322834646
21
-3.9512287007874014
0
LINE
8
BLACK
6
CONTINUOUS
10
3.9154967322834646
20
-3.9512287007874014
11
3.9197915748031495
21
-3.9512287007874014
0
LINE
8
BLACK
6
CONTINUOUS
10
3.9197915748031495
20
-3.9512287007874014
11
3.9213157086614174
21
-3.9504666141732283
0
LINE
8
BLACK
6
CONTINUOUS
10
3.9213157086614174
20
-3.9504666141732283
11
3.9220270472440943
21
-3.9497552362204722
0
LINE
8
BLACK
6
CONTINUOUS
10
3.9220270472440943
20
-3.9497552362204722
11
3.9227892125984249
21
-3.9482309842519685
0
LINE
8
BLACK
6
CONTINUOUS
10
3.9227892125984249
20
-3.9482309842519685
11
3.9227892125984249
21
-3.9468210629921261
0
LINE
8
BLACK
6
CONTINUOUS
10
3.9227892125984249
20
-3.9468210629921261
11
3.9220270472440943
21
-3.945296811023622
0
LINE
8
BLACK
6
CONTINUOUS
10
3.9220270472440943
20
-3.945296811023622
11
3.9213157086614174
21
-3.9445854330708658
0
LINE
8
BLACK
6
CONTINUOUS
10
3.9213157086614174
20
-3.9445854330708658
11
3.9196803149606296
21
-3.9437677559055118
0
LINE
8
BLACK
6
CONTINUOUS
10
3.9196803149606296
20
-3.9437677559055118
11
3.9160356692913383
21
-3.9428566141732282
0
LINE
8
BLACK
6
CONTINUOUS
10
3.9160356692913383
20
-3.9428566141732282
11
3.915938149606299
21
-3.9428105511811022
0
LINE
8
BLACK
6
CONTINUOUS
10
3.915938149606299
20
-3.9428105511811022
11
3.9158342125984249
21
-3.942782086614173
0
LINE
8
BLACK
6
CONTINUOUS
10
3.9158342125984249
20
-3.942782086614173
11
3.9139594881889761
21
-3.9418447244094486
0
LINE
8
BLACK
6
CONTINUOUS
10
3.9139594881889761
20
-3.9418447244094486
11
3.9138347637795277
21
-3.9417479133858269
0
LINE
8
BLACK
6
CONTINUOUS
10
3.9138347637795277
20
-3.9417479133858269
11
3.9137036614173226
21
-3.9416603149606297
0
LINE
8
BLACK
6
CONTINUOUS
10
3.9137036614173226
20
-3.9416603149606297
11
3.9127662598425195
21
-3.9407229527559053
0
LINE
8
BLACK
6
CONTINUOUS
10
3.9127662598425195
20
-3.9407229527559053
11
3.9126785039370078
21
-3.9405916141732282
0
LINE
8
BLACK
6
CONTINUOUS
10
3.9126785039370078
20
-3.9405916141732282
11
3.9125818897637794
21
-3.9404671259842519
0
LINE
8
BLACK
6
CONTINUOUS
10
3.9125818897637794
20
-3.9404671259842519
11
3.911644527559055
21
-3.9385923622047243
0
LINE
8
BLACK
6
CONTINUOUS
10
3.911644527559055
20
-3.9385923622047243
11
3.9116314960629919
21
-3.9385448031496062
0
LINE
8
BLACK
6
CONTINUOUS
10
3.9116314960629919
20
-3.9385448031496062
11
3.9116155511811024
21
-3.9385288582677163
0
LINE
8
BLACK
6
CONTINUOUS
10
3.9116155511811024
20
-3.9385288582677163
11
3.9115847637795276
21
-3.9383740944881889
0
LINE
8
BLACK
6
CONTINUOUS
10
3.9115847637795276
20
-3.9383740944881889
11
3.9115431102362206
21
-3.938221968503937
0
LINE
8
BLACK
6
CONTINUOUS
10
3.9115431102362206
20
-3.938221968503937
11
3.9115502362204722
21
-3.9382005511811022
0
LINE
8
BLACK
6
CONTINUOUS
10
3.9115502362204722
20
-3.9382005511811022
11
3.9115406299212596
21
-3.9381522047244095
0
LINE
8
BLACK
6
CONTINUOUS
10
3.9115406299212596
20
-3.9381522047244095
11
3.9115406299212596
21
-3.936277440944882
0
LINE
8
BLACK
6
CONTINUOUS
10
3.9115406299212596
20
-3.936277440944882
11
3.9115502362204722
21
-3.9362290551181101
0
LINE
8
BLACK
6
CONTINUOUS
10
3.9115502362204722
20
-3.9362290551181101
11
3.9115431102362206
21
-3.936207677165354
0
LINE
8
BLACK
6
CONTINUOUS
10
3.9115431102362206
20
-3.936207677165354
11
3.9115847637795276
21
-3.9360555118110234
0
LINE
8
BLACK
6
CONTINUOUS
10
3.9115847637795276
20
-3.9360555118110234
11
3.9116155511811024
21
-3.9359007874015748
0
LINE
8
BLACK
6
CONTINUOUS
10
3.9116155511811024
20
-3.9359007874015748
11
3.9116314960629919
21
-3.9358848031496061
0
LINE
8
BLACK
6
CONTINUOUS
10
3.9116314960629919
20
-3.9358848031496061
11
3.911644527559055
21
-3.9358372834645667
0
LINE
8
BLACK
6
CONTINUOUS
10
3.911644527559055
20
-3.9358372834645667
11
3.9125818897637794
21
-3.9339625196850392
0
LINE
8
BLACK
6
CONTINUOUS
10
3.9125818897637794
20
-3.9339625196850392
11
3.9126785826771653
21
-3.9338378740157478
0
LINE
8
BLACK
6
CONTINUOUS
10
3.9126785826771653
20
-3.9338378740157478
11
3.9127662992125982
21
-3.9337066929133857
0
LINE
8
BLACK
6
CONTINUOUS
10
3.9127662992125982
20
-3.9337066929133857
11
3.9137037007874014
21
-3.9327693307086613
0
LINE
8
BLACK
6
CONTINUOUS
10
3.9137037007874014
20
-3.9327693307086613
11
3.9138345669291339
21
-3.9326818503937009
0
LINE
8
BLACK
6
CONTINUOUS
10
3.9138345669291339
20
-3.9326818503937009
11
3.9139594488188973
21
-3.9325849606299212
0
LINE
8
BLACK
6
CONTINUOUS
10
3.9139594488188973
20
-3.9325849606299212
11
3.9158342519685037
21
-3.9316475590551181
0
LINE
8
BLACK
6
CONTINUOUS
10
3.9158342519685037
20
-3.9316475590551181
11
3.915881771653543
21
-3.931634527559055
0
LINE
8
BLACK
6
CONTINUOUS
10
3.915881771653543
20
-3.931634527559055
11
3.9158977559055117
21
-3.9316185826771655
0
LINE
8
BLACK
6
CONTINUOUS
10
3.9158977559055117
20
-3.9316185826771655
11
3.9160524803149603
21
-3.9315877952755907
0
LINE
8
BLACK
6
CONTINUOUS
10
3.9160524803149603
20
-3.9315877952755907
11
3.9162046456692914
21
-3.9315461417322832
0
LINE
8
BLACK
6
CONTINUOUS
10
3.9162046456692914
20
-3.9315461417322832
11
3.916226023622047
21
-3.9315532677165352
0
LINE
8
BLACK
6
CONTINUOUS
10
3.916226023622047
20
-3.9315532677165352
11
3.9162744094488189
21
-3.9315436614173227
0
LINE
8
BLACK
6
CONTINUOUS
10
3.9162744094488189
20
-3.9315436614173227
11
3.9209612992125984
21
-3.9315436614173227
0
LINE
8
BLACK
6
CONTINUOUS
10
3.9209612992125984
20
-3.9315436614173227
11
3.921116023622047
21
-3.9315744094488188
0
LINE
8
BLACK
6
CONTINUOUS
10
3.9398636614173226
20
-3.9315744094488188
11
3.9400201968503934
21
-3.9315941732283464
0
LINE
8
BLACK
6
CONTINUOUS
10
3.9400201968503934
20
-3.9315941732283464
11
3.9428323622047241
21
-3.9325315748031495
0
LINE
8
BLACK
6
CONTINUOUS
10
3.9428323622047241
20
-3.9325315748031495
11
3.9428751968503937
21
-3.9325559842519686
0
LINE
8
BLACK
6
CONTINUOUS
10
3.9428751968503937
20
-3.9325559842519686
11
3.9428977559055118
21
-3.9325559842519686
0
LINE
8
BLACK
6
CONTINUOUS
10
3.9428977559055118
20
-3.9325559842519686
11
3.9430290551181102
21
-3.9326437007874016
0
LINE
8
BLACK
6
CONTINUOUS
10
3.9430290551181102
20
-3.9326437007874016
11
3.9431659842519684
21
-3.9327217716535432
0
LINE
8
BLACK
6
CONTINUOUS
10
3.9431659842519684
20
-3.9327217716535432
11
3.9431760236220472
21
-3.9327418897637796
0
LINE
8
BLACK
6
CONTINUOUS
10
3.9431760236220472
20
-3.9327418897637796
11
3.9432170866141729
21
-3.9327693307086613
0
LINE
8
BLACK
6
CONTINUOUS
10
3.9432170866141729
20
-3.9327693307086613
11
3.9441544488188978
21
-3.9337066929133857
0
LINE
8
BLACK
6
CONTINUOUS
10
3.9441544488188978
20
-3.9337066929133857
11
3.9443677952755904
21
-3.9340260236220472
0
LINE
8
BLACK
6
CONTINUOUS
10
3.9443677952755904
20
-3.9340260236220472
11
3.9443677952755904
21
-3.9347793307086611
0
LINE
8
BLACK
6
CONTINUOUS
10
3.9443677952755904
20
-3.9347793307086611
11
3.9438351181102362
21
-3.9353120078740158
0
LINE
8
BLACK
6
CONTINUOUS
10
3.9438351181102362
20
-3.9353120078740158
11
3.9430818110236219
21
-3.9353120078740158
0
LINE
8
BLACK
6
CONTINUOUS
10
3.9430818110236219
20
-3.9353120078740158
11
3.9427624803149603
21
-3.9350986614173227
0
LINE
8
BLACK
6
CONTINUOUS
10
3.9427624803149603
20
-3.9350986614173227
11
3.9419893700787401
21
-3.9343255511811024
0
LINE
8
BLACK
6
CONTINUOUS
10
3.9419893700787401
20
-3.9343255511811024
11
3.9395492125984251
21
-3.9335121653543306
0
LINE
8
BLACK
6
CONTINUOUS
10
3.9395492125984251
20
-3.9335121653543306
11
3.9379938976377953
21
-3.9335121653543306
0
LINE
8
BLACK
6
CONTINUOUS
10
3.9379938976377953
20
-3.9335121653543306
11
3.9355537007874015
21
-3.9343255511811024
0
LINE
8
BLACK
6
CONTINUOUS
10
3.9355537007874015
20
-3.9343255511811024
11
3.9339561811023622
21
-3.9359231102362204
0
LINE
8
BLACK
6
CONTINUOUS
10
3.9339561811023622
20
-3.9359231102362204
11
3.9331385433070865
21
-3.9375583858267715
0
LINE
8
BLACK
6
CONTINUOUS
10
3.9331385433070865
20
-3.9375583858267715
11
3.932256771653543
21
-3.9410855511811023
0
LINE
8
BLACK
6
CONTINUOUS
10
3.932256771653543
20
-3.9410855511811023
11
3.932256771653543
21
-3.943655275590551
0
LINE
8
BLACK
6
CONTINUOUS
10
3.932256771653543
20
-3.943655275590551
11
3.9331385433070865
21
-3.9471824409448817
0
LINE
8
BLACK
6
CONTINUOUS
10
3.9331385433070865
20
-3.9471824409448817
11
3.933956220472441
21
-3.9488177952755903
0
LINE
8
BLACK
6
CONTINUOUS
10
3.933956220472441
20
-3.9488177952755903
11
3.9355537401574803
21
-3.95041531496063
0
LINE
8
BLACK
6
CONTINUOUS
10
3.9355537401574803
20
-3.95041531496063
11
3.9379938976377953
21
-3.9512287007874014
0
LINE
8
BLACK
6
CONTINUOUS
10
3.9379938976377953
20
-3.9512287007874014
11
3.9395492519685038
21
-3.9512287007874014
0
LINE
8
BLACK
6
CONTINUOUS
10
3.9395492519685038
20
-3.9512287007874014
11
3.9419894094488188
21
-3.95041531496063
0
LINE
8
BLACK
6
CONTINUOUS
10
3.9419894094488188
20
-3.95041531496063
11
3.9427624803149603
21
-3.9496422440944881
0
LINE
8
BLACK
6
CONTINUOUS
10
3.9427624803149603
20
-3.9496422440944881
11
3.9430818110236219
21
-3.9494288582677166
0
LINE
8
BLACK
6
CONTINUOUS
10
3.9430818110236219
20
-3.9494288582677166
11
3.9438351181102362
21
-3.9494288582677166
0
LINE
8
BLACK
6
CONTINUOUS
10
3.9438351181102362
20
-3.9494288582677166
11
3.9443677952755904
21
-3.9499614960629921
0
LINE
8
BLACK
6
CONTINUOUS
10
3.9443677952755904
20
-3.9499614960629921
11
3.9443677952755904
21
-3.950714803149606
0
LINE
8
BLACK
6
CONTINUOUS
10
3.9443677952755904
20
-3.950714803149606
11
3.9441544488188978
21
-3.9510341338582675
0
LINE
8
BLACK
6
CONTINUOUS
10
3.9441544488188978
20
-3.9510341338582675
11
3.9432170866141729
21
-3.9519715354330707
0
LINE
8
BLACK
6
CONTINUOUS
10
3.9432170866141729
20
-3.9519715354330707
11
3.943176062992126
21
-3.9519989370078741
0
LINE
8
BLACK
6
CONTINUOUS
10
3.943176062992126
20
-3.9519989370078741
11
3.9431659842519684
21
-3.9520191338582675
0
LINE
8
BLACK
6
CONTINUOUS
10
3.9431659842519684
20
-3.9520191338582675
11
3.9430290551181102
21
-3.9520971653543304
0
LINE
8
BLACK
6
CONTINUOUS
10
3.9430290551181102
20
-3.9520971653543304
11
3.9428977952755906
21
-3.9521849212598426
0
LINE
8
BLACK
6
CONTINUOUS
10
3.9428977952755906
20
-3.9521849212598426
11
3.9428751968503937
21
-3.9521849212598426
0
LINE
8
BLACK
6
CONTINUOUS
10
3.9428751968503937
20
-3.9521849212598426
11
3.9428323622047241
21
-3.9522093307086612
0
LINE
8
BLACK
6
CONTINUOUS
10
3.9428323622047241
20
-3.9522093307086612
11
3.9400201574803151
21
-3.9531466929133856
0
LINE
8
BLACK
6
CONTINUOUS
10
3.9400201574803151
20
-3.9531466929133856
11
3.9398637007874013
21
-3.9531663779527557
0
LINE
8
BLACK
6
CONTINUOUS
10
3.9398637007874013
20
-3.9531663779527557
11
3.9397089370078739
21
-3.9531972047244093
0
LINE
8
BLACK
6
CONTINUOUS
10
3.9397089370078739
20
-3.9531972047244093
11
3.9378341732283464
21
-3.9531972047244093
0
LINE
8
BLACK
6
CONTINUOUS
10
3.9378341732283464
20
-3.9531972047244093
11
3.9376793307086615
21
-3.9531663779527557
0
LINE
8
BLACK
6
CONTINUOUS
10
3.9376793307086615
20
-3.9531663779527557
11
3.9375229527559052
21
-3.9531466929133856
0
LINE
8
BLACK
6
CONTINUOUS
10
3.9375229527559052
20
-3.9531466929133856
11
3.9347107874015745
21
-3.9522093307086612
0
LINE
8
BLACK
6
CONTINUOUS
10
3.9347107874015745
20
-3.9522093307086612
11
3.9346679527559054
21
-3.9521849212598426
0
LINE
8
BLACK
6
CONTINUOUS
10
3.9346679527559054
20
-3.9521849212598426
11
3.9346453937007873
21
-3.9521849212598426
0
LINE
8
BLACK
6
CONTINUOUS
10
3.9346453937007873
20
-3.9521849212598426
11
3.9345142125984252
21
-3.9520972440944879
0
LINE
8
BLACK
6
CONTINUOUS
10
3.9345142125984252
20
-3.9520972440944879
11
3.9343771653543307
21
-3.9520191338582675
0
LINE
8
BLACK
6
CONTINUOUS
10
3.9343771653543307
20
-3.9520191338582675
11
3.9343670472440944
21
-3.9519988976377953
0
LINE
8
BLACK
6
CONTINUOUS
10
3.9343670472440944
20
-3.9519988976377953
11
3.9343260629921257
21
-3.9519715354330707
0
LINE
8
BLACK
6
CONTINUOUS
10
3.9343260629921257
20
-3.9519715354330707
11
3.9324512992125982
21
-3.9500967322834644
0
LINE
8
BLACK
6
CONTINUOUS
10
3.9324512992125982
20
-3.9500967322834644
11
3.9323638188976378
21
-3.9499658661417323
0
LINE
8
BLACK
6
CONTINUOUS
10
3.9323638188976378
20
-3.9499658661417323
11
3.9322669291338581
21
-3.9498409842519684
0
LINE
8
BLACK
6
CONTINUOUS
10
3.9322669291338581
20
-3.9498409842519684
11
3.931329527559055
21
-3.9479662204724408
0
LINE
8
BLACK
6
CONTINUOUS
10
3.931329527559055
20
-3.9479662204724408
11
3.9313010236220474
21
-3.9478621653543304
0
LINE
8
BLACK
6
CONTINUOUS
10
3.9313010236220474
20
-3.9478621653543304
11
3.9312549999999997
21
-3.9477647244094487
0
LINE
8
BLACK
6
CONTINUOUS
10
3.9312549999999997
20
-3.9477647244094487
11
3.9303176377952753
21
-3.9440151968503936
0
LINE
8
BLACK
6
CONTINUOUS
10
3.9303176377952753
20
-3.9440151968503936
11
3.9303117716535434
21
-3.9438946456692912
0
LINE
8
BLACK
6
CONTINUOUS
10
3.9303117716535434
20
-3.9438946456692912
11
3.9302882677165352
21
-3.9437764960629922
0
LINE
8
BLACK
6
CONTINUOUS
10
3.9302882677165352
20
-3.9437764960629922
11
3.9302882677165352
21
-3.9409643700787402
0
LINE
8
BLACK
6
CONTINUOUS
10
3.9302882677165352
20
-3.9409643700787402
11
3.9303117716535434
21
-3.9408461811023621
0
LINE
8
BLACK
6
CONTINUOUS
10
3.9303117716535434
20
-3.9408461811023621
11
3.9303176377952753
21
-3.9407256692913384
0
LINE
8
BLACK
6
CONTINUOUS
10
3.9303176377952753
20
-3.9407256692913384
11
3.9312549999999997
21
-3.9369761417322833
0
LINE
8
BLACK
6
CONTINUOUS
10
3.9312549999999997
20
-3.9369761417322833
11
3.9313010236220474
21
-3.9368786614173228
0
LINE
8
BLACK
6
CONTINUOUS
10
3.9313010236220474
20
-3.9368786614173228
11
3.931329527559055
21
-3.9367746456692911
0
LINE
8
BLACK
6
CONTINUOUS
10
3.931329527559055
20
-3.9367746456692911
11
3.9322669291338581
21
-3.9348998818897636
0
LINE
8
BLACK
6
CONTINUOUS
10
3.9322669291338581
20
-3.9348998818897636
11
3.9323637401574802
21
-3.9347751181102359
0
LINE
8
BLACK
6
CONTINUOUS
10
3.9323637401574802
20
-3.9347751181102359
11
3.9324512992125982
21
-3.9346440944881889
0
LINE
8
BLACK
6
CONTINUOUS
10
3.9324512992125982
20
-3.9346440944881889
11
3.9343260629921257
21
-3.9327693700787401
0
LINE
8
BLACK
6
CONTINUOUS
10
3.9343260629921257
20
-3.9327693700787401
11
3.9343670472440944
21
-3.9327419685039371
0
LINE
8
BLACK
6
CONTINUOUS
10
3.9343670472440944
20
-3.9327419685039371
11
3.9343771653543307
21
-3.9327217716535432
0
LINE
8
BLACK
6
CONTINUOUS
10
3.9343771653543307
20
-3.9327217716535432
11
3.9345142125984252
21
-3.932643622047244
0
LINE
8
BLACK
6
CONTINUOUS
10
3.9345142125984252
20
-3.932643622047244
11
3.9346453937007873
21
-3.9325559842519686
0
LINE
8
BLACK
6
CONTINUOUS
10
3.9346453937007873
20
-3.9325559842519686
11
3.9346679527559054
21
-3.9325559842519686
0
LINE
8
BLACK
6
CONTINUOUS
10
3.9346679527559054
20
-3.9325559842519686
11
3.9347107874015745
21
-3.9325315748031495
0
LINE
8
BLACK
6
CONTINUOUS
10
3.9347107874015745
20
-3.9325315748031495
11
3.9375229133858265
21
-3.9315941732283464
0
LINE
8
BLACK
6
CONTINUOUS
10
3.9375229133858265
20
-3.9315941732283464
11
3.937679409448819
21
-3.9315744094488188
0
LINE
8
BLACK
6
CONTINUOUS
10
3.937679409448819
20
-3.9315744094488188
11
3.9378341732283464
21
-3.9315436614173227
0
LINE
8
BLACK
6
CONTINUOUS
10
3.9378341732283464
20
-3.9315436614173227
11
3.9397089370078739
21
-3.9315436614173227
0
LINE
8
BLACK
6
CONTINUOUS
10
3.9397089370078739
20
-3.9315436614173227
11
3.9398636614173226
21
-3.9315744094488188
0
LINE
8
BLACK
6
CONTINUOUS
10
3.9528042519685038
20
-3.9321512598425197
11
3.9528791732283466
21
-3.9325279133858269
0
LINE
8
BLACK
6
CONTINUOUS
10
3.9528791732283466
20
-3.9325279133858269
11
3.9528791732283466
21
-3.9512287007874014
0
LINE
8
BLACK
6
CONTINUOUS
10
3.9528791732283466
20
-3.9512287007874014
11
3.9612687401574802
21
-3.9512287007874014
0
LINE
8
BLACK
6
CONTINUOUS
10
3.9612687401574802
20
-3.9512287007874014
11
3.9616453937007874
21
-3.9513036220472442
0
LINE
8
BLACK
6
CONTINUOUS
10
3.9616453937007874
20
-3.9513036220472442
11
3.9621780708661416
21
-3.9518362992125984
0
LINE
8
BLACK
6
CONTINUOUS
10
3.9621780708661416
20
-3.9518362992125984
11
3.9621780708661416
21
-3.9525896062992123
0
LINE
8
BLACK
6
CONTINUOUS
10
3.9621780708661416
20
-3.9525896062992123
11
3.9616453937007874
21
-3.953122283464567
0
LINE
8
BLACK
6
CONTINUOUS
10
3.9616453937007874
20
-3.953122283464567
11
3.9612687401574802
21
-3.9531972047244093
0
LINE
8
BLACK
6
CONTINUOUS
10
3.9612687401574802
20
-3.9531972047244093
11
3.9518949212598424
21
-3.9531972047244093
0
LINE
8
BLACK
6
CONTINUOUS
10
3.9518949212598424
20
-3.9531972047244093
11
3.9515182677165352
21
-3.953122283464567
0
LINE
8
BLACK
6
CONTINUOUS
10
3.9515182677165352
20
-3.953122283464567
11
3.950985590551181
21
-3.9525896062992123
0
LINE
8
BLACK
6
CONTINUOUS
10
3.950985590551181
20
-3.9525896062992123
11
3.9509106692913383
21
-3.9522129527559056
0
LINE
8
BLACK
6
CONTINUOUS
10
3.9509106692913383
20
-3.9522129527559056
11
3.9509106692913383
21
-3.9325279133858269
0
LINE
8
BLACK
6
CONTINUOUS
10
3.9509106692913383
20
-3.9325279133858269
11
3.950985590551181
21
-3.9321512598425197
0
LINE
8
BLACK
6
CONTINUOUS
10
3.950985590551181
20
-3.9321512598425197
11
3.9515182677165352
21
-3.9316185826771655
0
LINE
8
BLACK
6
CONTINUOUS
10
3.9515182677165352
20
-3.9316185826771655
11
3.9522715748031496
21
-3.9316185826771655
0
LINE
8
BLACK
6
CONTINUOUS
10
3.9522715748031496
20
-3.9316185826771655
11
3.9528042519685038
21
-3.9321512598425197
0
LINE
8
BLACK
6
CONTINUOUS
10
4.0037931889763776
20
-3.9296059055118109
11
4.0039497244094484
21
-3.9296256692913385
0
LINE
8
BLACK
6
CONTINUOUS
10
4.0039497244094484
20
-3.9296256692913385
11
4.0067618897637791
21
-3.9305630708661417
0
LINE
8
BLACK
6
CONTINUOUS
10
4.0067618897637791
20
-3.9305630708661417
11
4.0070955118110234
21
-3.9307532677165353
0
LINE
8
BLACK
6
CONTINUOUS
10
4.0070955118110234
20
-3.9307532677165353
11
4.0074324015748033
21
-3.9314270472440942
0
LINE
8
BLACK
6
CONTINUOUS
10
4.0074324015748033
20
-3.9314270472440942
11
4.0071941732283465
21
-3.9321416929133859
0
LINE
8
BLACK
6
CONTINUOUS
10
4.0071941732283465
20
-3.9321416929133859
11
4.0065203937007876
21
-3.9324785826771653
0
LINE
8
BLACK
6
CONTINUOUS
10
4.0065203937007876
20
-3.9324785826771653
11
4.0061393700787402
21
-3.9324305511811022
0
LINE
8
BLACK
6
CONTINUOUS
10
4.0061393700787402
20
-3.9324305511811022
11
4.0034787401574805
21
-3.9315436614173227
0
LINE
8
BLACK
6
CONTINUOUS
10
4.0034787401574805
20
-3.9315436614173227
11
3.9991839763779526
21
-3.9315436614173227
0
LINE
8
BLACK
6
CONTINUOUS
10
3.9991839763779526
20
-3.9315436614173227
11
3.9976597244094489
21
-3.9323057874015745
0
LINE
8
BLACK
6
CONTINUOUS
10
3.9976597244094489
20
-3.9323057874015745
11
3.9969483464566928
21
-3.9330171259842519
0
LINE
8
BLACK
6
CONTINUOUS
10
3.9969483464566928
20
-3.9330171259842519
11
3.9961862992125985
21
-3.9345412992125985
0
LINE
8
BLACK
6
CONTINUOUS
10
3.9961862992125985
20
-3.9345412992125985
11
3.9961862992125985
21
-3.9359513385826772
0
LINE
8
BLACK
6
CONTINUOUS
10
3.9961862992125985
20
-3.9359513385826772
11
3.9969483464566928
21
-3.9374754330708659
0
LINE
8
BLACK
6
CONTINUOUS
10
3.9969483464566928
20
-3.9374754330708659
11
3.997659803149606
21
-3.9381869291338583
0
LINE
8
BLACK
6
CONTINUOUS
10
3.997659803149606
20
-3.9381869291338583
11
3.999295
21
-3.9390045275590548
0
LINE
8
BLACK
6
CONTINUOUS
10
3.999295
20
-3.9390045275590548
11
4.002939803149606
21
-3.9399157480314959
0
LINE
8
BLACK
6
CONTINUOUS
10
4.002939803149606
20
-3.9399157480314959
11
4.0030372834645664
21
-3.9399617716535431
0
LINE
8
BLACK
6
CONTINUOUS
10
4.0030372834645664
20
-3.9399617716535431
11
4.0031412598425193
21
-3.9399902755905511
0
LINE
8
BLACK
6
CONTINUOUS
10
4.0031412598425193
20
-3.9399902755905511
11
4.0050160236220469
21
-3.9409276377952756
0
LINE
8
BLACK
6
CONTINUOUS
10
4.0050160236220469
20
-3.9409276377952756
11
4.00514062992126
21
-3.9410243307086614
0
LINE
8
BLACK
6
CONTINUOUS
10
4.00514062992126
20
-3.9410243307086614
11
4.0052718503937008
21
-3.9411120472440944
0
LINE
8
BLACK
6
CONTINUOUS
10
4.0052718503937008
20
-3.9411120472440944
11
4.0062092125984252
21
-3.9420494488188975
0
LINE
8
BLACK
6
CONTINUOUS
10
4.0062092125984252
20
-3.9420494488188975
11
4.0062966535433073
21
-3.94218031496063
0
LINE
8
BLACK
6
CONTINUOUS
10
4.0062966535433073
20
-3.94218031496063
11
4.0063935826771653
21
-3.9423051968503935
0
LINE
8
BLACK
6
CONTINUOUS
10
4.0063935826771653
20
-3.9423051968503935
11
4.0073309842519684
21
-3.9441799999999998
0
LINE
8
BLACK
6
CONTINUOUS
10
4.0073309842519684
20
-3.9441799999999998
11
4.0073439763779524
21
-3.9442275196850392
0
LINE
8
BLACK
6
CONTINUOUS
10
4.0073439763779524
20
-3.9442275196850392
11
4.0073599606299215
21
-3.9442435039370078
0
LINE
8
BLACK
6
CONTINUOUS
10
4.0073599606299215
20
-3.9442435039370078
11
4.0073907086614176
21
-3.9443982283464565
0
LINE
8
BLACK
6
CONTINUOUS
10
4.0073907086614176
20
-3.9443982283464565
11
4.0074324015748033
21
-3.9445503937007875
0
LINE
8
BLACK
6
CONTINUOUS
10
4.0074324015748033
20
-3.9445503937007875
11
4.0074252362204721
21
-3.9445717716535431
0
LINE
8
BLACK
6
CONTINUOUS
10
4.0074252362204721
20
-3.9445717716535431
11
4.0074348818897638
21
-3.944620157480315
0
LINE
8
BLACK
6
CONTINUOUS
10
4.0074348818897638
20
-3.944620157480315
11
4.0074348818897638
21
-3.9464949212598426
0
LINE
8
BLACK
6
CONTINUOUS
10
4.0074348818897638
20
-3.9464949212598426
11
4.0074252362204721
21
-3.9465432677165353
0
LINE
8
BLACK
6
CONTINUOUS
10
4.0074252362204721
20
-3.9465432677165353
11
4.0074324015748033
21
-3.9465646850393701
0
LINE
8
BLACK
6
CONTINUOUS
10
4.0074324015748033
20
-3.9465646850393701
11
4.0073907086614176
21
-3.9467168110236219
0
LINE
8
BLACK
6
CONTINUOUS
10
4.0073907086614176
20
-3.9467168110236219
11
4.0073599606299215
21
-3.9468715748031493
0
LINE
8
BLACK
6
CONTINUOUS
10
4.0073599606299215
20
-3.9468715748031493
11
4.0073439763779524
21
-3.9468875196850393
0
LINE
8
BLACK
6
CONTINUOUS
10
4.0073439763779524
20
-3.9468875196850393
11
4.0073309842519684
21
-3.9469350787401574
0
LINE
8
BLACK
6
CONTINUOUS
10
4.0073309842519684
20
-3.9469350787401574
11
4.0063935826771653
21
-3.9488098818897637
0
LINE
8
BLACK
6
CONTINUOUS
10
4.0063935826771653
20
-3.9488098818897637
11
4.0062966535433073
21
-3.9489347244094488
0
LINE
8
BLACK
6
CONTINUOUS
10
4.0062966535433073
20
-3.9489347244094488
11
4.0062092125984252
21
-3.9490656299212596
0
LINE
8
BLACK
6
CONTINUOUS
10
4.0062092125984252
20
-3.9490656299212596
11
4.0052718503937008
21
-3.9500030314960628
0
LINE
8
BLACK
6
CONTINUOUS
10
4.0052718503937008
20
-3.9500030314960628
11
4.00514062992126
21
-3.9500907086614174
0
LINE
8
BLACK
6
CONTINUOUS
10
4.00514062992126
20
-3.9500907086614174
11
4.0050160236220469
21
-3.9501874409448816
0
LINE
8
BLACK
6
CONTINUOUS
10
4.0050160236220469
20
-3.9501874409448816
11
4.0031412598425193
21
-3.951124803149606
0
LINE
8
BLACK
6
CONTINUOUS
10
4.0031412598425193
20
-3.951124803149606
11
4.0030937007874012
21
-3.9511377952755904
0
LINE
8
BLACK
6
CONTINUOUS
10
4.0030937007874012
20
-3.9511377952755904
11
4.0030777559055117
21
-3.9511537795275591
0
LINE
8
BLACK
6
CONTINUOUS
10
4.0030777559055117
20
-3.9511537795275591
11
4.0029229921259839
21
-3.9511845275590551
0
LINE
8
BLACK
6
CONTINUOUS
10
4.0029229921259839
20
-3.9511845275590551
11
4.0027708661417325
21
-3.9512262204724409
0
LINE
8
BLACK
6
CONTINUOUS
10
4.0027708661417325
20
-3.9512262204724409
11
4.0027494488188973
21
-3.9512190551181101
0
LINE
8
BLACK
6
CONTINUOUS
10
4.0027494488188973
20
-3.9512190551181101
11
4.002701102362205
21
-3.9512287007874014
0
LINE
8
BLACK
6
CONTINUOUS
10
4.002701102362205
20
-3.9512287007874014
11
3.9980141732283463
21
-3.9512287007874014
0
LINE
8
BLACK
6
CONTINUOUS
10
3.9980141732283463
20
-3.9512287007874014
11
3.9978593307086614
21
-3.9511978740157478
0
LINE
8
BLACK
6
CONTINUOUS
10
3.9978593307086614
20
-3.9511978740157478
11
3.9977029527559056
21
-3.9511781889763777
0
LINE
8
BLACK
6
CONTINUOUS
10
3.9977029527559056
20
-3.9511781889763777
11
3.9948907874015749
21
-3.9502408267716533
0
LINE
8
BLACK
6
CONTINUOUS
10
3.9948907874015749
20
-3.9502408267716533
11
3.9945571653543306
21
-3.9500506299212597
0
LINE
8
BLACK
6
CONTINUOUS
10
3.9945571653543306
20
-3.9500506299212597
11
3.9942202755905512
21
-3.9493768503937008
0
LINE
8
BLACK
6
CONTINUOUS
10
3.9942202755905512
20
-3.9493768503937008
11
3.994458503937008
21
-3.9486622047244095
0
LINE
8
BLACK
6
CONTINUOUS
10
3.994458503937008
20
-3.9486622047244095
11
3.9951322834645668
21
-3.9483253149606297
0
LINE
8
BLACK
6
CONTINUOUS
10
3.9951322834645668
20
-3.9483253149606297
11
3.9955133070866142
21
-3.9483733464566928
0
LINE
8
BLACK
6
CONTINUOUS
10
3.9955133070866142
20
-3.9483733464566928
11
3.9981738976377952
21
-3.9492601968503935
0
LINE
8
BLACK
6
CONTINUOUS
10
3.9981738976377952
20
-3.9492601968503935
11
4.0024687401574806
21
-3.9492601968503935
0
LINE
8
BLACK
6
CONTINUOUS
10
4.0024687401574806
20
-3.9492601968503935
11
4.003992874015748
21
-3.9484981102362204
0
LINE
8
BLACK
6
CONTINUOUS
10
4.003992874015748
20
-3.9484981102362204
11
4.0047042125984254
21
-3.9477867322834643
0
LINE
8
BLACK
6
CONTINUOUS
10
4.0047042125984254
20
-3.9477867322834643
11
4.0054663779527555
21
-3.9462624803149606
0
LINE
8
BLACK
6
CONTINUOUS
10
4.0054663779527555
20
-3.9462624803149606
11
4.0054663779527555
21
-3.9448525590551182
0
LINE
8
BLACK
6
CONTINUOUS
10
4.0054663779527555
20
-3.9448525590551182
11
4.0047042125984254
21
-3.9433283070866141
0
LINE
8
BLACK
6
CONTINUOUS
10
4.0047042125984254
20
-3.9433283070866141
11
4.003992874015748
21
-3.942616929133858
0
LINE
8
BLACK
6
CONTINUOUS
10
4.003992874015748
20
-3.942616929133858
11
4.0023574803149602
21
-3.9417992519685039
0
LINE
8
BLACK
6
CONTINUOUS
10
4.0023574803149602
20
-3.9417992519685039
11
3.9987128346456693
21
-3.9408881102362203
0
LINE
8
BLACK
6
CONTINUOUS
10
3.9987128346456693
20
-3.9408881102362203
11
3.9986153149606301
21
-3.9408420472440944
0
LINE
8
BLACK
6
CONTINUOUS
10
3.9986153149606301
20
-3.9408420472440944
11
3.9985113779527559
21
-3.9408135826771651
0
LINE
8
BLACK
6
CONTINUOUS
10
3.9985113779527559
20
-3.9408135826771651
11
3.9966366535433071
21
-3.9398762204724407
0
LINE
8
BLACK
6
CONTINUOUS
10
3.9966366535433071
20
-3.9398762204724407
11
3.9965119291338582
21
-3.939779409448819
0
LINE
8
BLACK
6
CONTINUOUS
10
3.9965119291338582
20
-3.939779409448819
11
3.9963808267716536
21
-3.9396918110236219
0
LINE
8
BLACK
6
CONTINUOUS
10
3.9963808267716536
20
-3.9396918110236219
11
3.9954434251968505
21
-3.9387544488188975
0
LINE
8
BLACK
6
CONTINUOUS
10
3.9954434251968505
20
-3.9387544488188975
11
3.9953556692913383
21
-3.9386231102362204
0
LINE
8
BLACK
6
CONTINUOUS
10
3.9953556692913383
20
-3.9386231102362204
11
3.99525905511811
21
-3.938498622047244
0
LINE
8
BLACK
6
CONTINUOUS
10
3.99525905511811
20
-3.938498622047244
11
3.9943216929133856
21
-3.9366238582677164
0
LINE
8
BLACK
6
CONTINUOUS
10
3.9943216929133856
20
-3.9366238582677164
11
3.9943086614173229
21
-3.9365762992125983
0
LINE
8
BLACK
6
CONTINUOUS
10
3.9943086614173229
20
-3.9365762992125983
11
3.9942927165354329
21
-3.9365603543307084
0
LINE
8
BLACK
6
CONTINUOUS
10
3.9942927165354329
20
-3.9365603543307084
11
3.9942619291338581
21
-3.936405590551181
0
LINE
8
BLACK
6
CONTINUOUS
10
3.9942619291338581
20
-3.936405590551181
11
3.9942202755905512
21
-3.9362534645669291
0
LINE
8
BLACK
6
CONTINUOUS
10
3.9942202755905512
20
-3.9362534645669291
11
3.9942274015748032
21
-3.9362320472440944
0
LINE
8
BLACK
6
CONTINUOUS
10
3.9942274015748032
20
-3.9362320472440944
11
3.9942177952755906
21
-3.9361837007874017
0
LINE
8
BLACK
6
CONTINUOUS
10
3.9942177952755906
20
-3.9361837007874017
11
3.9942177952755906
21
-3.9343089370078741
0
LINE
8
BLACK
6
CONTINUOUS
10
3.9942177952755906
20
-3.9343089370078741
11
3.9942274015748032
21
-3.9342605511811022
0
LINE
8
BLACK
6
CONTINUOUS
10
3.9942274015748032
20
-3.9342605511811022
11
3.9942202755905512
21
-3.9342391732283462
0
LINE
8
BLACK
6
CONTINUOUS
10
3.9942202755905512
20
-3.9342391732283462
11
3.9942619291338581
21
-3.9340870078740156
0
LINE
8
BLACK
6
CONTINUOUS
10
3.9942619291338581
20
-3.9340870078740156
11
3.9942927165354329
21
-3.9339322834645669
0
LINE
8
BLACK
6
CONTINUOUS
10
3.9942927165354329
20
-3.9339322834645669
11
3.9943086614173229
21
-3.9339162992125982
0
LINE
8
BLACK
6
CONTINUOUS
10
3.9943086614173229
20
-3.9339162992125982
11
3.9943216929133856
21
-3.9338687795275589
0
LINE
8
BLACK
6
CONTINUOUS
10
3.9943216929133856
20
-3.9338687795275589
11
3.99525905511811
21
-3.9319940157480313
0
LINE
8
BLACK
6
CONTINUOUS
10
3.99525905511811
20
-3.9319940157480313
11
3.9953557480314958
21
-3.9318693700787399
0
LINE
8
BLACK
6
CONTINUOUS
10
3.9953557480314958
20
-3.9318693700787399
11
3.9954434645669292
21
-3.9317381889763778
0
LINE
8
BLACK
6
CONTINUOUS
10
3.9954434645669292
20
-3.9317381889763778
11
3.9963808661417324
21
-3.9308008267716534
0
LINE
8
BLACK
6
CONTINUOUS
10
3.9963808661417324
20
-3.9308008267716534
11
3.9965117322834645
21
-3.930713346456693
0
LINE
8
BLACK
6
CONTINUOUS
10
3.9965117322834645
20
-3.930713346456693
11
3.9966366141732284
21
-3.9306164566929134
0
LINE
8
BLACK
6
CONTINUOUS
10
3.9966366141732284
20
-3.9306164566929134
11
3.9985114173228347
21
-3.9296790551181102
0
LINE
8
BLACK
6
CONTINUOUS
10
3.9985114173228347
20
-3.9296790551181102
11
3.998558937007874
21
-3.9296660236220471
0
LINE
8
BLACK
6
CONTINUOUS
10
3.998558937007874
20
-3.9296660236220471
11
3.9985749212598423
21
-3.9296500787401576
0
LINE
8
BLACK
6
CONTINUOUS
10
3.9985749212598423
20
-3.9296500787401576
11
3.9987296456692913
21
-3.9296192913385828
0
LINE
8
BLACK
6
CONTINUOUS
10
3.9987296456692913
20
-3.9296192913385828
11
3.9988818110236219
21
-3.9295776377952754
0
LINE
8
BLACK
6
CONTINUOUS
10
3.9988818110236219
20
-3.9295776377952754
11
3.998903188976378
21
-3.9295847637795274
0
LINE
8
BLACK
6
CONTINUOUS
10
3.998903188976378
20
-3.9295847637795274
11
3.9989515748031494
21
-3.9295751574803148
0
LINE
8
BLACK
6
CONTINUOUS
10
3.9989515748031494
20
-3.9295751574803148
11
4.0036384645669294
21
-3.9295751574803148
0
LINE
8
BLACK
6
CONTINUOUS
10
4.0036384645669294
20
-3.9295751574803148
11
4.0037931889763776
21
-3.9296059055118109
0
LINE
8
BLACK
6
CONTINUOUS
10
4.0197287007874012
20
-3.9296059055118109
11
4.019885236220472
21
-3.9296256692913385
0
LINE
8
BLACK
6
CONTINUOUS
10
4.019885236220472
20
-3.9296256692913385
11
4.022697362204724
21
-3.9305630708661417
0
LINE
8
BLACK
6
CONTINUOUS
10
4.022697362204724
20
-3.9305630708661417
11
4.0227401968503935
21
-3.9305874803149607
0
LINE
8
BLACK
6
CONTINUOUS
10
4.0227401968503935
20
-3.9305874803149607
11
4.0227627559055117
21
-3.9305874803149607
0
LINE
8
BLACK
6
CONTINUOUS
10
4.0227627559055117
20
-3.9305874803149607
11
4.02289405511811
21
-3.9306751968503937
0
LINE
8
BLACK
6
CONTINUOUS
10
4.02289405511811
20
-3.9306751968503937
11
4.0230309842519683
21
-3.9307532677165353
0
LINE
8
BLACK
6
CONTINUOUS
10
4.0230309842519683
20
-3.9307532677165353
11
4.0230410236220475
21
-3.9307733858267717
0
LINE
8
BLACK
6
CONTINUOUS
10
4.0230410236220475
20
-3.9307733858267717
11
4.0230820866141732
21
-3.9308008267716534
0
LINE
8
BLACK
6
CONTINUOUS
10
4.0230820866141732
20
-3.9308008267716534
11
4.024956811023622
21
-3.932675590551181
0
LINE
8
BLACK
6
CONTINUOUS
10
4.024956811023622
20
-3.932675590551181
11
4.0250442913385829
21
-3.9328065354330706
0
LINE
8
BLACK
6
CONTINUOUS
10
4.0250442913385829
20
-3.9328065354330706
11
4.0251412204724408
21
-3.9329313779527557
0
LINE
8
BLACK
6
CONTINUOUS
10
4.0251412204724408
20
-3.9329313779527557
11
4.026078622047244
21
-3.934806181102362
0
LINE
8
BLACK
6
CONTINUOUS
10
4.026078622047244
20
-3.934806181102362
11
4.0261070866141733
21
-3.9349101181102362
0
LINE
8
BLACK
6
CONTINUOUS
10
4.0261070866141733
20
-3.9349101181102362
11
4.0261531496062988
21
-3.9350076377952754
0
LINE
8
BLACK
6
CONTINUOUS
10
4.0261531496062988
20
-3.9350076377952754
11
4.0270905118110232
21
-3.9387571653543305
0
LINE
8
BLACK
6
CONTINUOUS
10
4.0270905118110232
20
-3.9387571653543305
11
4.0270963385826768
21
-3.9388776771653542
0
LINE
8
BLACK
6
CONTINUOUS
10
4.0270963385826768
20
-3.9388776771653542
11
4.0271198818897638
21
-3.9389958661417324
0
LINE
8
BLACK
6
CONTINUOUS
10
4.0271198818897638
20
-3.9389958661417324
11
4.0271198818897638
21
-3.9418079921259843
0
LINE
8
BLACK
6
CONTINUOUS
10
4.0271198818897638
20
-3.9418079921259843
11
4.0270963385826768
21
-3.9419261417322833
0
LINE
8
BLACK
6
CONTINUOUS
10
4.0270963385826768
20
-3.9419261417322833
11
4.0270905118110232
21
-3.9420466929133857
0
LINE
8
BLACK
6
CONTINUOUS
10
4.0270905118110232
20
-3.9420466929133857
11
4.0261531496062988
21
-3.9457962204724408
0
LINE
8
BLACK
6
CONTINUOUS
10
4.0261531496062988
20
-3.9457962204724408
11
4.0261070866141733
21
-3.9458937007874013
0
LINE
8
BLACK
6
CONTINUOUS
10
4.0261070866141733
20
-3.9458937007874013
11
4.026078622047244
21
-3.9459976771653542
0
LINE
8
BLACK
6
CONTINUOUS
10
4.026078622047244
20
-3.9459976771653542
11
4.0251412204724408
21
-3.9478724803149605
0
LINE
8
BLACK
6
CONTINUOUS
10
4.0251412204724408
20
-3.9478724803149605
11
4.0250444488188979
21
-3.9479970866141731
0
LINE
8
BLACK
6
CONTINUOUS
10
4.0250444488188979
20
-3.9479970866141731
11
4.0249568503937008
21
-3.9481282677165352
0
LINE
8
BLACK
6
CONTINUOUS
10
4.0249568503937008
20
-3.9481282677165352
11
4.0230820866141732
21
-3.9500030314960628
0
LINE
8
BLACK
6
CONTINUOUS
10
4.0230820866141732
20
-3.9500030314960628
11
4.0230410629921263
21
-3.9500303937007875
0
LINE
8
BLACK
6
CONTINUOUS
10
4.0230410629921263
20
-3.9500303937007875
11
4.0230309842519683
21
-3.9500506299212597
0
LINE
8
BLACK
6
CONTINUOUS
10
4.0230309842519683
20
-3.9500506299212597
11
4.022893897637795
21
-3.9501287401574801
0
LINE
8
BLACK
6
CONTINUOUS
10
4.022893897637795
20
-3.9501287401574801
11
4.0227627559055117
21
-3.9502164173228347
0
LINE
8
BLACK
6
CONTINUOUS
10
4.0227627559055117
20
-3.9502164173228347
11
4.0227401968503935
21
-3.9502164173228347
0
LINE
8
BLACK
6
CONTINUOUS
10
4.0227401968503935
20
-3.9502164173228347
11
4.022697362204724
21
-3.9502408267716533
0
LINE
8
BLACK
6
CONTINUOUS
10
4.022697362204724
20
-3.9502408267716533
11
4.019885236220472
21
-3.9511781889763777
0
LINE
8
BLACK
6
CONTINUOUS
10
4.019885236220472
20
-3.9511781889763777
11
4.0197287007874012
21
-3.9511979133858266
0
LINE
8
BLACK
6
CONTINUOUS
10
4.0197287007874012
20
-3.9511979133858266
11
4.019573976377953
21
-3.9512287007874014
0
LINE
8
BLACK
6
CONTINUOUS
10
4.019573976377953
20
-3.9512287007874014
11
4.0148870472440947
21
-3.9512287007874014
0
LINE
8
BLACK
6
CONTINUOUS
10
4.0148870472440947
20
-3.9512287007874014
11
4.0145103937007871
21
-3.9511537795275591
0
LINE
8
BLACK
6
CONTINUOUS
10
4.0145103937007871
20
-3.9511537795275591
11
4.0139777165354333
21
-3.9506211023622044
0
LINE
8
BLACK
6
CONTINUOUS
10
4.0139777165354333
20
-3.9506211023622044
11
4.0139027952755901
21
-3.9502444488188977
0
LINE
8
BLACK
6
CONTINUOUS
10
4.0139027952755901
20
-3.9502444488188977
11
4.0139027952755901
21
-3.930559409448819
0
LINE
8
BLACK
6
CONTINUOUS
10
4.0139027952755901
20
-3.930559409448819
11
4.0139777165354333
21
-3.9301827559055118
0
LINE
8
BLACK
6
CONTINUOUS
10
4.0139777165354333
20
-3.9301827559055118
11
4.0145103937007871
21
-3.9296500787401576
0
LINE
8
BLACK
6
CONTINUOUS
10
4.0145103937007871
20
-3.9296500787401576
11
4.0148870472440947
21
-3.9295751574803148
0
LINE
8
BLACK
6
CONTINUOUS
10
4.0148870472440947
20
-3.9295751574803148
11
4.019573976377953
21
-3.9295751574803148
0
LINE
8
BLACK
6
CONTINUOUS
10
4.019573976377953
20
-3.9295751574803148
11
4.0197287007874012
21
-3.9296059055118109
0
LINE
8
BLACK
6
CONTINUOUS
10
4.0158712992125984
20
-3.9492601968503935
11
4.0194142519685041
21
-3.9492601968503935
0
LINE
8
BLACK
6
CONTINUOUS
10
4.0194142519685041
20
-3.9492601968503935
11
4.0218544094488191
21
-3.9484468110236222
0
LINE
8
BLACK
6
CONTINUOUS
10
4.0218544094488191
20
-3.9484468110236222
11
4.0234518897637797
21
-3.9468493307086612
0
LINE
8
BLACK
6
CONTINUOUS
10
4.0234518897637797
20
-3.9468493307086612
11
4.0242695669291342
21
-3.9452138976377951
0
LINE
8
BLACK
6
CONTINUOUS
10
4.0242695669291342
20
-3.9452138976377951
11
4.0251513779527555
21
-3.9416867716535431
0
LINE
8
BLACK
6
CONTINUOUS
10
4.0251513779527555
20
-3.9416867716535431
11
4.0251513779527555
21
-3.9391170472440944
0
LINE
8
BLACK
6
CONTINUOUS
10
4.0251513779527555
20
-3.9391170472440944
11
4.0242695669291342
21
-3.9355899212598424
0
LINE
8
BLACK
6
CONTINUOUS
10
4.0242695669291342
20
-3.9355899212598424
11
4.0234518897637797
21
-3.9339545275590551
0
LINE
8
BLACK
6
CONTINUOUS
10
4.0234518897637797
20
-3.9339545275590551
11
4.0218543700787404
21
-3.9323570472440945
0
LINE
8
BLACK
6
CONTINUOUS
10
4.0218543700787404
20
-3.9323570472440945
11
4.0194142519685041
21
-3.9315436614173227
0
LINE
8
BLACK
6
CONTINUOUS
10
4.0194142519685041
20
-3.9315436614173227
11
4.0158712992125984
21
-3.9315436614173227
0
LINE
8
BLACK
6
CONTINUOUS
10
4.0158712992125984
20
-3.9315436614173227
11
4.0158712992125984
21
-3.9492601968503935
0
LINE
8
BLACK
6
CONTINUOUS
10
4.0386704724409448
20
-3.9297171653543308
11
4.0389664960629919
21
-3.9298158661417322
0
LINE
8
BLACK
6
CONTINUOUS
10
4.0389664960629919
20
-3.9298158661417322
11
4.0389993700787397
21
-3.9298816141732282
0
LINE
8
BLACK
6
CONTINUOUS
10
4.0389993700787397
20
-3.9298816141732282
11
4.0390651574803149
21
-3.9299145275590552
0
LINE
8
BLACK
6
CONTINUOUS
10
4.0390651574803149
20
-3.9299145275590552
11
4.0392553543307086
21
-3.9302481496062991
0
LINE
8
BLACK
6
CONTINUOUS
10
4.0392553543307086
20
-3.9302481496062991
11
4.0458170472440944
21
-3.9499331889763778
0
LINE
8
BLACK
6
CONTINUOUS
10
4.0458170472440944
20
-3.9499331889763778
11
4.0458650787401575
21
-3.9503142125984252
0
LINE
8
BLACK
6
CONTINUOUS
10
4.0458650787401575
20
-3.9503142125984252
11
4.0455281889763777
21
-3.9509879921259841
0
LINE
8
BLACK
6
CONTINUOUS
10
4.0455281889763777
20
-3.9509879921259841
11
4.0448135433070869
21
-3.9512262204724409
0
LINE
8
BLACK
6
CONTINUOUS
10
4.0448135433070869
20
-3.9512262204724409
11
4.0441397637795271
21
-3.9508893307086614
0
LINE
8
BLACK
6
CONTINUOUS
10
4.0441397637795271
20
-3.9508893307086614
11
4.0439495669291334
21
-3.9505556692913384
0
LINE
8
BLACK
6
CONTINUOUS
10
4.0439495669291334
20
-3.9505556692913384
11
4.0422991338582674
21
-3.9456044094488187
0
LINE
8
BLACK
6
CONTINUOUS
10
4.0422991338582674
20
-3.9456044094488187
11
4.0343441338582675
21
-3.9456044094488187
0
LINE
8
BLACK
6
CONTINUOUS
10
4.0343441338582675
20
-3.9456044094488187
11
4.0326937007874015
21
-3.9505557086614171
0
LINE
8
BLACK
6
CONTINUOUS
10
4.0326937007874015
20
-3.9505557086614171
11
4.0325035039370078
21
-3.9508893307086614
0
LINE
8
BLACK
6
CONTINUOUS
10
4.0325035039370078
20
-3.9508893307086614
11
4.031829724409449
21
-3.9512262204724409
0
LINE
8
BLACK
6
CONTINUOUS
10
4.031829724409449
20
-3.9512262204724409
11
4.0311150787401573
21
-3.9509879921259841
0
LINE
8
BLACK
6
CONTINUOUS
10
4.0311150787401573
20
-3.9509879921259841
11
4.0307781889763783
21
-3.9503142125984252
0
LINE
8
BLACK
6
CONTINUOUS
10
4.0307781889763783
20
-3.9503142125984252
11
4.0308262204724405
21
-3.9499331889763778
0
LINE
8
BLACK
6
CONTINUOUS
10
4.0308262204724405
20
-3.9499331889763778
11
4.0373878740157476
21
-3.9302481496062991
0
LINE
8
BLACK
6
CONTINUOUS
10
4.0373878740157476
20
-3.9302481496062991
11
4.0375780708661413
21
-3.9299145275590552
0
LINE
8
BLACK
6
CONTINUOUS
10
4.0375780708661413
20
-3.9299145275590552
11
4.0376438188976378
21
-3.9298816141732282
0
LINE
8
BLACK
6
CONTINUOUS
10
4.0376438188976378
20
-3.9298816141732282
11
4.0376767322834644
21
-3.9298158661417322
0
LINE
8
BLACK
6
CONTINUOUS
10
4.0376767322834644
20
-3.9298158661417322
11
4.0379727165354327
21
-3.9297171653543308
0
LINE
8
BLACK
6
CONTINUOUS
10
4.0379727165354327
20
-3.9297171653543308
11
4.038251850393701
21
-3.9295776377952754
0
LINE
8
BLACK
6
CONTINUOUS
10
4.038251850393701
20
-3.9295776377952754
11
4.0383216141732285
21
-3.9296008661417323
0
LINE
8
BLACK
6
CONTINUOUS
10
4.0383216141732285
20
-3.9296008661417323
11
4.038391377952756
21
-3.9295776377952754
0
LINE
8
BLACK
6
CONTINUOUS
10
4.038391377952756
20
-3.9295776377952754
11
4.0386704724409448
21
-3.9297171653543308
0
LINE
8
BLACK
6
CONTINUOUS
10
4.0350002755905514
20
-3.9436359055118109
11
4.0416429527559057
21
-3.9436359055118109
0
LINE
8
BLACK
6
CONTINUOUS
10
4.0416429527559057
20
-3.9436359055118109
11
4.0383216141732285
21
-3.9336718503937007
0
LINE
8
BLACK
6
CONTINUOUS
10
4.0383216141732285
20
-3.9336718503937007
11
4.0350002755905514
21
-3.9436359055118109
0
LINE
8
BLACK
6
CONTINUOUS
10
4.0867127952755906
20
-3.9225314960629922
11
4.0868333464566931
21
-3.9225373622047242
0
LINE
8
BLACK
6
CONTINUOUS
10
4.0868333464566931
20
-3.9225373622047242
11
4.0905828740157482
21
-3.9234747244094486
0
LINE
8
BLACK
6
CONTINUOUS
10
4.0905828740157482
20
-3.9234747244094486
11
4.0906803149606299
21
-3.9235207480314958
0
LINE
8
BLACK
6
CONTINUOUS
10
4.0906803149606299
20
-3.9235207480314958
11
4.0907843700787403
21
-3.9235492519685038
0
LINE
8
BLACK
6
CONTINUOUS
10
4.0907843700787403
20
-3.9235492519685038
11
4.0926591338582679
21
-3.9244866535433069
0
LINE
8
BLACK
6
CONTINUOUS
10
4.0926591338582679
20
-3.9244866535433069
11
4.0927838582677163
21
-3.9245834645669291
0
LINE
8
BLACK
6
CONTINUOUS
10
4.0927838582677163
20
-3.9245834645669291
11
4.0929149212598421
21
-3.924671023622047
0
LINE
8
BLACK
6
CONTINUOUS
10
4.0929149212598421
20
-3.924671023622047
11
4.0947896456692909
21
-3.9265457874015746
0
LINE
8
BLACK
6
CONTINUOUS
10
4.0947896456692909
20
-3.9265457874015746
11
4.094817007874016
21
-3.9265867716535432
0
LINE
8
BLACK
6
CONTINUOUS
10
4.094817007874016
20
-3.9265867716535432
11
4.0948372440944878
21
-3.9265968897637795
0
LINE
8
BLACK
6
CONTINUOUS
10
4.0948372440944878
20
-3.9265968897637795
11
4.0949153543307082
21
-3.926733937007874
0
LINE
8
BLACK
6
CONTINUOUS
10
4.0949153543307082
20
-3.926733937007874
11
4.0950030314960628
21
-3.9268651181102361
0
LINE
8
BLACK
6
CONTINUOUS
10
4.0950030314960628
20
-3.9268651181102361
11
4.0950030314960628
21
-3.9268876771653543
0
LINE
8
BLACK
6
CONTINUOUS
10
4.0950030314960628
20
-3.9268876771653543
11
4.0950274409448815
21
-3.9269305118110234
0
LINE
8
BLACK
6
CONTINUOUS
10
4.0950274409448815
20
-3.9269305118110234
11
4.0959648425196846
21
-3.9297426377952753
0
LINE
8
BLACK
6
CONTINUOUS
10
4.0959648425196846
20
-3.9297426377952753
11
4.0959845669291335
21
-3.9298991338582678
0
LINE
8
BLACK
6
CONTINUOUS
10
4.0959845669291335
20
-3.9298991338582678
11
4.0960153543307083
21
-3.9300538976377952
0
LINE
8
BLACK
6
CONTINUOUS
10
4.0960153543307083
20
-3.9300538976377952
11
4.0960153543307083
21
-3.9319286614173228
0
LINE
8
BLACK
6
CONTINUOUS
10
4.0960153543307083
20
-3.9319286614173228
11
4.0959845669291335
21
-3.9320833858267714
0
LINE
8
BLACK
6
CONTINUOUS
10
4.0959845669291335
20
-3.9320833858267714
11
4.0959648425196846
21
-3.9322399212598422
0
LINE
8
BLACK
6
CONTINUOUS
10
4.0959648425196846
20
-3.9322399212598422
11
4.0950274409448815
21
-3.9350520866141729
0
LINE
8
BLACK
6
CONTINUOUS
10
4.0950274409448815
20
-3.9350520866141729
11
4.0950030314960628
21
-3.9350948818897638
0
LINE
8
BLACK
6
CONTINUOUS
10
4.0950030314960628
20
-3.9350948818897638
11
4.0950030314960628
21
-3.9351174803149607
0
LINE
8
BLACK
6
CONTINUOUS
10
4.0950030314960628
20
-3.9351174803149607
11
4.0949152755905507
21
-3.935248779527559
0
LINE
8
BLACK
6
CONTINUOUS
10
4.0949152755905507
20
-3.935248779527559
11
4.0948372440944878
21
-3.9353857086614172
0
LINE
8
BLACK
6
CONTINUOUS
10
4.0948372440944878
20
-3.9353857086614172
11
4.0948170866141735
21
-3.9353957480314961
0
LINE
8
BLACK
6
CONTINUOUS
10
4.0948170866141735
20
-3.9353957480314961
11
4.0947896850393697
21
-3.9354368110236218
0
LINE
8
BLACK
6
CONTINUOUS
10
4.0947896850393697
20
-3.9354368110236218
11
4.0938523228346453
21
-3.9363741732283462
0
LINE
8
BLACK
6
CONTINUOUS
10
4.0938523228346453
20
-3.9363741732283462
11
4.0935329921259838
21
-3.9365875196850393
0
LINE
8
BLACK
6
CONTINUOUS
10
4.0935329921259838
20
-3.9365875196850393
11
4.0927796850393703
21
-3.9365875196850393
0
LINE
8
BLACK
6
CONTINUOUS
10
4.0927796850393703
20
-3.9365875196850393
11
4.0922470078740156
21
-3.9360548425196851
0
LINE
8
BLACK
6
CONTINUOUS
10
4.0922470078740156
20
-3.9360548425196851
11
4.0922470078740156
21
-3.9353015354330707
0
LINE
8
BLACK
6
CONTINUOUS
10
4.0922470078740156
20
-3.9353015354330707
11
4.0924603543307088
21
-3.9349822047244092
0
LINE
8
BLACK
6
CONTINUOUS
10
4.0924603543307088
20
-3.9349822047244092
11
4.0932334251968507
21
-3.9342090944881889
0
LINE
8
BLACK
6
CONTINUOUS
10
4.0932334251968507
20
-3.9342090944881889
11
4.0940468503937009
21
-3.9317688976377951
0
LINE
8
BLACK
6
CONTINUOUS
10
4.0940468503937009
20
-3.9317688976377951
11
4.0940468503937009
21
-3.9302136220472441
0
LINE
8
BLACK
6
CONTINUOUS
10
4.0940468503937009
20
-3.9302136220472441
11
4.0932334251968507
21
-3.9277734251968504
0
LINE
8
BLACK
6
CONTINUOUS
10
4.0932334251968507
20
-3.9277734251968504
11
4.0916358661417318
21
-3.9261759055118111
0
LINE
8
BLACK
6
CONTINUOUS
10
4.0916358661417318
20
-3.9261759055118111
11
4.0900005905511811
21
-3.9253582677165353
0
LINE
8
BLACK
6
CONTINUOUS
10
4.0900005905511811
20
-3.9253582677165353
11
4.08647342519685
21
-3.9244764960629919
0
LINE
8
BLACK
6
CONTINUOUS
10
4.08647342519685
20
-3.9244764960629919
11
4.0839037401574805
21
-3.9244764960629919
0
LINE
8
BLACK
6
CONTINUOUS
10
4.0839037401574805
20
-3.9244764960629919
11
4.0803765748031493
21
-3.9253582677165353
0
LINE
8
BLACK
6
CONTINUOUS
10
4.0803765748031493
20
-3.9253582677165353
11
4.0787411811023624
21
-3.9261759448818898
0
LINE
8
BLACK
6
CONTINUOUS
10
4.0787411811023624
20
-3.9261759448818898
11
4.0771437007874018
21
-3.9277734645669291
0
LINE
8
BLACK
6
CONTINUOUS
10
4.0771437007874018
20
-3.9277734645669291
11
4.0763303149606296
21
-3.9302136220472441
0
LINE
8
BLACK
6
CONTINUOUS
10
4.0763303149606296
20
-3.9302136220472441
11
4.0763303149606296
21
-3.9317688976377951
0
LINE
8
BLACK
6
CONTINUOUS
10
4.0763303149606296
20
-3.9317688976377951
11
4.0771437007874018
21
-3.9342090944881889
0
LINE
8
BLACK
6
CONTINUOUS
10
4.0771437007874018
20
-3.9342090944881889
11
4.0779168110236217
21
-3.9349822047244092
0
LINE
8
BLACK
6
CONTINUOUS
10
4.0779168110236217
20
-3.9349822047244092
11
4.0781301574803148
21
-3.9353015354330707
0
LINE
8
BLACK
6
CONTINUOUS
10
4.0781301574803148
20
-3.9353015354330707
11
4.0781301574803148
21
-3.9360548425196851
0
LINE
8
BLACK
6
CONTINUOUS
10
4.0781301574803148
20
-3.9360548425196851
11
4.0775974803149602
21
-3.9365875196850393
0
LINE
8
BLACK
6
CONTINUOUS
10
4.0775974803149602
20
-3.9365875196850393
11
4.0768441732283467
21
-3.9365875196850393
0
LINE
8
BLACK
6
CONTINUOUS
10
4.0768441732283467
20
-3.9365875196850393
11
4.0765248425196852
21
-3.9363741732283462
0
LINE
8
BLACK
6
CONTINUOUS
10
4.0765248425196852
20
-3.9363741732283462
11
4.0755874803149608
21
-3.9354368110236218
0
LINE
8
BLACK
6
CONTINUOUS
10
4.0755874803149608
20
-3.9354368110236218
11
4.075560039370079
21
-3.9353957480314961
0
LINE
8
BLACK
6
CONTINUOUS
10
4.075560039370079
20
-3.9353957480314961
11
4.0755399212598427
21
-3.9353857086614172
0
LINE
8
BLACK
6
CONTINUOUS
10
4.0755399212598427
20
-3.9353857086614172
11
4.075461850393701
21
-3.935248779527559
0
LINE
8
BLACK
6
CONTINUOUS
10
4.075461850393701
20
-3.935248779527559
11
4.0753741338582676
21
-3.9351174803149607
0
LINE
8
BLACK
6
CONTINUOUS
10
4.0753741338582676
20
-3.9351174803149607
11
4.0753741338582676
21
-3.9350948818897638
0
LINE
8
BLACK
6
CONTINUOUS
10
4.0753741338582676
20
-3.9350948818897638
11
4.075349724409449
21
-3.9350520866141729
0
LINE
8
BLACK
6
CONTINUOUS
10
4.075349724409449
20
-3.9350520866141729
11
4.0744123228346458
21
-3.9322399212598422
0
LINE
8
BLACK
6
CONTINUOUS
10
4.0744123228346458
20
-3.9322399212598422
11
4.0743925590551182
21
-3.9320833858267714
0
LINE
8
BLACK
6
CONTINUOUS
10
4.0743925590551182
20
-3.9320833858267714
11
4.0743618110236222
21
-3.9319286614173228
0
LINE
8
BLACK
6
CONTINUOUS
10
4.0743618110236222
20
-3.9319286614173228
11
4.0743618110236222
21
-3.9300538976377952
0
LINE
8
BLACK
6
CONTINUOUS
10
4.0743618110236222
20
-3.9300538976377952
11
4.0743925590551182
21
-3.9298991338582678
0
LINE
8
BLACK
6
CONTINUOUS
10
4.0743925590551182
20
-3.9298991338582678
11
4.0744123228346458
21
-3.9297426377952753
0
LINE
8
BLACK
6
CONTINUOUS
10
4.0744123228346458
20
-3.9297426377952753
11
4.075349724409449
21
-3.9269305118110234
0
LINE
8
BLACK
6
CONTINUOUS
10
4.075349724409449
20
-3.9269305118110234
11
4.0753741338582676
21
-3.9268876771653543
0
LINE
8
BLACK
6
CONTINUOUS
10
4.0753741338582676
20
-3.9268876771653543
11
4.0753741338582676
21
-3.9268651181102361
0
LINE
8
BLACK
6
CONTINUOUS
10
4.0753741338582676
20
-3.9268651181102361
11
4.075461850393701
21
-3.926733779527559
0
LINE
8
BLACK
6
CONTINUOUS
10
4.075461850393701
20
-3.926733779527559
11
4.0755399212598427
21
-3.9265968897637795
0
LINE
8
BLACK
6
CONTINUOUS
10
4.0755399212598427
20
-3.9265968897637795
11
4.075560039370079
21
-3.9265868110236219
0
LINE
8
BLACK
6
CONTINUOUS
10
4.075560039370079
20
-3.9265868110236219
11
4.0755874803149608
21
-3.9265457874015746
0
LINE
8
BLACK
6
CONTINUOUS
10
4.0755874803149608
20
-3.9265457874015746
11
4.0774622440944883
21
-3.9246710629921258
0
LINE
8
BLACK
6
CONTINUOUS
10
4.0774622440944883
20
-3.9246710629921258
11
4.0775931889763779
21
-3.9245835433070866
0
LINE
8
BLACK
6
CONTINUOUS
10
4.0775931889763779
20
-3.9245835433070866
11
4.0777180314960626
21
-3.9244866535433069
0
LINE
8
BLACK
6
CONTINUOUS
10
4.0777180314960626
20
-3.9244866535433069
11
4.0795928346456689
21
-3.9235492519685038
0
LINE
8
BLACK
6
CONTINUOUS
10
4.0795928346456689
20
-3.9235492519685038
11
4.0796967716535431
21
-3.9235207480314958
0
LINE
8
BLACK
6
CONTINUOUS
10
4.0796967716535431
20
-3.9235207480314958
11
4.0797942913385823
21
-3.9234747244094486
0
LINE
8
BLACK
6
CONTINUOUS
10
4.0797942913385823
20
-3.9234747244094486
11
4.0835438188976374
21
-3.9225373622047242
0
LINE
8
BLACK
6
CONTINUOUS
10
4.0835438188976374
20
-3.9225373622047242
11
4.0836643307086611
21
-3.9225314960629922
0
LINE
8
BLACK
6
CONTINUOUS
10
4.0836643307086611
20
-3.9225314960629922
11
4.0837825196850392
21
-3.922507992125984
0
LINE
8
BLACK
6
CONTINUOUS
10
4.0837825196850392
20
-3.922507992125984
11
4.0865946456692912
21
-3.922507992125984
0
LINE
8
BLACK
6
CONTINUOUS
10
4.0865946456692912
20
-3.922507992125984
11
4.0867127952755906
21
-3.9225314960629922
0
LINE
8
BLACK
6
CONTINUOUS
10
3.8021006692913386
20
-3.9233328346456693
11
3.8026333464566928
21
-3.9238655118110235
0
LINE
8
BLACK
6
CONTINUOUS
10
3.8026333464566928
20
-3.9238655118110235
11
3.8027082677165351
21
-3.9242421653543307
0
LINE
8
BLACK
6
CONTINUOUS
10
3.8027082677165351
20
-3.9242421653543307
11
3.8027082677165351
21
-3.9289290944881889
0
LINE
8
BLACK
6
CONTINUOUS
10
3.8027082677165351
20
-3.9289290944881889
11
3.8026774803149603
21
-3.9290838188976376
0
LINE
8
BLACK
6
CONTINUOUS
10
3.8026774803149603
20
-3.9290838188976376
11
3.8026577559055119
21
-3.9292403543307084
0
LINE
8
BLACK
6
CONTINUOUS
10
3.8026577559055119
20
-3.9292403543307084
11
3.8017203543307088
21
-3.9320524803149604
0
LINE
8
BLACK
6
CONTINUOUS
10
3.8017203543307088
20
-3.9320524803149604
11
3.8016959448818897
21
-3.9320952755905512
0
LINE
8
BLACK
6
CONTINUOUS
10
3.8016959448818897
20
-3.9320952755905512
11
3.8016959448818897
21
-3.9321178740157481
0
LINE
8
BLACK
6
CONTINUOUS
10
3.8016959448818897
20
-3.9321178740157481
11
3.8016082677165355
21
-3.9322490157480314
0
LINE
8
BLACK
6
CONTINUOUS
10
3.8016082677165355
20
-3.9322490157480314
11
3.8015301574803151
21
-3.9323861023622046
0
LINE
8
BLACK
6
CONTINUOUS
10
3.8015301574803151
20
-3.9323861023622046
11
3.8015099212598424
21
-3.9323961811023622
0
LINE
8
BLACK
6
CONTINUOUS
10
3.8015099212598424
20
-3.9323961811023622
11
3.8014825590551182
21
-3.9324372047244092
0
LINE
8
BLACK
6
CONTINUOUS
10
3.8014825590551182
20
-3.9324372047244092
11
3.7996078346456694
21
-3.9343119685039367
0
LINE
8
BLACK
6
CONTINUOUS
10
3.7996078346456694
20
-3.9343119685039367
11
3.7994767716535431
21
-3.9343994881889763
0
LINE
8
BLACK
6
CONTINUOUS
10
3.7994767716535431
20
-3.9343994881889763
11
3.7993520472440943
21
-3.9344963385826772
0
LINE
8
BLACK
6
CONTINUOUS
10
3.7993520472440943
20
-3.9344963385826772
11
3.7974772834645667
21
-3.9354337401574804
0
LINE
8
BLACK
6
CONTINUOUS
10
3.7974772834645667
20
-3.9354337401574804
11
3.7973732283464567
21
-3.9354622047244092
0
LINE
8
BLACK
6
CONTINUOUS
10
3.7973732283464567
20
-3.9354622047244092
11
3.7972757874015746
21
-3.9355082677165352
0
LINE
8
BLACK
6
CONTINUOUS
10
3.7972757874015746
20
-3.9355082677165352
11
3.7935262598425195
21
-3.9364456299212596
0
LINE
8
BLACK
6
CONTINUOUS
10
3.7935262598425195
20
-3.9364456299212596
11
3.793405708661417
21
-3.9364514566929132
0
LINE
8
BLACK
6
CONTINUOUS
10
3.793405708661417
20
-3.9364514566929132
11
3.7932875590551181
21
-3.9364749999999997
0
LINE
8
BLACK
6
CONTINUOUS
10
3.7932875590551181
20
-3.9364749999999997
11
3.7904754330708661
21
-3.9364749999999997
0
LINE
8
BLACK
6
CONTINUOUS
10
3.7904754330708661
20
-3.9364749999999997
11
3.7903572440944879
21
-3.9364514566929132
0
LINE
8
BLACK
6
CONTINUOUS
10
3.7903572440944879
20
-3.9364514566929132
11
3.7902367322834647
21
-3.9364456299212596
0
LINE
8
BLACK
6
CONTINUOUS
10
3.7902367322834647
20
-3.9364456299212596
11
3.7864872047244096
21
-3.9355082677165352
0
LINE
8
BLACK
6
CONTINUOUS
10
3.7864872047244096
20
-3.9355082677165352
11
3.7863896850393699
21
-3.9354622047244092
0
LINE
8
BLACK
6
CONTINUOUS
10
3.7863896850393699
20
-3.9354622047244092
11
3.7862857480314958
21
-3.9354337401574804
0
LINE
8
BLACK
6
CONTINUOUS
10
3.7862857480314958
20
-3.9354337401574804
11
3.7844109448818899
21
-3.9344963385826772
0
LINE
8
BLACK
6
CONTINUOUS
10
3.7844109448818899
20
-3.9344963385826772
11
3.7842861023622048
21
-3.9343994094488188
0
LINE
8
BLACK
6
CONTINUOUS
10
3.7842861023622048
20
-3.9343994094488188
11
3.7841551574803147
21
-3.934311929133858
0
LINE
8
BLACK
6
CONTINUOUS
10
3.7841551574803147
20
-3.934311929133858
11
3.7822803937007872
21
-3.9324372047244092
0
LINE
8
BLACK
6
CONTINUOUS
10
3.7822803937007872
20
-3.9324372047244092
11
3.7822529527559055
21
-3.9323961417322835
0
LINE
8
BLACK
6
CONTINUOUS
10
3.7822529527559055
20
-3.9323961417322835
11
3.7822328346456691
21
-3.9323861023622046
0
LINE
8
BLACK
6
CONTINUOUS
10
3.7822328346456691
20
-3.9323861023622046
11
3.7821547637795274
21
-3.9322491732283464
0
LINE
8
BLACK
6
CONTINUOUS
10
3.7821547637795274
20
-3.9322491732283464
11
3.7820670472440945
21
-3.9321178740157481
0
LINE
8
BLACK
6
CONTINUOUS
10
3.7820670472440945
20
-3.9321178740157481
11
3.7820670472440945
21
-3.9320952755905512
0
LINE
8
BLACK
6
CONTINUOUS
10
3.7820670472440945
20
-3.9320952755905512
11
3.7820426377952754
21
-3.9320524803149604
0
LINE
8
BLACK
6
CONTINUOUS
10
3.7820426377952754
20
-3.9320524803149604
11
3.7811052362204722
21
-3.9292403543307084
0
LINE
8
BLACK
6
CONTINUOUS
10
3.7811052362204722
20
-3.9292403543307084
11
3.7810854724409446
21
-3.9290838188976376
0
LINE
8
BLACK
6
CONTINUOUS
10
3.7810854724409446
20
-3.9290838188976376
11
3.7810547244094486
21
-3.9289290944881889
0
LINE
8
BLACK
6
CONTINUOUS
10
3.7810547244094486
20
-3.9289290944881889
11
3.7810547244094486
21
-3.9242421653543307
0
LINE
8
BLACK
6
CONTINUOUS
10
3.7810547244094486
20
-3.9242421653543307
11
3.7811296456692913
21
-3.9238655118110235
0
LINE
8
BLACK
6
CONTINUOUS
10
3.7811296456692913
20
-3.9238655118110235
11
3.7816623228346455
21
-3.9233328346456693
0
LINE
8
BLACK
6
CONTINUOUS
10
3.7816623228346455
20
-3.9233328346456693
11
3.7820389763779527
21
-3.9232579133858265
0
LINE
8
BLACK
6
CONTINUOUS
10
3.7820389763779527
20
-3.9232579133858265
11
3.8017240157480314
21
-3.9232579133858265
0
LINE
8
BLACK
6
CONTINUOUS
10
3.8017240157480314
20
-3.9232579133858265
11
3.8021006692913386
21
-3.9233328346456693
0
LINE
8
BLACK
6
CONTINUOUS
10
3.7830232283464564
20
-3.9287693307086613
11
3.7838366141732283
21
-3.9312094881889763
0
LINE
8
BLACK
6
CONTINUOUS
10
3.7838366141732283
20
-3.9312094881889763
11
3.7854340944881888
21
-3.9328070078740156
0
LINE
8
BLACK
6
CONTINUOUS
10
3.7854340944881888
20
-3.9328070078740156
11
3.7870694881889762
21
-3.9336246850393701
0
LINE
8
BLACK
6
CONTINUOUS
10
3.7870694881889762
20
-3.9336246850393701
11
3.7905966535433069
21
-3.9345064960629919
0
LINE
8
BLACK
6
CONTINUOUS
10
3.7905966535433069
20
-3.9345064960629919
11
3.7931663385826773
21
-3.9345064960629919
0
LINE
8
BLACK
6
CONTINUOUS
10
3.7931663385826773
20
-3.9345064960629919
11
3.796693503937008
21
-3.9336246850393701
0
LINE
8
BLACK
6
CONTINUOUS
10
3.796693503937008
20
-3.9336246850393701
11
3.7983287795275591
21
-3.9328070472440944
0
LINE
8
BLACK
6
CONTINUOUS
10
3.7983287795275591
20
-3.9328070472440944
11
3.7999263385826771
21
-3.9312095275590551
0
LINE
8
BLACK
6
CONTINUOUS
10
3.7999263385826771
20
-3.9312095275590551
11
3.8007397637795273
21
-3.9287693307086613
0
LINE
8
BLACK
6
CONTINUOUS
10
3.8007397637795273
20
-3.9287693307086613
11
3.8007397637795273
21
-3.9252264173228344
0
LINE
8
BLACK
6
CONTINUOUS
10
3.8007397637795273
20
-3.9252264173228344
11
3.7830232283464564
21
-3.9252264173228344
0
LINE
8
BLACK
6
CONTINUOUS
10
3.7830232283464564
20
-3.9252264173228344
11
3.7830232283464564
21
-3.9287693307086613
0
LINE
8
BLACK
6
CONTINUOUS
10
3.8713606299212597
20
-3.8808606299212598
11
3.8714572834645669
21
-3.8808413385826772
0
LINE
8
BLACK
6
CONTINUOUS
10
3.8714572834645669
20
-3.8808413385826772
11
3.87153968503937
21
-3.8808962598425194
0
LINE
8
BLACK
6
CONTINUOUS
10
3.87153968503937
20
-3.8808962598425194
11
3.8718285826771655
21
-3.8809537401574801
0
LINE
8
BLACK
6
CONTINUOUS
10
3.8718285826771655
20
-3.8809537401574801
11
3.872233937007874
21
-3.8813590944881891
0
LINE
8
BLACK
6
CONTINUOUS
10
3.872233937007874
20
-3.8813590944881891
11
3.8727108661417322
21
-3.8816770472440942
0
LINE
8
BLACK
6
CONTINUOUS
10
3.8727108661417322
20
-3.8816770472440942
11
3.8727505905511812
21
-3.8818757480314958
0
LINE
8
BLACK
6
CONTINUOUS
10
3.8727505905511812
20
-3.8818757480314958
11
3.8728939370078739
21
-3.8820190944881889
0
LINE
8
BLACK
6
CONTINUOUS
10
3.8728939370078739
20
-3.8820190944881889
11
3.8728939370078739
21
-3.882592401574803
0
LINE
8
BLACK
6
CONTINUOUS
10
3.8728939370078739
20
-3.882592401574803
11
3.8730063385826772
21
-3.8831544094488186
0
LINE
8
BLACK
6
CONTINUOUS
10
3.8730063385826772
20
-3.8831544094488186
11
3.8728939370078739
21
-3.8834265748031496
0
LINE
8
BLACK
6
CONTINUOUS
10
3.8728939370078739
20
-3.8834265748031496
11
3.8728939370078739
21
-3.8835257086614172
0
LINE
8
BLACK
6
CONTINUOUS
10
3.8728939370078739
20
-3.8835257086614172
11
3.8728241732283464
21
-3.883595433070866
0
LINE
8
BLACK
6
CONTINUOUS
10
3.8728241732283464
20
-3.883595433070866
11
3.872713149606299
21
-3.8838643307086613
0
LINE
8
BLACK
6
CONTINUOUS
10
3.872713149606299
20
-3.8838643307086613
11
3.8485067716535433
21
-3.9201739763779528
0
LINE
8
BLACK
6
CONTINUOUS
10
3.8485067716535433
20
-3.9201739763779528
11
3.8710752755905511
21
-3.9201739763779528
0
LINE
8
BLACK
6
CONTINUOUS
10
3.8710752755905511
20
-3.9201739763779528
11
3.8718285826771655
21
-3.9203238188976379
0
LINE
8
BLACK
6
CONTINUOUS
10
3.8718285826771655
20
-3.9203238188976379
11
3.8728939370078739
21
-3.9213891732283463
0
LINE
8
BLACK
6
CONTINUOUS
10
3.8728939370078739
20
-3.9213891732283463
11
3.8728939370078739
21
-3.9228957874015746
0
LINE
8
BLACK
6
CONTINUOUS
10
3.8728939370078739
20
-3.9228957874015746
11
3.8718285826771655
21
-3.9239611417322835
0
LINE
8
BLACK
6
CONTINUOUS
10
3.8718285826771655
20
-3.9239611417322835
11
3.8710752755905511
21
-3.9241109842519686
0
LINE
8
BLACK
6
CONTINUOUS
10
3.8710752755905511
20
-3.9241109842519686
11
3.8448285826771653
21
-3.9241109842519686
0
LINE
8
BLACK
6
CONTINUOUS
10
3.8448285826771653
20
-3.9241109842519686
11
3.8445431889763779
21
-3.924054212598425
0
LINE
8
BLACK
6
CONTINUOUS
10
3.8445431889763779
20
-3.924054212598425
11
3.8444465748031496
21
-3.9240735433070864
0
LINE
8
BLACK
6
CONTINUOUS
10
3.8444465748031496
20
-3.9240735433070864
11
3.8443641338582677
21
-3.9240185826771654
0
LINE
8
BLACK
6
CONTINUOUS
10
3.8443641338582677
20
-3.9240185826771654
11
3.844075275590551
21
-3.9239611417322835
0
LINE
8
BLACK
6
CONTINUOUS
10
3.844075275590551
20
-3.9239611417322835
11
3.8436698818897637
21
-3.9235557480314958
0
LINE
8
BLACK
6
CONTINUOUS
10
3.8436698818897637
20
-3.9235557480314958
11
3.8431929921259842
21
-3.9232378346456693
0
LINE
8
BLACK
6
CONTINUOUS
10
3.8431929921259842
20
-3.9232378346456693
11
3.8431532283464565
21
-3.923039094488189
0
LINE
8
BLACK
6
CONTINUOUS
10
3.8431532283464565
20
-3.923039094488189
11
3.8430099212598425
21
-3.9228957874015746
0
LINE
8
BLACK
6
CONTINUOUS
10
3.8430099212598425
20
-3.9228957874015746
11
3.8430099212598425
21
-3.9223224803149606
0
LINE
8
BLACK
6
CONTINUOUS
10
3.8430099212598425
20
-3.9223224803149606
11
3.8428975196850392
21
-3.9217604724409449
0
LINE
8
BLACK
6
CONTINUOUS
10
3.8428975196850392
20
-3.9217604724409449
11
3.8430099212598425
21
-3.9214882677165352
0
LINE
8
BLACK
6
CONTINUOUS
10
3.8430099212598425
20
-3.9214882677165352
11
3.8430099212598425
21
-3.9213891732283463
0
LINE
8
BLACK
6
CONTINUOUS
10
3.8430099212598425
20
-3.9213891732283463
11
3.8430796062992125
21
-3.9213194488188976
0
LINE
8
BLACK
6
CONTINUOUS
10
3.8430796062992125
20
-3.9213194488188976
11
3.8431906692913387
21
-3.9210505511811022
0
LINE
8
BLACK
6
CONTINUOUS
10
3.8431906692913387
20
-3.9210505511811022
11
3.8673970866141731
21
-3.8847409055118107
0
LINE
8
BLACK
6
CONTINUOUS
10
3.8673970866141731
20
-3.8847409055118107
11
3.8448285826771653
21
-3.8847409055118107
0
LINE
8
BLACK
6
CONTINUOUS
10
3.8448285826771653
20
-3.8847409055118107
11
3.844075275590551
21
-3.8845910629921261
0
LINE
8
BLACK
6
CONTINUOUS
10
3.844075275590551
20
-3.8845910629921261
11
3.8430099212598425
21
-3.8835257086614172
0
LINE
8
BLACK
6
CONTINUOUS
10
3.8430099212598425
20
-3.8835257086614172
11
3.8430099212598425
21
-3.8820190944881889
0
LINE
8
BLACK
6
CONTINUOUS
10
3.8430099212598425
20
-3.8820190944881889
11
3.844075275590551
21
-3.8809537401574801
0
LINE
8
BLACK
6
CONTINUOUS
10
3.844075275590551
20
-3.8809537401574801
11
3.8448285826771653
21
-3.880803897637795
0
LINE
8
BLACK
6
CONTINUOUS
10
3.8448285826771653
20
-3.880803897637795
11
3.8710752755905511
21
-3.880803897637795
0
LINE
8
BLACK
6
CONTINUOUS
10
3.8710752755905511
20
-3.880803897637795
11
3.8713606299212597
21
-3.8808606299212598
0
LINE
8
BLACK
6
CONTINUOUS
10
3.9385698031496061
20
-3.8788546062992126
11
3.9386126771653545
21
-3.8788403543307086
0
LINE
8
BLACK
6
CONTINUOUS
10
3.9386126771653545
20
-3.8788403543307086
11
3.9389168897637794
21
-3.8789236614173226
0
LINE
8
BLACK
6
CONTINUOUS
10
3.9389168897637794
20
-3.8789236614173226
11
3.9392264173228346
21
-3.8789852362204722
0
LINE
8
BLACK
6
CONTINUOUS
10
3.9392264173228346
20
-3.8789852362204722
11
3.9392583464566928
21
-3.8790171653543308
0
LINE
8
BLACK
6
CONTINUOUS
10
3.9392583464566928
20
-3.8790171653543308
11
3.939353464566929
21
-3.8790432283464567
0
LINE
8
BLACK
6
CONTINUOUS
10
3.939353464566929
20
-3.8790432283464567
11
3.9431029527559054
21
-3.8809179527559055
0
LINE
8
BLACK
6
CONTINUOUS
10
3.9431029527559054
20
-3.8809179527559055
11
3.9433522834645669
21
-3.8811114566929135
0
LINE
8
BLACK
6
CONTINUOUS
10
3.9433522834645669
20
-3.8811114566929135
11
3.9436145669291336
21
-3.8812867322834643
0
LINE
8
BLACK
6
CONTINUOUS
10
3.9436145669291336
20
-3.8812867322834643
11
3.9454893307086611
21
-3.8831614566929131
0
LINE
8
BLACK
6
CONTINUOUS
10
3.9454893307086611
20
-3.8831614566929131
11
3.94566468503937
21
-3.8834238976377953
0
LINE
8
BLACK
6
CONTINUOUS
10
3.94566468503937
20
-3.8834238976377953
11
3.9458580708661417
21
-3.8836730708661418
0
LINE
8
BLACK
6
CONTINUOUS
10
3.9458580708661417
20
-3.8836730708661418
11
3.9477328346456693
21
-3.8874225984251969
0
LINE
8
BLACK
6
CONTINUOUS
10
3.9477328346456693
20
-3.8874225984251969
11
3.9477588582677163
21
-3.8875176771653543
0
LINE
8
BLACK
6
CONTINUOUS
10
3.9477588582677163
20
-3.8875176771653543
11
3.9477908267716533
21
-3.8875496456692913
0
LINE
8
BLACK
6
CONTINUOUS
10
3.9477908267716533
20
-3.8875496456692913
11
3.9478523622047241
21
-3.8878591338582678
0
LINE
8
BLACK
6
CONTINUOUS
10
3.9478523622047241
20
-3.8878591338582678
11
3.9479357086614173
21
-3.8881633858267715
0
LINE
8
BLACK
6
CONTINUOUS
10
3.9479357086614173
20
-3.8881633858267715
11
3.9479214173228345
21
-3.888206220472441
0
LINE
8
BLACK
6
CONTINUOUS
10
3.9479214173228345
20
-3.888206220472441
11
3.9479406692913384
21
-3.8883029527559052
0
LINE
8
BLACK
6
CONTINUOUS
10
3.9479406692913384
20
-3.8883029527559052
11
3.9479406692913384
21
-3.8920524803149608
0
LINE
8
BLACK
6
CONTINUOUS
10
3.9479406692913384
20
-3.8920524803149608
11
3.9479214173228345
21
-3.8921491732283462
0
LINE
8
BLACK
6
CONTINUOUS
10
3.9479214173228345
20
-3.8921491732283462
11
3.9479357086614173
21
-3.8921920472440945
0
LINE
8
BLACK
6
CONTINUOUS
10
3.9479357086614173
20
-3.8921920472440945
11
3.9478523622047241
21
-3.8924962598425195
0
LINE
8
BLACK
6
CONTINUOUS
10
3.9478523622047241
20
-3.8924962598425195
11
3.9477908267716533
21
-3.8928057874015747
0
LINE
8
BLACK
6
CONTINUOUS
10
3.9477908267716533
20
-3.8928057874015747
11
3.9477588582677163
21
-3.8928377165354329
0
LINE
8
BLACK
6
CONTINUOUS
10
3.9477588582677163
20
-3.8928377165354329
11
3.9477328346456693
21
-3.8929328346456691
0
LINE
8
BLACK
6
CONTINUOUS
10
3.9477328346456693
20
-3.8929328346456691
11
3.9458580708661417
21
-3.8966823622047242
0
LINE
8
BLACK
6
CONTINUOUS
10
3.9458580708661417
20
-3.8966823622047242
11
3.94566468503937
21
-3.8969314960629919
0
LINE
8
BLACK
6
CONTINUOUS
10
3.94566468503937
20
-3.8969314960629919
11
3.9454893307086611
21
-3.8971939763779528
0
LINE
8
BLACK
6
CONTINUOUS
10
3.9454893307086611
20
-3.8971939763779528
11
3.9436145669291336
21
-3.8990687007874016
0
LINE
8
BLACK
6
CONTINUOUS
10
3.9436145669291336
20
-3.8990687007874016
11
3.9434930708661415
21
-3.8991498818897639
0
LINE
8
BLACK
6
CONTINUOUS
10
3.9434930708661415
20
-3.8991498818897639
11
3.9447198818897635
21
-3.8995588188976376
0
LINE
8
BLACK
6
CONTINUOUS
10
3.9447198818897635
20
-3.8995588188976376
11
3.9448055118110235
21
-3.8996076377952753
0
LINE
8
BLACK
6
CONTINUOUS
10
3.9448055118110235
20
-3.8996076377952753
11
3.9448507086614173
21
-3.8996076377952753
0
LINE
8
BLACK
6
CONTINUOUS
10
3.9448507086614173
20
-3.8996076377952753
11
3.9451130708661415
21
-3.8997829527559054
0
LINE
8
BLACK
6
CONTINUOUS
10
3.9451130708661415
20
-3.8997829527559054
11
3.9453871259842517
21
-3.8999391732283462
0
LINE
8
BLACK
6
CONTINUOUS
10
3.9453871259842517
20
-3.8999391732283462
11
3.9454073228346456
21
-3.8999795669291339
0
LINE
8
BLACK
6
CONTINUOUS
10
3.9454073228346456
20
-3.8999795669291339
11
3.9454893307086611
21
-3.9000343700787399
0
LINE
8
BLACK
6
CONTINUOUS
10
3.9454893307086611
20
-3.9000343700787399
11
3.9473640944881887
21
-3.9019090944881887
0
LINE
8
BLACK
6
CONTINUOUS
10
3.9473640944881887
20
-3.9019090944881887
11
3.9475394488188975
21
-3.9021715354330708
0
LINE
8
BLACK
6
CONTINUOUS
10
3.9475394488188975
20
-3.9021715354330708
11
3.9477328346456693
21
-3.9024207086614173
0
LINE
8
BLACK
6
CONTINUOUS
10
3.9477328346456693
20
-3.9024207086614173
11
3.9496075984251968
21
-3.9061702362204724
0
LINE
8
BLACK
6
CONTINUOUS
10
3.9496075984251968
20
-3.9061702362204724
11
3.9496336220472439
21
-3.9062653149606299
0
LINE
8
BLACK
6
CONTINUOUS
10
3.9496336220472439
20
-3.9062653149606299
11
3.9496655905511808
21
-3.9062972834645668
0
LINE
8
BLACK
6
CONTINUOUS
10
3.9496655905511808
20
-3.9062972834645668
11
3.9497271259842517
21
-3.9066067716535433
0
LINE
8
BLACK
6
CONTINUOUS
10
3.9497271259842517
20
-3.9066067716535433
11
3.9498104724409449
21
-3.906911023622047
0
LINE
8
BLACK
6
CONTINUOUS
10
3.9498104724409449
20
-3.906911023622047
11
3.9497961811023621
21
-3.9069538582677166
0
LINE
8
BLACK
6
CONTINUOUS
10
3.9497961811023621
20
-3.9069538582677166
11
3.9498154330708659
21
-3.9070505905511812
0
LINE
8
BLACK
6
CONTINUOUS
10
3.9498154330708659
20
-3.9070505905511812
11
3.9498154330708659
21
-3.9126748818897639
0
LINE
8
BLACK
6
CONTINUOUS
10
3.9498154330708659
20
-3.9126748818897639
11
3.9497961811023621
21
-3.9127715748031493
0
LINE
8
BLACK
6
CONTINUOUS
10
3.9497961811023621
20
-3.9127715748031493
11
3.9498104724409449
21
-3.9128144488188976
0
LINE
8
BLACK
6
CONTINUOUS
10
3.9498104724409449
20
-3.9128144488188976
11
3.9497271259842517
21
-3.9131186614173226
0
LINE
8
BLACK
6
CONTINUOUS
10
3.9497271259842517
20
-3.9131186614173226
11
3.9496655905511808
21
-3.9134281889763778
0
LINE
8
BLACK
6
CONTINUOUS
10
3.9496655905511808
20
-3.9134281889763778
11
3.9496336220472439
21
-3.913460118110236
0
LINE
8
BLACK
6
CONTINUOUS
10
3.9496336220472439
20
-3.913460118110236
11
3.9496075984251968
21
-3.9135552362204722
0
LINE
8
BLACK
6
CONTINUOUS
10
3.9496075984251968
20
-3.9135552362204722
11
3.9477328346456693
21
-3.9173047637795273
0
LINE
8
BLACK
6
CONTINUOUS
10
3.9477328346456693
20
-3.9173047637795273
11
3.9475394488188975
21
-3.917553897637795
0
LINE
8
BLACK
6
CONTINUOUS
10
3.9475394488188975
20
-3.917553897637795
11
3.9473641338582675
21
-3.9178163385826772
0
LINE
8
BLACK
6
CONTINUOUS
10
3.9473641338582675
20
-3.9178163385826772
11
3.9454893700787399
21
-3.9196911417322835
0
LINE
8
BLACK
6
CONTINUOUS
10
3.9454893700787399
20
-3.9196911417322835
11
3.9452268110236219
21
-3.9198665748031494
0
LINE
8
BLACK
6
CONTINUOUS
10
3.9452268110236219
20
-3.9198665748031494
11
3.9449777165354329
21
-3.9200599212598424
0
LINE
8
BLACK
6
CONTINUOUS
10
3.9449777165354329
20
-3.9200599212598424
11
3.9412282283464566
21
-3.9219346456692912
0
LINE
8
BLACK
6
CONTINUOUS
10
3.9412282283464566
20
-3.9219346456692912
11
3.9411331102362204
21
-3.9219606692913387
0
LINE
8
BLACK
6
CONTINUOUS
10
3.9411331102362204
20
-3.9219606692913387
11
3.9411011811023622
21
-3.9219926377952756
0
LINE
8
BLACK
6
CONTINUOUS
10
3.9411011811023622
20
-3.9219926377952756
11
3.940791653543307
21
-3.9220541732283465
0
LINE
8
BLACK
6
CONTINUOUS
10
3.940791653543307
20
-3.9220541732283465
11
3.940487440944882
21
-3.9221375196850392
0
LINE
8
BLACK
6
CONTINUOUS
10
3.940487440944882
20
-3.9221375196850392
11
3.9404445669291337
21
-3.9221232283464564
0
LINE
8
BLACK
6
CONTINUOUS
10
3.9404445669291337
20
-3.9221232283464564
11
3.9403478740157478
21
-3.9221424803149607
0
LINE
8
BLACK
6
CONTINUOUS
10
3.9403478740157478
20
-3.9221424803149607
11
3.9253497637795274
21
-3.9221424803149607
0
LINE
8
BLACK
6
CONTINUOUS
10
3.9253497637795274
20
-3.9221424803149607
11
3.9245964566929135
21
-3.9219926377952756
0
LINE
8
BLACK
6
CONTINUOUS
10
3.9245964566929135
20
-3.9219926377952756
11
3.9235311023622046
21
-3.9209272834645668
0
LINE
8
BLACK
6
CONTINUOUS
10
3.9235311023622046
20
-3.9209272834645668
11
3.9233812598425195
21
-3.9201739763779528
0
LINE
8
BLACK
6
CONTINUOUS
10
3.9233812598425195
20
-3.9201739763779528
11
3.9233812598425195
21
-3.880803897637795
0
LINE
8
BLACK
6
CONTINUOUS
10
3.9233812598425195
20
-3.880803897637795
11
3.9235311023622046
21
-3.8800505905511811
0
LINE
8
BLACK
6
CONTINUOUS
10
3.9235311023622046
20
-3.8800505905511811
11
3.9245964566929135
21
-3.8789852362204722
0
LINE
8
BLACK
6
CONTINUOUS
10
3.9245964566929135
20
-3.8789852362204722
11
3.9253497637795274
21
-3.8788353937007871
0
LINE
8
BLACK
6
CONTINUOUS
10
3.9253497637795274
20
-3.8788353937007871
11
3.9384731102362203
21
-3.8788353937007871
0
LINE
8
BLACK
6
CONTINUOUS
10
3.9384731102362203
20
-3.8788353937007871
11
3.9385698031496061
21
-3.8788546062992126
0
LINE
8
BLACK
6
CONTINUOUS
10
3.9273182677165352
20
-3.918205472440945
11
3.9398831889763777
21
-3.918205472440945
0
LINE
8
BLACK
6
CONTINUOUS
10
3.9398831889763777
20
-3.918205472440945
11
3.9429312598425197
21
-3.9166814173228346
0
LINE
8
BLACK
6
CONTINUOUS
10
3.9429312598425197
20
-3.9166814173228346
11
3.9443543307086615
21
-3.915258307086614
0
LINE
8
BLACK
6
CONTINUOUS
10
3.9443543307086615
20
-3.915258307086614
11
3.9458784251968502
21
-3.912210157480315
0
LINE
8
BLACK
6
CONTINUOUS
10
3.9458784251968502
20
-3.912210157480315
11
3.9458784251968502
21
-3.9075152755905509
0
LINE
8
BLACK
6
CONTINUOUS
10
3.9458784251968502
20
-3.9075152755905509
11
3.9443543307086615
21
-3.9044671259842518
0
LINE
8
BLACK
6
CONTINUOUS
10
3.9443543307086615
20
-3.9044671259842518
11
3.94303405511811
21
-3.903146811023622
0
LINE
8
BLACK
6
CONTINUOUS
10
3.94303405511811
20
-3.903146811023622
11
3.9381537007874017
21
-3.9015200393700789
0
LINE
8
BLACK
6
CONTINUOUS
10
3.9381537007874017
20
-3.9015200393700789
11
3.9273182677165352
21
-3.9015200393700789
0
LINE
8
BLACK
6
CONTINUOUS
10
3.9273182677165352
20
-3.9015200393700789
11
3.9273182677165352
21
-3.918205472440945
0
LINE
8
BLACK
6
CONTINUOUS
10
3.9273182677165352
20
-3.8975830314960631
11
3.9380084251968501
21
-3.8975830314960631
0
LINE
8
BLACK
6
CONTINUOUS
10
3.9380084251968501
20
-3.8975830314960631
11
3.9410565748031496
21
-3.896058937007874
0
LINE
8
BLACK
6
CONTINUOUS
10
3.9410565748031496
20
-3.896058937007874
11
3.9424795669291339
21
-3.8946359055118109
0
LINE
8
BLACK
6
CONTINUOUS
10
3.9424795669291339
20
-3.8946359055118109
11
3.9440036614173226
21
-3.8915877559055119
0
LINE
8
BLACK
6
CONTINUOUS
10
3.9440036614173226
20
-3.8915877559055119
11
3.9440036614173226
21
-3.8887676377952753
0
LINE
8
BLACK
6
CONTINUOUS
10
3.9440036614173226
20
-3.8887676377952753
11
3.9424795669291339
21
-3.8857194881889763
0
LINE
8
BLACK
6
CONTINUOUS
10
3.9424795669291339
20
-3.8857194881889763
11
3.9410565748031496
21
-3.8842964566929132
0
LINE
8
BLACK
6
CONTINUOUS
10
3.9410565748031496
20
-3.8842964566929132
11
3.9380084251968501
21
-3.8827724015748029
0
LINE
8
BLACK
6
CONTINUOUS
10
3.9380084251968501
20
-3.8827724015748029
11
3.9273182677165352
21
-3.8827724015748029
0
LINE
8
BLACK
6
CONTINUOUS
10
3.9273182677165352
20
-3.8827724015748029
11
3.9273182677165352
21
-3.8975830314960631
0
LINE
8
BLACK
6
CONTINUOUS
10
4.014255236220472
20
-3.8791194488188974
11
4.0148472440944882
21
-3.8793168110236218
0
LINE
8
BLACK
6
CONTINUOUS
10
4.0148472440944882
20
-3.8793168110236218
11
4.0149129921259838
21
-3.8794483070866139
0
LINE
8
BLACK
6
CONTINUOUS
10
4.0149129921259838
20
-3.8794483070866139
11
4.0150446062992122
21
-3.8795141338582675
0
LINE
8
BLACK
6
CONTINUOUS
10
4.0150446062992122
20
-3.8795141338582675
11
4.0154249606299208
21
-3.8801814173228344
0
LINE
8
BLACK
6
CONTINUOUS
10
4.0154249606299208
20
-3.8801814173228344
11
4.0285483070866137
21
-3.9195514566929135
0
LINE
8
BLACK
6
CONTINUOUS
10
4.0285483070866137
20
-3.9195514566929135
11
4.02864437007874
21
-3.9203135039370078
0
LINE
8
BLACK
6
CONTINUOUS
10
4.02864437007874
20
-3.9203135039370078
11
4.0279705905511811
21
-3.921661062992126
0
LINE
8
BLACK
6
CONTINUOUS
10
4.0279705905511811
20
-3.921661062992126
11
4.0265412992125986
21
-3.9221375196850392
0
LINE
8
BLACK
6
CONTINUOUS
10
4.0265412992125986
20
-3.9221375196850392
11
4.0251937007874012
21
-3.9214637007874016
0
LINE
8
BLACK
6
CONTINUOUS
10
4.0251937007874012
20
-3.9214637007874016
11
4.0248133464566926
21
-3.9207964566929134
0
LINE
8
BLACK
6
CONTINUOUS
10
4.0248133464566926
20
-3.9207964566929134
11
4.0215124803149607
21
-3.9108938582677166
0
LINE
8
BLACK
6
CONTINUOUS
10
4.0215124803149607
20
-3.9108938582677166
11
4.0056024803149608
21
-3.9108938582677166
0
LINE
8
BLACK
6
CONTINUOUS
10
4.0056024803149608
20
-3.9108938582677166
11
4.0023016141732279
21
-3.9207964566929134
0
LINE
8
BLACK
6
CONTINUOUS
10
4.0023016141732279
20
-3.9207964566929134
11
4.0019212598425193
21
-3.9214637401574803
0
LINE
8
BLACK
6
CONTINUOUS
10
4.0019212598425193
20
-3.9214637401574803
11
4.0005736614173228
21
-3.9221375196850392
0
LINE
8
BLACK
6
CONTINUOUS
10
4.0005736614173228
20
-3.9221375196850392
11
3.9991443700787399
21
-3.9216611023622048
0
LINE
8
BLACK
6
CONTINUOUS
10
3.9991443700787399
20
-3.9216611023622048
11
3.998470590551181
21
-3.9203135039370078
0
LINE
8
BLACK
6
CONTINUOUS
10
3.998470590551181
20
-3.9203135039370078
11
3.9985666535433069
21
-3.9195514960629922
0
LINE
8
BLACK
6
CONTINUOUS
10
3.9985666535433069
20
-3.9195514960629922
11
4.0116899999999998
21
-3.8801814173228344
0
LINE
8
BLACK
6
CONTINUOUS
10
4.0116899999999998
20
-3.8801814173228344
11
4.0120703543307084
21
-3.8795141732283462
0
LINE
8
BLACK
6
CONTINUOUS
10
4.0120703543307084
20
-3.8795141732283462
11
4.0122018897637792
21
-3.8794483858267714
0
LINE
8
BLACK
6
CONTINUOUS
10
4.0122018897637792
20
-3.8794483858267714
11
4.0122677165354332
21
-3.8793167716535431
0
LINE
8
BLACK
6
CONTINUOUS
10
4.0122677165354332
20
-3.8793167716535431
11
4.0128599212598424
21
-3.8791193700787399
0
LINE
8
BLACK
6
CONTINUOUS
10
4.0128599212598424
20
-3.8791193700787399
11
4.0134179527559057
21
-3.8788403543307086
0
LINE
8
BLACK
6
CONTINUOUS
10
4.0134179527559057
20
-3.8788403543307086
11
4.013557440944882
21
-3.8788868503937008
0
LINE
8
BLACK
6
CONTINUOUS
10
4.013557440944882
20
-3.8788868503937008
11
4.0136970078740157
21
-3.8788403543307086
0
LINE
8
BLACK
6
CONTINUOUS
10
4.0136970078740157
20
-3.8788403543307086
11
4.014255236220472
21
-3.8791194488188974
0
LINE
8
BLACK
6
CONTINUOUS
10
4.0069148031496065
20
-3.9069568503937009
11
4.020200157480315
21
-3.9069568503937009
0
LINE
8
BLACK
6
CONTINUOUS
10
4.020200157480315
20
-3.9069568503937009
11
4.0135574803149607
21
-3.8870288188976376
0
LINE
8
BLACK
6
CONTINUOUS
10
4.0135574803149607
20
-3.8870288188976376
11
4.0069148031496065
21
-3.9069568503937009
0
LINE
8
BLACK
6
CONTINUOUS
10
4.0867127952755906
20
-3.9028464566929131
11
4.0868333464566931
21
-3.9028523228346454
0
LINE
8
BLACK
6
CONTINUOUS
10
4.0868333464566931
20
-3.9028523228346454
11
4.0905828740157482
21
-3.9037896850393699
0
LINE
8
BLACK
6
CONTINUOUS
10
4.0905828740157482
20
-3.9037896850393699
11
4.0906803149606299
21
-3.903835708661417
0
LINE
8
BLACK
6
CONTINUOUS
10
4.0906803149606299
20
-3.903835708661417
11
4.0907843700787403
21
-3.9038642125984251
0
LINE
8
BLACK
6
CONTINUOUS
10
4.0907843700787403
20
-3.9038642125984251
11
4.0926591338582679
21
-3.9048016141732282
0
LINE
8
BLACK
6
CONTINUOUS
10
4.0926591338582679
20
-3.9048016141732282
11
4.0927838582677163
21
-3.9048984251968504
0
LINE
8
BLACK
6
CONTINUOUS
10
4.0927838582677163
20
-3.9048984251968504
11
4.0929149212598421
21
-3.9049859842519683
0
LINE
8
BLACK
6
CONTINUOUS
10
4.0929149212598421
20
-3.9049859842519683
11
4.0947896456692909
21
-3.9068607480314959
0
LINE
8
BLACK
6
CONTINUOUS
10
4.0947896456692909
20
-3.9068607480314959
11
4.094817007874016
21
-3.9069017322834645
0
LINE
8
BLACK
6
CONTINUOUS
10
4.094817007874016
20
-3.9069017322834645
11
4.0948372440944878
21
-3.9069118503937008
0
LINE
8
BLACK
6
CONTINUOUS
10
4.0948372440944878
20
-3.9069118503937008
11
4.0949153543307082
21
-3.9070488976377953
0
LINE
8
BLACK
6
CONTINUOUS
10
4.0949153543307082
20
-3.9070488976377953
11
4.0950030314960628
21
-3.9071800787401574
0
LINE
8
BLACK
6
CONTINUOUS
10
4.0950030314960628
20
-3.9071800787401574
11
4.0950030314960628
21
-3.9072026377952755
0
LINE
8
BLACK
6
CONTINUOUS
10
4.0950030314960628
20
-3.9072026377952755
11
4.0950274409448815
21
-3.9072454724409447
0
LINE
8
BLACK
6
CONTINUOUS
10
4.0950274409448815
20
-3.9072454724409447
11
4.0959648425196846
21
-3.9100575984251966
0
LINE
8
BLACK
6
CONTINUOUS
10
4.0959648425196846
20
-3.9100575984251966
11
4.0959845669291335
21
-3.9102140944881887
0
LINE
8
BLACK
6
CONTINUOUS
10
4.0959845669291335
20
-3.9102140944881887
11
4.0960153543307083
21
-3.9103688582677165
0
LINE
8
BLACK
6
CONTINUOUS
10
4.0960153543307083
20
-3.9103688582677165
11
4.0960153543307083
21
-3.9122436220472441
0
LINE
8
BLACK
6
CONTINUOUS
10
4.0960153543307083
20
-3.9122436220472441
11
4.0959845669291335
21
-3.9123983464566927
0
LINE
8
BLACK
6
CONTINUOUS
10
4.0959845669291335
20
-3.9123983464566927
11
4.0959648425196846
21
-3.9125548818897635
0
LINE
8
BLACK
6
CONTINUOUS
10
4.0959648425196846
20
-3.9125548818897635
11
4.0950274409448815
21
-3.9153670472440942
0
LINE
8
BLACK
6
CONTINUOUS
10
4.0950274409448815
20
-3.9153670472440942
11
4.0950030314960628
21
-3.915409842519685
0
LINE
8
BLACK
6
CONTINUOUS
10
4.0950030314960628
20
-3.915409842519685
11
4.0950030314960628
21
-3.915432440944882
0
LINE
8
BLACK
6
CONTINUOUS
10
4.0950030314960628
20
-3.915432440944882
11
4.0949152755905507
21
-3.9155637401574803
0
LINE
8
BLACK
6
CONTINUOUS
10
4.0949152755905507
20
-3.9155637401574803
11
4.0948372440944878
21
-3.9157006692913385
0
LINE
8
BLACK
6
CONTINUOUS
10
4.0948372440944878
20
-3.9157006692913385
11
4.0948170866141735
21
-3.9157107086614173
0
LINE
8
BLACK
6
CONTINUOUS
10
4.0948170866141735
20
-3.9157107086614173
11
4.0947896850393697
21
-3.915751771653543
0
LINE
8
BLACK
6
CONTINUOUS
10
4.0947896850393697
20
-3.915751771653543
11
4.0938523228346453
21
-3.9166891338582674
0
LINE
8
BLACK
6
CONTINUOUS
10
4.0938523228346453
20
-3.9166891338582674
11
4.0935329921259838
21
-3.9169024803149606
0
LINE
8
BLACK
6
CONTINUOUS
10
4.0935329921259838
20
-3.9169024803149606
11
4.0927796850393703
21
-3.9169024803149606
0
LINE
8
BLACK
6
CONTINUOUS
10
4.0927796850393703
20
-3.9169024803149606
11
4.0922470078740156
21
-3.9163698031496064
0
LINE
8
BLACK
6
CONTINUOUS
10
4.0922470078740156
20
-3.9163698031496064
11
4.0922470078740156
21
-3.915616496062992
0
LINE
8
BLACK
6
CONTINUOUS
10
4.0922470078740156
20
-3.915616496062992
11
4.0924603543307088
21
-3.9152971653543305
0
LINE
8
BLACK
6
CONTINUOUS
10
4.0924603543307088
20
-3.9152971653543305
11
4.0932334251968507
21
-3.9145240551181102
0
LINE
8
BLACK
6
CONTINUOUS
10
4.0932334251968507
20
-3.9145240551181102
11
4.0940468503937009
21
-3.9120838582677164
0
LINE
8
BLACK
6
CONTINUOUS
10
4.0940468503937009
20
-3.9120838582677164
11
4.0940468503937009
21
-3.9105285826771654
0
LINE
8
BLACK
6
CONTINUOUS
10
4.0940468503937009
20
-3.9105285826771654
11
4.0932334251968507
21
-3.9080883858267716
0
LINE
8
BLACK
6
CONTINUOUS
10
4.0932334251968507
20
-3.9080883858267716
11
4.0916358661417318
21
-3.9064908661417324
0
LINE
8
BLACK
6
CONTINUOUS
10
4.0916358661417318
20
-3.9064908661417324
11
4.0900005905511811
21
-3.9056732283464566
0
LINE
8
BLACK
6
CONTINUOUS
10
4.0900005905511811
20
-3.9056732283464566
11
4.08647342519685
21
-3.9047914566929132
0
LINE
8
BLACK
6
CONTINUOUS
10
4.08647342519685
20
-3.9047914566929132
11
4.0839037401574805
21
-3.9047914566929132
0
LINE
8
BLACK
6
CONTINUOUS
10
4.0839037401574805
20
-3.9047914566929132
11
4.0803765748031493
21
-3.9056732283464566
0
LINE
8
BLACK
6
CONTINUOUS
10
4.0803765748031493
20
-3.9056732283464566
11
4.0787411811023624
21
-3.9064909055118111
0
LINE
8
BLACK
6
CONTINUOUS
10
4.0787411811023624
20
-3.9064909055118111
11
4.0771437007874018
21
-3.9080884251968504
0
LINE
8
BLACK
6
CONTINUOUS
10
4.0771437007874018
20
-3.9080884251968504
11
4.0763303149606296
21
-3.9105285826771654
0
LINE
8
BLACK
6
CONTINUOUS
10
4.0763303149606296
20
-3.9105285826771654
11
4.0763303149606296
21
-3.9120838582677164
0
LINE
8
BLACK
6
CONTINUOUS
10
4.0763303149606296
20
-3.9120838582677164
11
4.0771437007874018
21
-3.9145240551181102
0
LINE
8
BLACK
6
CONTINUOUS
10
4.0771437007874018
20
-3.9145240551181102
11
4.0779168110236217
21
-3.9152971653543305
0
LINE
8
BLACK
6
CONTINUOUS
10
4.0779168110236217
20
-3.9152971653543305
11
4.0781301574803148
21
-3.915616496062992
0
LINE
8
BLACK
6
CONTINUOUS
10
4.0781301574803148
20
-3.915616496062992
11
4.0781301574803148
21
-3.9163698031496064
0
LINE
8
BLACK
6
CONTINUOUS
10
4.0781301574803148
20
-3.9163698031496064
11
4.0775974803149602
21
-3.9169024803149606
0
LINE
8
BLACK
6
CONTINUOUS
10
4.0775974803149602
20
-3.9169024803149606
11
4.0768441732283467
21
-3.9169024803149606
0
LINE
8
BLACK
6
CONTINUOUS
10
4.0768441732283467
20
-3.9169024803149606
11
4.0765248425196852
21
-3.9166891338582674
0
LINE
8
BLACK
6
CONTINUOUS
10
4.0765248425196852
20
-3.9166891338582674
11
4.0755874803149608
21
-3.915751771653543
0
LINE
8
BLACK
6
CONTINUOUS
10
4.0755874803149608
20
-3.915751771653543
11
4.075560039370079
21
-3.9157107086614173
0
LINE
8
BLACK
6
CONTINUOUS
10
4.075560039370079
20
-3.9157107086614173
11
4.0755399212598427
21
-3.9157006692913385
0
LINE
8
BLACK
6
CONTINUOUS
10
4.0755399212598427
20
-3.9157006692913385
11
4.075461850393701
21
-3.9155637401574803
0
LINE
8
BLACK
6
CONTINUOUS
10
4.075461850393701
20
-3.9155637401574803
11
4.0753741338582676
21
-3.915432440944882
0
LINE
8
BLACK
6
CONTINUOUS
10
4.0753741338582676
20
-3.915432440944882
11
4.0753741338582676
21
-3.915409842519685
0
LINE
8
BLACK
6
CONTINUOUS
10
4.0753741338582676
20
-3.915409842519685
11
4.075349724409449
21
-3.9153670472440942
0
LINE
8
BLACK
6
CONTINUOUS
10
4.075349724409449
20
-3.9153670472440942
11
4.0744123228346458
21
-3.9125548818897635
0
LINE
8
BLACK
6
CONTINUOUS
10
4.0744123228346458
20
-3.9125548818897635
11
4.0743925590551182
21
-3.9123983464566927
0
LINE
8
BLACK
6
CONTINUOUS
10
4.0743925590551182
20
-3.9123983464566927
11
4.0743618110236222
21
-3.9122436220472441
0
LINE
8
BLACK
6
CONTINUOUS
10
4.0743618110236222
20
-3.9122436220472441
11
4.0743618110236222
21
-3.9103688582677165
0
LINE
8
BLACK
6
CONTINUOUS
10
4.0743618110236222
20
-3.9103688582677165
11
4.0743925590551182
21
-3.9102140944881887
0
LINE
8
BLACK
6
CONTINUOUS
10
4.0743925590551182
20
-3.9102140944881887
11
4.0744123228346458
21
-3.9100575984251966
0
LINE
8
BLACK
6
CONTINUOUS
10
4.0744123228346458
20
-3.9100575984251966
11
4.075349724409449
21
-3.9072454724409447
0
LINE
8
BLACK
6
CONTINUOUS
10
4.075349724409449
20
-3.9072454724409447
11
4.0753741338582676
21
-3.9072026377952755
0
LINE
8
BLACK
6
CONTINUOUS
10
4.0753741338582676
20
-3.9072026377952755
11
4.0753741338582676
21
-3.9071800787401574
0
LINE
8
BLACK
6
CONTINUOUS
10
4.0753741338582676
20
-3.9071800787401574
11
4.075461850393701
21
-3.9070487401574803
0
LINE
8
BLACK
6
CONTINUOUS
10
4.075461850393701
20
-3.9070487401574803
11
4.0755399212598427
21
-3.9069118503937008
0
LINE
8
BLACK
6
CONTINUOUS
10
4.0755399212598427
20
-3.9069118503937008
11
4.075560039370079
21
-3.9069017716535432
0
LINE
8
BLACK
6
CONTINUOUS
10
4.075560039370079
20
-3.9069017716535432
11
4.0755874803149608
21
-3.9068607480314959
0
LINE
8
BLACK
6
CONTINUOUS
10
4.0755874803149608
20
-3.9068607480314959
11
4.0774622440944883
21
-3.9049860236220471
0
LINE
8
BLACK
6
CONTINUOUS
10
4.0774622440944883
20
-3.9049860236220471
11
4.0775931889763779
21
-3.9048985039370079
0
LINE
8
BLACK
6
CONTINUOUS
10
4.0775931889763779
20
-3.9048985039370079
11
4.0777180314960626
21
-3.9048016141732282
0
LINE
8
BLACK
6
CONTINUOUS
10
4.0777180314960626
20
-3.9048016141732282
11
4.0795928346456689
21
-3.9038642125984251
0
LINE
8
BLACK
6
CONTINUOUS
10
4.0795928346456689
20
-3.9038642125984251
11
4.0796967716535431
21
-3.903835708661417
0
LINE
8
BLACK
6
CONTINUOUS
10
4.0796967716535431
20
-3.903835708661417
11
4.0797942913385823
21
-3.9037896850393699
0
LINE
8
BLACK
6
CONTINUOUS
10
4.0797942913385823
20
-3.9037896850393699
11
4.0835438188976374
21
-3.9028523228346454
0
LINE
8
BLACK
6
CONTINUOUS
10
4.0835438188976374
20
-3.9028523228346454
11
4.0836643307086611
21
-3.9028464566929131
0
LINE
8
BLACK
6
CONTINUOUS
10
4.0836643307086611
20
-3.9028464566929131
11
4.0837825196850392
21
-3.9028229527559053
0
LINE
8
BLACK
6
CONTINUOUS
10
4.0837825196850392
20
-3.9028229527559053
11
4.0865946456692912
21
-3.9028229527559053
0
LINE
8
BLACK
6
CONTINUOUS
10
4.0865946456692912
20
-3.9028229527559053
11
4.0867127952755906
21
-3.9028464566929131
0
LINE
8
BLACK
6
CONTINUOUS
10
3.8021006692913386
20
-3.9027103937007874
11
3.8021962204724407
21
-3.9028059448818895
0
LINE
8
BLACK
6
CONTINUOUS
10
3.8021962204724407
20
-3.9028059448818895
11
3.8023266535433069
21
-3.9028415354330708
0
LINE
8
BLACK
6
CONTINUOUS
10
3.8023266535433069
20
-3.9028415354330708
11
3.8024530708661417
21
-3.9030627952755905
0
LINE
8
BLACK
6
CONTINUOUS
10
3.8024530708661417
20
-3.9030627952755905
11
3.8026333464566928
21
-3.9032430708661416
0
LINE
8
BLACK
6
CONTINUOUS
10
3.8026333464566928
20
-3.9032430708661416
11
3.8026333464566928
21
-3.9033782283464564
0
LINE
8
BLACK
6
CONTINUOUS
10
3.8026333464566928
20
-3.9033782283464564
11
3.8027003937007873
21
-3.9034955905511812
0
LINE
8
BLACK
6
CONTINUOUS
10
3.8027003937007873
20
-3.9034955905511812
11
3.8026333464566928
21
-3.9037413779527559
0
LINE
8
BLACK
6
CONTINUOUS
10
3.8026333464566928
20
-3.9037413779527559
11
3.8026333464566928
21
-3.903996377952756
0
LINE
8
BLACK
6
CONTINUOUS
10
3.8026333464566928
20
-3.903996377952756
11
3.8025377165354328
21
-3.9040919685039368
0
LINE
8
BLACK
6
CONTINUOUS
10
3.8025377165354328
20
-3.9040919685039368
11
3.8025021653543307
21
-3.9042223622047243
0
LINE
8
BLACK
6
CONTINUOUS
10
3.8025021653543307
20
-3.9042223622047243
11
3.8022123228346456
21
-3.9044742913385826
0
LINE
8
BLACK
6
CONTINUOUS
10
3.8022123228346456
20
-3.9044742913385826
11
3.7857452362204724
21
-3.91388405511811
0
LINE
8
BLACK
6
CONTINUOUS
10
3.7857452362204724
20
-3.91388405511811
11
3.8017240157480314
21
-3.91388405511811
0
LINE
8
BLACK
6
CONTINUOUS
10
3.8017240157480314
20
-3.91388405511811
11
3.8021006692913386
21
-3.9139589763779528
0
LINE
8
BLACK
6
CONTINUOUS
10
3.8021006692913386
20
-3.9139589763779528
11
3.8026333464566928
21
-3.914491653543307
0
LINE
8
BLACK
6
CONTINUOUS
10
3.8026333464566928
20
-3.914491653543307
11
3.8026333464566928
21
-3.9152449606299213
0
LINE
8
BLACK
6
CONTINUOUS
10
3.8026333464566928
20
-3.9152449606299213
11
3.8021006692913386
21
-3.9157776377952755
0
LINE
8
BLACK
6
CONTINUOUS
10
3.8021006692913386
20
-3.9157776377952755
11
3.8017240157480314
21
-3.9158525590551179
0
LINE
8
BLACK
6
CONTINUOUS
10
3.8017240157480314
20
-3.9158525590551179
11
3.7820389763779527
21
-3.9158525590551179
0
LINE
8
BLACK
6
CONTINUOUS
10
3.7820389763779527
20
-3.9158525590551179
11
3.7816623228346455
21
-3.9157776377952755
0
LINE
8
BLACK
6
CONTINUOUS
10
3.7816623228346455
20
-3.9157776377952755
11
3.7815667322834643
21
-3.9156820472440943
0
LINE
8
BLACK
6
CONTINUOUS
10
3.7815667322834643
20
-3.9156820472440943
11
3.7814363385826772
21
-3.9156464960629922
0
LINE
8
BLACK
6
CONTINUOUS
10
3.7814363385826772
20
-3.9156464960629922
11
3.7813098818897637
21
-3.9154251968503937
0
LINE
8
BLACK
6
CONTINUOUS
10
3.7813098818897637
20
-3.9154251968503937
11
3.7811296456692913
21
-3.9152449606299213
0
LINE
8
BLACK
6
CONTINUOUS
10
3.7811296456692913
20
-3.9152449606299213
11
3.7811296456692913
21
-3.9151097637795274
0
LINE
8
BLACK
6
CONTINUOUS
10
3.7811296456692913
20
-3.9151097637795274
11
3.7810625984251969
21
-3.9149924409448817
0
LINE
8
BLACK
6
CONTINUOUS
10
3.7810625984251969
20
-3.9149924409448817
11
3.7811296456692913
21
-3.9147465354330708
0
LINE
8
BLACK
6
CONTINUOUS
10
3.7811296456692913
20
-3.9147465354330708
11
3.7811296456692913
21
-3.914491653543307
0
LINE
8
BLACK
6
CONTINUOUS
10
3.7811296456692913
20
-3.914491653543307
11
3.7812251968503938
21
-3.9143960629921257
0
LINE
8
BLACK
6
CONTINUOUS
10
3.7812251968503938
20
-3.9143960629921257
11
3.7812607874015747
21
-3.9142656692913387
0
LINE
8
BLACK
6
CONTINUOUS
10
3.7812607874015747
20
-3.9142656692913387
11
3.7815506692913385
21
-3.9140137401574804
0
LINE
8
BLACK
6
CONTINUOUS
10
3.7815506692913385
20
-3.9140137401574804
11
3.7980177559055117
21
-3.9046039763779525
0
LINE
8
BLACK
6
CONTINUOUS
10
3.7980177559055117
20
-3.9046039763779525
11
3.7820389763779527
21
-3.9046039763779525
0
LINE
8
BLACK
6
CONTINUOUS
10
3.7820389763779527
20
-3.9046039763779525
11
3.7816623228346455
21
-3.9045290551181102
0
LINE
8
BLACK
6
CONTINUOUS
10
3.7816623228346455
20
-3.9045290551181102
11
3.7811296456692913
21
-3.903996377952756
0
LINE
8
BLACK
6
CONTINUOUS
10
3.7811296456692913
20
-3.903996377952756
11
3.7811296456692913
21
-3.9032430708661416
0
LINE
8
BLACK
6
CONTINUOUS
10
3.7811296456692913
20
-3.9032430708661416
11
3.7816623228346455
21
-3.9027103937007874
0
LINE
8
BLACK
6
CONTINUOUS
10
3.7816623228346455
20
-3.9027103937007874
11
3.7820389763779527
21
-3.9026354724409447
0
LINE
8
BLACK
6
CONTINUOUS
10
3.7820389763779527
20
-3.9026354724409447
11
3.8017240157480314
21
-3.9026354724409447
0
LINE
8
BLACK
6
CONTINUOUS
10
3.8017240157480314
20
-3.9026354724409447
11
3.8021006692913386
21
-3.9027103937007874
0
LINE
8
BLACK
6
CONTINUOUS
10
4.0957746456692909
20
-3.8844146850393702
11
4.0960128740157478
21
-3.8851293307086614
0
LINE
8
BLACK
6
CONTINUOUS
10
4.0960128740157478
20
-3.8851293307086614
11
4.0956759842519688
21
-3.8858031102362203
0
LINE
8
BLACK
6
CONTINUOUS
10
4.0956759842519688
20
-3.8858031102362203
11
4.0953423622047245
21
-3.8859933070866139
0
LINE
8
BLACK
6
CONTINUOUS
10
4.0953423622047245
20
-3.8859933070866139
11
4.078458503937008
21
-3.891621220472441
0
LINE
8
BLACK
6
CONTINUOUS
10
4.078458503937008
20
-3.891621220472441
11
4.0953423228346457
21
-3.8972491732283463
0
LINE
8
BLACK
6
CONTINUOUS
10
4.0953423228346457
20
-3.8972491732283463
11
4.0956759842519688
21
-3.89743937007874
0
LINE
8
BLACK
6
CONTINUOUS
10
4.0956759842519688
20
-3.89743937007874
11
4.0960128740157478
21
-3.8981131496062993
0
LINE
8
BLACK
6
CONTINUOUS
10
4.0960128740157478
20
-3.8981131496062993
11
4.0957746456692909
21
-3.8988277952755905
0
LINE
8
BLACK
6
CONTINUOUS
10
4.0957746456692909
20
-3.8988277952755905
11
4.0951008661417321
21
-3.89916468503937
0
LINE
8
BLACK
6
CONTINUOUS
10
4.0951008661417321
20
-3.89916468503937
11
4.0947198425196847
21
-3.8991166535433068
0
LINE
8
BLACK
6
CONTINUOUS
10
4.0947198425196847
20
-3.8991166535433068
11
4.075034803149606
21
-3.892554960629921
0
LINE
8
BLACK
6
CONTINUOUS
10
4.075034803149606
20
-3.892554960629921
11
4.0747011811023617
21
-3.8923647637795273
0
LINE
8
BLACK
6
CONTINUOUS
10
4.0747011811023617
20
-3.8923647637795273
11
4.0746682677165351
21
-3.8922989763779525
0
LINE
8
BLACK
6
CONTINUOUS
10
4.0746682677165351
20
-3.8922989763779525
11
4.0746025196850395
21
-3.8922661023622047
0
LINE
8
BLACK
6
CONTINUOUS
10
4.0746025196850395
20
-3.8922661023622047
11
4.0745038188976377
21
-3.8919700787401572
0
LINE
8
BLACK
6
CONTINUOUS
10
4.0745038188976377
20
-3.8919700787401572
11
4.0743642913385827
21
-3.8916909842519685
0
LINE
8
BLACK
6
CONTINUOUS
10
4.0743642913385827
20
-3.8916909842519685
11
4.0743875196850396
21
-3.891621220472441
0
LINE
8
BLACK
6
CONTINUOUS
10
4.0743875196850396
20
-3.891621220472441
11
4.0743642913385827
21
-3.8915514566929135
0
LINE
8
BLACK
6
CONTINUOUS
10
4.0743642913385827
20
-3.8915514566929135
11
4.0745038188976377
21
-3.8912723228346455
0
LINE
8
BLACK
6
CONTINUOUS
10
4.0745038188976377
20
-3.8912723228346455
11
4.0746025196850395
21
-3.8909763385826772
0
LINE
8
BLACK
6
CONTINUOUS
10
4.0746025196850395
20
-3.8909763385826772
11
4.0746682677165351
21
-3.8909434251968502
0
LINE
8
BLACK
6
CONTINUOUS
10
4.0746682677165351
20
-3.8909434251968502
11
4.0747011811023617
21
-3.8908776771653542
0
LINE
8
BLACK
6
CONTINUOUS
10
4.0747011811023617
20
-3.8908776771653542
11
4.075034803149606
21
-3.8906874803149605
0
LINE
8
BLACK
6
CONTINUOUS
10
4.075034803149606
20
-3.8906874803149605
11
4.0947198425196847
21
-3.8841258267716534
0
LINE
8
BLACK
6
CONTINUOUS
10
4.0947198425196847
20
-3.8841258267716534
11
4.0951008661417321
21
-3.8840777952755903
0
LINE
8
BLACK
6
CONTINUOUS
10
4.0951008661417321
20
-3.8840777952755903
11
4.0957746456692909
21
-3.8844146850393702
0
LINE
8
BLACK
6
CONTINUOUS
10
3.793405708661417
20
-3.8820365748031493
11
3.7935262598425195
21
-3.8820424409448817
0
LINE
8
BLACK
6
CONTINUOUS
10
3.7935262598425195
20
-3.8820424409448817
11
3.7972757874015746
21
-3.8829798031496061
0
LINE
8
BLACK
6
CONTINUOUS
10
3.7972757874015746
20
-3.8829798031496061
11
3.7973732283464567
21
-3.8830258267716533
0
LINE
8
BLACK
6
CONTINUOUS
10
3.7973732283464567
20
-3.8830258267716533
11
3.7974772834645667
21
-3.8830543307086614
0
LINE
8
BLACK
6
CONTINUOUS
10
3.7974772834645667
20
-3.8830543307086614
11
3.7993520472440943
21
-3.8839917322834645
0
LINE
8
BLACK
6
CONTINUOUS
10
3.7993520472440943
20
-3.8839917322834645
11
3.7994767716535431
21
-3.8840885433070866
0
LINE
8
BLACK
6
CONTINUOUS
10
3.7994767716535431
20
-3.8840885433070866
11
3.7996078346456694
21
-3.8841761023622046
0
LINE
8
BLACK
6
CONTINUOUS
10
3.7996078346456694
20
-3.8841761023622046
11
3.8014825590551182
21
-3.8860508661417321
0
LINE
8
BLACK
6
CONTINUOUS
10
3.8014825590551182
20
-3.8860508661417321
11
3.8015099212598424
21
-3.8860918503937008
0
LINE
8
BLACK
6
CONTINUOUS
10
3.8015099212598424
20
-3.8860918503937008
11
3.8015301574803151
21
-3.8861019685039371
0
LINE
8
BLACK
6
CONTINUOUS
10
3.8015301574803151
20
-3.8861019685039371
11
3.8016082677165355
21
-3.8862390157480315
0
LINE
8
BLACK
6
CONTINUOUS
10
3.8016082677165355
20
-3.8862390157480315
11
3.8016959448818897
21
-3.8863701968503936
0
LINE
8
BLACK
6
CONTINUOUS
10
3.8016959448818897
20
-3.8863701968503936
11
3.8016959448818897
21
-3.8863927559055118
0
LINE
8
BLACK
6
CONTINUOUS
10
3.8016959448818897
20
-3.8863927559055118
11
3.8017203543307088
21
-3.8864355905511809
0
LINE
8
BLACK
6
CONTINUOUS
10
3.8017203543307088
20
-3.8864355905511809
11
3.8026577559055119
21
-3.8892477165354329
0
LINE
8
BLACK
6
CONTINUOUS
10
3.8026577559055119
20
-3.8892477165354329
11
3.8026774803149603
21
-3.8894042125984249
0
LINE
8
BLACK
6
CONTINUOUS
10
3.8026774803149603
20
-3.8894042125984249
11
3.8027082677165351
21
-3.8895589763779528
0
LINE
8
BLACK
6
CONTINUOUS
10
3.8027082677165351
20
-3.8895589763779528
11
3.8027082677165351
21
-3.8923711417322835
0
LINE
8
BLACK
6
CONTINUOUS
10
3.8027082677165351
20
-3.8923711417322835
11
3.8026986220472438
21
-3.8924194881889762
0
LINE
8
BLACK
6
CONTINUOUS
10
3.8026986220472438
20
-3.8924194881889762
11
3.8027057874015746
21
-3.892440905511811
0
LINE
8
BLACK
6
CONTINUOUS
10
3.8027057874015746
20
-3.892440905511811
11
3.8026640944881889
21
-3.8925930314960628
0
LINE
8
BLACK
6
CONTINUOUS
10
3.8026640944881889
20
-3.8925930314960628
11
3.8026333464566928
21
-3.8927477952755907
0
LINE
8
BLACK
6
CONTINUOUS
10
3.8026333464566928
20
-3.8927477952755907
11
3.8026173622047241
21
-3.8927637401574802
0
LINE
8
BLACK
6
CONTINUOUS
10
3.8026173622047241
20
-3.8927637401574802
11
3.8026043700787402
21
-3.8928112992125983
0
LINE
8
BLACK
6
CONTINUOUS
10
3.8026043700787402
20
-3.8928112992125983
11
3.801666968503937
21
-3.8946861023622046
0
LINE
8
BLACK
6
CONTINUOUS
10
3.801666968503937
20
-3.8946861023622046
11
3.801431496062992
21
-3.8949894488188974
0
LINE
8
BLACK
6
CONTINUOUS
10
3.801431496062992
20
-3.8949894488188974
11
3.800716811023622
21
-3.8952276771653542
0
LINE
8
BLACK
6
CONTINUOUS
10
3.800716811023622
20
-3.8952276771653542
11
3.8000430708661415
21
-3.8948907874015748
0
LINE
8
BLACK
6
CONTINUOUS
10
3.8000430708661415
20
-3.8948907874015748
11
3.7998048425196851
21
-3.8941761023622048
0
LINE
8
BLACK
6
CONTINUOUS
10
3.7998048425196851
20
-3.8941761023622048
11
3.7999062598425195
21
-3.8938057086614171
0
LINE
8
BLACK
6
CONTINUOUS
10
3.7999062598425195
20
-3.8938057086614171
11
3.8007397637795273
21
-3.8921387007874015
0
LINE
8
BLACK
6
CONTINUOUS
10
3.8007397637795273
20
-3.8921387007874015
11
3.8007397637795273
21
-3.8897187007874017
0
LINE
8
BLACK
6
CONTINUOUS
10
3.8007397637795273
20
-3.8897187007874017
11
3.7999263385826771
21
-3.8872785039370079
0
LINE
8
BLACK
6
CONTINUOUS
10
3.7999263385826771
20
-3.8872785039370079
11
3.7983287795275591
21
-3.8856809842519686
0
LINE
8
BLACK
6
CONTINUOUS
10
3.7983287795275591
20
-3.8856809842519686
11
3.796693503937008
21
-3.8848633464566928
0
LINE
8
BLACK
6
CONTINUOUS
10
3.796693503937008
20
-3.8848633464566928
11
3.7931663385826773
21
-3.8839815748031494
0
LINE
8
BLACK
6
CONTINUOUS
10
3.7931663385826773
20
-3.8839815748031494
11
3.7905966535433069
21
-3.8839815748031494
0
LINE
8
BLACK
6
CONTINUOUS
10
3.7905966535433069
20
-3.8839815748031494
11
3.7870694881889762
21
-3.8848633464566928
0
LINE
8
BLACK
6
CONTINUOUS
10
3.7870694881889762
20
-3.8848633464566928
11
3.7854340944881888
21
-3.8856810236220474
0
LINE
8
BLACK
6
CONTINUOUS
10
3.7854340944881888
20
-3.8856810236220474
11
3.7838366141732283
21
-3.8872785433070867
0
LINE
8
BLACK
6
CONTINUOUS
10
3.7838366141732283
20
-3.8872785433070867
11
3.7830232283464564
21
-3.8897187007874017
0
LINE
8
BLACK
6
CONTINUOUS
10
3.7830232283464564
20
-3.8897187007874017
11
3.7830232283464564
21
-3.8912739763779527
0
LINE
8
BLACK
6
CONTINUOUS
10
3.7830232283464564
20
-3.8912739763779527
11
3.7838366141732283
21
-3.8937141732283465
0
LINE
8
BLACK
6
CONTINUOUS
10
3.7838366141732283
20
-3.8937141732283465
11
3.7843214566929131
21
-3.8941990157480313
0
LINE
8
BLACK
6
CONTINUOUS
10
3.7843214566929131
20
-3.8941990157480313
11
3.7894911811023619
21
-3.8941990157480313
0
LINE
8
BLACK
6
CONTINUOUS
10
3.7894911811023619
20
-3.8941990157480313
11
3.7894911811023619
21
-3.8914337401574803
0
LINE
8
BLACK
6
CONTINUOUS
10
3.7894911811023619
20
-3.8914337401574803
11
3.7895661023622047
21
-3.8910570866141732
0
LINE
8
BLACK
6
CONTINUOUS
10
3.7895661023622047
20
-3.8910570866141732
11
3.7900987795275589
21
-3.8905244094488189
0
LINE
8
BLACK
6
CONTINUOUS
10
3.7900987795275589
20
-3.8905244094488189
11
3.7908520866141733
21
-3.8905244094488189
0
LINE
8
BLACK
6
CONTINUOUS
10
3.7908520866141733
20
-3.8905244094488189
11
3.7913847637795275
21
-3.8910570866141732
0
LINE
8
BLACK
6
CONTINUOUS
10
3.7913847637795275
20
-3.8910570866141732
11
3.7914596850393698
21
-3.8914337401574803
0
LINE
8
BLACK
6
CONTINUOUS
10
3.7914596850393698
20
-3.8914337401574803
11
3.7914596850393698
21
-3.8951832677165354
0
LINE
8
BLACK
6
CONTINUOUS
10
3.7914596850393698
20
-3.8951832677165354
11
3.7913847637795275
21
-3.8955599212598426
0
LINE
8
BLACK
6
CONTINUOUS
10
3.7913847637795275
20
-3.8955599212598426
11
3.7908520866141733
21
-3.8960925984251968
0
LINE
8
BLACK
6
CONTINUOUS
10
3.7908520866141733
20
-3.8960925984251968
11
3.7904754330708661
21
-3.8961675196850392
0
LINE
8
BLACK
6
CONTINUOUS
10
3.7904754330708661
20
-3.8961675196850392
11
3.7839137401574803
21
-3.8961675196850392
0
LINE
8
BLACK
6
CONTINUOUS
10
3.7839137401574803
20
-3.8961675196850392
11
3.7835370866141731
21
-3.8960925984251968
0
LINE
8
BLACK
6
CONTINUOUS
10
3.7835370866141731
20
-3.8960925984251968
11
3.7832177559055116
21
-3.8958792519685037
0
LINE
8
BLACK
6
CONTINUOUS
10
3.7832177559055116
20
-3.8958792519685037
11
3.7822803937007872
21
-3.8949418897637793
0
LINE
8
BLACK
6
CONTINUOUS
10
3.7822803937007872
20
-3.8949418897637793
11
3.7822529527559055
21
-3.8949008267716536
0
LINE
8
BLACK
6
CONTINUOUS
10
3.7822529527559055
20
-3.8949008267716536
11
3.7822328346456691
21
-3.8948907874015748
0
LINE
8
BLACK
6
CONTINUOUS
10
3.7822328346456691
20
-3.8948907874015748
11
3.7821547637795274
21
-3.8947538582677166
0
LINE
8
BLACK
6
CONTINUOUS
10
3.7821547637795274
20
-3.8947538582677166
11
3.7820670472440945
21
-3.8946225590551182
0
LINE
8
BLACK
6
CONTINUOUS
10
3.7820670472440945
20
-3.8946225590551182
11
3.7820670472440945
21
-3.8945999606299213
0
LINE
8
BLACK
6
CONTINUOUS
10
3.7820670472440945
20
-3.8945999606299213
11
3.7820426377952754
21
-3.8945571653543305
0
LINE
8
BLACK
6
CONTINUOUS
10
3.7820426377952754
20
-3.8945571653543305
11
3.7811052362204722
21
-3.8917449999999998
0
LINE
8
BLACK
6
CONTINUOUS
10
3.7811052362204722
20
-3.8917449999999998
11
3.7810854724409446
21
-3.891588464566929
0
LINE
8
BLACK
6
CONTINUOUS
10
3.7810854724409446
20
-3.891588464566929
11
3.7810547244094486
21
-3.8914337401574803
0
LINE
8
BLACK
6
CONTINUOUS
10
3.7810547244094486
20
-3.8914337401574803
11
3.7810547244094486
21
-3.8895589763779528
0
LINE
8
BLACK
6
CONTINUOUS
10
3.7810547244094486
20
-3.8895589763779528
11
3.7810854724409446
21
-3.8894042125984249
0
LINE
8
BLACK
6
CONTINUOUS
10
3.7810854724409446
20
-3.8894042125984249
11
3.7811052362204722
21
-3.8892477165354329
0
LINE
8
BLACK
6
CONTINUOUS
10
3.7811052362204722
20
-3.8892477165354329
11
3.7820426377952754
21
-3.8864355905511809
0
LINE
8
BLACK
6
CONTINUOUS
10
3.7820426377952754
20
-3.8864355905511809
11
3.7820670472440945
21
-3.8863927559055118
0
LINE
8
BLACK
6
CONTINUOUS
10
3.7820670472440945
20
-3.8863927559055118
11
3.7820670472440945
21
-3.8863701968503936
0
LINE
8
BLACK
6
CONTINUOUS
10
3.7820670472440945
20
-3.8863701968503936
11
3.7821547637795274
21
-3.8862388582677165
0
LINE
8
BLACK
6
CONTINUOUS
10
3.7821547637795274
20
-3.8862388582677165
11
3.7822328346456691
21
-3.8861019685039371
0
LINE
8
BLACK
6
CONTINUOUS
10
3.7822328346456691
20
-3.8861019685039371
11
3.7822529527559055
21
-3.8860918897637795
0
LINE
8
BLACK
6
CONTINUOUS
10
3.7822529527559055
20
-3.8860918897637795
11
3.7822803937007872
21
-3.8860508661417321
0
LINE
8
BLACK
6
CONTINUOUS
10
3.7822803937007872
20
-3.8860508661417321
11
3.7841551574803147
21
-3.8841761417322833
0
LINE
8
BLACK
6
CONTINUOUS
10
3.7841551574803147
20
-3.8841761417322833
11
3.7842861023622048
21
-3.8840886220472441
0
LINE
8
BLACK
6
CONTINUOUS
10
3.7842861023622048
20
-3.8840886220472441
11
3.7844109448818899
21
-3.8839917322834645
0
LINE
8
BLACK
6
CONTINUOUS
10
3.7844109448818899
20
-3.8839917322834645
11
3.7862857480314958
21
-3.8830543307086614
0
LINE
8
BLACK
6
CONTINUOUS
10
3.7862857480314958
20
-3.8830543307086614
11
3.7863896850393699
21
-3.8830258267716533
0
LINE
8
BLACK
6
CONTINUOUS
10
3.7863896850393699
20
-3.8830258267716533
11
3.7864872047244096
21
-3.8829798031496061
0
LINE
8
BLACK
6
CONTINUOUS
10
3.7864872047244096
20
-3.8829798031496061
11
3.7902367322834647
21
-3.8820424409448817
0
LINE
8
BLACK
6
CONTINUOUS
10
3.7902367322834647
20
-3.8820424409448817
11
3.7903572440944879
21
-3.8820365748031493
0
LINE
8
BLACK
6
CONTINUOUS
10
3.7903572440944879
20
-3.8820365748031493
11
3.7904754330708661
21
-3.8820130708661416
0
LINE
8
BLACK
6
CONTINUOUS
10
3.7904754330708661
20
-3.8820130708661416
11
3.7932875590551181
21
-3.8820130708661416
0
LINE
8
BLACK
6
CONTINUOUS
10
3.7932875590551181
20
-3.8820130708661416
11
3.793405708661417
21
-3.8820365748031493
0
LINE
8
BLACK
6
CONTINUOUS
10
4.0792504330708663
20
-3.8545105118110237
11
4.0805288582677166
21
-3.855788937007874
0
LINE
8
BLACK
6
CONTINUOUS
10
4.0805288582677166
20
-3.855788937007874
11
4.0805288582677166
21
-3.8575968897637796
0
LINE
8
BLACK
6
CONTINUOUS
10
4.0805288582677166
20
-3.8575968897637796
11
4.0792504330708663
21
-3.8588753149606299
0
LINE
8
BLACK
6
CONTINUOUS
10
4.0792504330708663
20
-3.8588753149606299
11
4.0783464566929135
21
-3.8590551181102359
0
LINE
8
BLACK
6
CONTINUOUS
10
4.0783464566929135
20
-3.8590551181102359
11
3.7956692913385828
21
-3.8590551181102359
0
LINE
8
BLACK
6
CONTINUOUS
10
3.7956692913385828
20
-3.8590551181102359
11
3.79476531496063
21
-3.8588753149606299
0
LINE
8
BLACK
6
CONTINUOUS
10
3.79476531496063
20
-3.8588753149606299
11
3.7934868897637792
21
-3.8575968897637796
0
LINE
8
BLACK
6
CONTINUOUS
10
3.7934868897637792
20
-3.8575968897637796
11
3.7934868897637792
21
-3.855788937007874
0
LINE
8
BLACK
6
CONTINUOUS
10
3.7934868897637792
20
-3.855788937007874
11
3.79476531496063
21
-3.8545105118110237
0
LINE
8
BLACK
6
CONTINUOUS
10
3.79476531496063
20
-3.8545105118110237
11
3.7956692913385828
21
-3.8543307086614171
0
LINE
8
BLACK
6
CONTINUOUS
10
3.7956692913385828
20
-3.8543307086614171
11
4.0783464566929135
21
-3.8543307086614171
0
LINE
8
BLACK
6
CONTINUOUS
10
4.0783464566929135
20
-3.8543307086614171
11
4.0792504330708663
21
-3.8545105118110237
0
LINE
8
BLACK
6
CONTINUOUS
10
3.8174394094488187
20
-3.6785262598425197
11
3.8187178346456694
21
-3.67980468503937
0
LINE
8
BLACK
6
CONTINUOUS
10
3.8187178346456694
20
-3.67980468503937
11
3.8187178346456694
21
-3.6816126377952756
0
LINE
8
BLACK
6
CONTINUOUS
10
3.8187178346456694
20
-3.6816126377952756
11
3.8174394094488187
21
-3.6828910629921259
0
LINE
8
BLACK
6
CONTINUOUS
10
3.8174394094488187
20
-3.6828910629921259
11
3.8165354330708658
21
-3.6830708661417324
0
LINE
8
BLACK
6
CONTINUOUS
10
3.8165354330708658
20
-3.6830708661417324
11
3.7480314960629921
21
-3.6830708661417324
0
LINE
8
BLACK
6
CONTINUOUS
10
3.7480314960629921
20
-3.6830708661417324
11
3.7480314960629921
21
-3.7437007874015746
0
LINE
8
BLACK
6
CONTINUOUS
10
3.7480314960629921
20
-3.7437007874015746
11
3.7478516929133856
21
-3.7446047637795274
0
LINE
8
BLACK
6
CONTINUOUS
10
3.7478516929133856
20
-3.7446047637795274
11
3.7465732677165353
21
-3.7458831889763777
0
LINE
8
BLACK
6
CONTINUOUS
10
3.7465732677165353
20
-3.7458831889763777
11
3.7447653149606297
21
-3.7458831889763777
0
LINE
8
BLACK
6
CONTINUOUS
10
3.7447653149606297
20
-3.7458831889763777
11
3.7434868897637794
21
-3.7446047637795274
0
LINE
8
BLACK
6
CONTINUOUS
10
3.7434868897637794
20
-3.7446047637795274
11
3.7433070866141733
21
-3.7437007874015746
0
LINE
8
BLACK
6
CONTINUOUS
10
3.7433070866141733
20
-3.7437007874015746
11
3.7433070866141733
21
-3.6807086614173228
0
LINE
8
BLACK
6
CONTINUOUS
10
3.7433070866141733
20
-3.6807086614173228
11
3.7434868897637794
21
-3.67980468503937
0
LINE
8
BLACK
6
CONTINUOUS
10
3.7434868897637794
20
-3.67980468503937
11
3.7447653149606297
21
-3.6785262598425197
0
LINE
8
BLACK
6
CONTINUOUS
10
3.7447653149606297
20
-3.6785262598425197
11
3.7456692913385825
21
-3.6783464566929132
0
LINE
8
BLACK
6
CONTINUOUS
10
3.7456692913385825
20
-3.6783464566929132
11
3.8165354330708658
21
-3.6783464566929132
0
LINE
8
BLACK
6
CONTINUOUS
10
3.8165354330708658
20
-3.6783464566929132
11
3.8174394094488187
21
-3.6785262598425197
0
LINE
8
BLACK
6
CONTINUOUS
10
4.0596627165354331
20
-3.6427968110236222
11
4.0598425196850396
21
-3.6437007874015745
0
LINE
8
BLACK
6
CONTINUOUS
10
4.0598425196850396
20
-3.6437007874015745
11
4.0598425196850396
21
-3.6783464566929132
0
LINE
8
BLACK
6
CONTINUOUS
10
4.0598425196850396
20
-3.6783464566929132
11
4.1283464566929133
21
-3.6783464566929132
0
LINE
8
BLACK
6
CONTINUOUS
10
4.1283464566929133
20
-3.6783464566929132
11
4.1292504330708661
21
-3.6785262598425197
0
LINE
8
BLACK
6
CONTINUOUS
10
4.1292504330708661
20
-3.6785262598425197
11
4.1305288582677164
21
-3.67980468503937
0
LINE
8
BLACK
6
CONTINUOUS
10
4.1305288582677164
20
-3.67980468503937
11
4.130708661417323
21
-3.6807086614173228
0
LINE
8
BLACK
6
CONTINUOUS
10
4.130708661417323
20
-3.6807086614173228
11
4.130708661417323
21
-3.7437007874015746
0
LINE
8
BLACK
6
CONTINUOUS
10
4.130708661417323
20
-3.7437007874015746
11
4.1305288582677164
21
-3.7446047637795274
0
LINE
8
BLACK
6
CONTINUOUS
10
4.1305288582677164
20
-3.7446047637795274
11
4.1292504330708661
21
-3.7458831889763777
0
LINE
8
BLACK
6
CONTINUOUS
10
4.1292504330708661
20
-3.7458831889763777
11
4.1274424803149605
21
-3.7458831889763777
0
LINE
8
BLACK
6
CONTINUOUS
10
4.1274424803149605
20
-3.7458831889763777
11
4.1261640551181102
21
-3.7446047637795274
0
LINE
8
BLACK
6
CONTINUOUS
10
4.1261640551181102
20
-3.7446047637795274
11
4.1259842519685037
21
-3.7437007874015746
0
LINE
8
BLACK
6
CONTINUOUS
10
4.1259842519685037
20
-3.7437007874015746
11
4.1259842519685037
21
-3.6830708661417324
0
LINE
8
BLACK
6
CONTINUOUS
10
4.1259842519685037
20
-3.6830708661417324
11
4.05748031496063
21
-3.6830708661417324
0
LINE
8
BLACK
6
CONTINUOUS
10
4.05748031496063
20
-3.6830708661417324
11
4.0565763385826772
21
-3.6828910629921259
0
LINE
8
BLACK
6
CONTINUOUS
10
4.0565763385826772
20
-3.6828910629921259
11
4.0552979133858269
21
-3.6816126377952756
0
LINE
8
BLACK
6
CONTINUOUS
10
4.0552979133858269
20
-3.6816126377952756
11
4.0551181102362204
21
-3.6807086614173228
0
LINE
8
BLACK
6
CONTINUOUS
10
4.0551181102362204
20
-3.6807086614173228
11
4.0551181102362204
21
-3.6437007874015745
0
LINE
8
BLACK
6
CONTINUOUS
10
4.0551181102362204
20
-3.6437007874015745
11
4.0552979133858269
21
-3.6427968110236222
0
LINE
8
BLACK
6
CONTINUOUS
10
4.0552979133858269
20
-3.6427968110236222
11
4.0565763385826772
21
-3.6415183858267715
0
LINE
8
BLACK
6
CONTINUOUS
10
4.0565763385826772
20
-3.6415183858267715
11
4.0583842913385828
21
-3.6415183858267715
0
LINE
8
BLACK
6
CONTINUOUS
10
4.0583842913385828
20
-3.6415183858267715
11
4.0596627165354331
21
-3.6427968110236222
  0
ENDSEC
  0
EOF
