ISO-10303-21;
HEADER;
FILE_DESCRIPTION(('KiCad electronic assembly'),'2;1');
FILE_NAME('moteus_adaptor.step','2026-03-22T16:56:30',('Pcbnew'),(
    'Kicad'),'Open CASCADE STEP processor 7.8','KiCad to STEP converter'
  ,'Unknown');
FILE_SCHEMA(('AUTOMOTIVE_DESIGN { 1 0 10303 214 1 1 1 1 }'));
ENDSEC;
DATA;
#1 = APPLICATION_PROTOCOL_DEFINITION('international standard',
  'automotive_design',2000,#2);
#2 = APPLICATION_CONTEXT(
  'core data for automotive mechanical design processes');
#3 = SHAPE_DEFINITION_REPRESENTATION(#4,#10);
#4 = PRODUCT_DEFINITION_SHAPE('','',#5);
#5 = PRODUCT_DEFINITION('design','',#6,#9);
#6 = PRODUCT_DEFINITION_FORMATION('','',#7);
#7 = PRODUCT('moteus_adaptor 1','moteus_adaptor 1','',(#8));
#8 = PRODUCT_CONTEXT('',#2,'mechanical');
#9 = PRODUCT_DEFINITION_CONTEXT('part definition',#2,'design');
#10 = SHAPE_REPRESENTATION('',(#11,#15,#19,#23,#27,#31,#35,#39,#43,#47,
    #51,#55),#59);
#11 = AXIS2_PLACEMENT_3D('',#12,#13,#14);
#12 = CARTESIAN_POINT('',(0.,0.,0.));
#13 = DIRECTION('',(0.,0.,1.));
#14 = DIRECTION('',(1.,0.,-0.));
#15 = AXIS2_PLACEMENT_3D('',#16,#17,#18);
#16 = CARTESIAN_POINT('',(72.075,-60.41,1.595));
#17 = DIRECTION('',(-0.,0.,1.));
#18 = DIRECTION('',(1.110223024625E-16,-1.,0.));
#19 = AXIS2_PLACEMENT_3D('',#20,#21,#22);
#20 = CARTESIAN_POINT('',(65.97,-45.17,1.595));
#21 = DIRECTION('',(-0.,0.,1.));
#22 = DIRECTION('',(1.110223024625E-16,-1.,0.));
#23 = AXIS2_PLACEMENT_3D('',#24,#25,#26);
#24 = CARTESIAN_POINT('',(72.075,-40.55,1.595));
#25 = DIRECTION('',(-0.,0.,1.));
#26 = DIRECTION('',(1.110223024625E-16,-1.,0.));
#27 = AXIS2_PLACEMENT_3D('',#28,#29,#30);
#28 = CARTESIAN_POINT('',(65.97,-60.41,1.595));
#29 = DIRECTION('',(-0.,0.,1.));
#30 = DIRECTION('',(1.110223024625E-16,-1.,0.));
#31 = AXIS2_PLACEMENT_3D('',#32,#33,#34);
#32 = CARTESIAN_POINT('',(72.075,-50.25,1.595));
#33 = DIRECTION('',(-0.,0.,1.));
#34 = DIRECTION('',(1.110223024625E-16,-1.,0.));
#35 = AXIS2_PLACEMENT_3D('',#36,#37,#38);
#36 = CARTESIAN_POINT('',(54.35,-67.59,1.595));
#37 = DIRECTION('',(-0.,0.,1.));
#38 = DIRECTION('',(1.110223024625E-16,-1.,0.));
#39 = AXIS2_PLACEMENT_3D('',#40,#41,#42);
#40 = CARTESIAN_POINT('',(65.97,-50.25,1.595));
#41 = DIRECTION('',(-0.,0.,1.));
#42 = DIRECTION('',(1.110223024625E-16,-1.,0.));
#43 = AXIS2_PLACEMENT_3D('',#44,#45,#46);
#44 = CARTESIAN_POINT('',(26.95,-43.899999,1.595));
#45 = DIRECTION('',(0.,0.,1.));
#46 = DIRECTION('',(1.,0.,0.));
#47 = AXIS2_PLACEMENT_3D('',#48,#49,#50);
#48 = CARTESIAN_POINT('',(65.97,-55.33,1.595));
#49 = DIRECTION('',(-0.,0.,1.));
#50 = DIRECTION('',(1.110223024625E-16,-1.,0.));
#51 = AXIS2_PLACEMENT_3D('',#52,#53,#54);
#52 = CARTESIAN_POINT('',(65.97,-40.09,1.595));
#53 = DIRECTION('',(-0.,0.,1.));
#54 = DIRECTION('',(1.110223024625E-16,-1.,0.));
#55 = AXIS2_PLACEMENT_3D('',#56,#57,#58);
#56 = CARTESIAN_POINT('',(0.,0.,0.));
#57 = DIRECTION('',(0.,0.,1.));
#58 = DIRECTION('',(1.,0.,-0.));
#59 = ( GEOMETRIC_REPRESENTATION_CONTEXT(3) 
GLOBAL_UNCERTAINTY_ASSIGNED_CONTEXT((#63)) GLOBAL_UNIT_ASSIGNED_CONTEXT(
(#60,#61,#62)) REPRESENTATION_CONTEXT('Context #1',
  '3D Context with UNIT and UNCERTAINTY') );
#60 = ( LENGTH_UNIT() NAMED_UNIT(*) SI_UNIT(.MILLI.,.METRE.) );
#61 = ( NAMED_UNIT(*) PLANE_ANGLE_UNIT() SI_UNIT($,.RADIAN.) );
#62 = ( NAMED_UNIT(*) SI_UNIT($,.STERADIAN.) SOLID_ANGLE_UNIT() );
#63 = UNCERTAINTY_MEASURE_WITH_UNIT(LENGTH_MEASURE(1.E-07),#60,
  'distance_accuracy_value','confusion accuracy');
#64 = PRODUCT_RELATED_PRODUCT_CATEGORY('part',$,(#7));
#65 = SHAPE_DEFINITION_REPRESENTATION(#66,#72);
#66 = PRODUCT_DEFINITION_SHAPE('','',#67);
#67 = PRODUCT_DEFINITION('design','',#68,#71);
#68 = PRODUCT_DEFINITION_FORMATION('','',#69);
#69 = PRODUCT('Pin_D1.4mm_L8.5mm_W2.8mm_FlatFork',
  'Pin_D1.4mm_L8.5mm_W2.8mm_FlatFork','',(#70));
#70 = PRODUCT_CONTEXT('',#2,'mechanical');
#71 = PRODUCT_DEFINITION_CONTEXT('part definition',#2,'design');
#72 = ADVANCED_BREP_SHAPE_REPRESENTATION('',(#11,#73),#530);
#73 = MANIFOLD_SOLID_BREP('',#74);
#74 = CLOSED_SHELL('',(#75,#115,#146,#177,#208,#239,#272,#303,#334,#365,
    #396,#427,#451,#484,#507));
#75 = ADVANCED_FACE('',(#76),#110,.F.);
#76 = FACE_BOUND('',#77,.F.);
#77 = EDGE_LOOP('',(#78,#88,#96,#104));
#78 = ORIENTED_EDGE('',*,*,#79,.T.);
#79 = EDGE_CURVE('',#80,#82,#84,.T.);
#80 = VERTEX_POINT('',#81);
#81 = CARTESIAN_POINT('',(0.85,-0.3,4.375));
#82 = VERTEX_POINT('',#83);
#83 = CARTESIAN_POINT('',(0.85,0.3,4.375));
#84 = LINE('',#85,#86);
#85 = CARTESIAN_POINT('',(0.85,-0.3,4.375));
#86 = VECTOR('',#87,1.);
#87 = DIRECTION('',(0.,1.,-6.62044604925E-16));
#88 = ORIENTED_EDGE('',*,*,#89,.T.);
#89 = EDGE_CURVE('',#82,#90,#92,.T.);
#90 = VERTEX_POINT('',#91);
#91 = CARTESIAN_POINT('',(0.85,0.3,5.6));
#92 = LINE('',#93,#94);
#93 = CARTESIAN_POINT('',(0.85,0.3,4.375));
#94 = VECTOR('',#95,1.);
#95 = DIRECTION('',(0.,2.22044604925E-16,1.));
#96 = ORIENTED_EDGE('',*,*,#97,.F.);
#97 = EDGE_CURVE('',#98,#90,#100,.T.);
#98 = VERTEX_POINT('',#99);
#99 = CARTESIAN_POINT('',(0.85,-0.3,5.6));
#100 = LINE('',#101,#102);
#101 = CARTESIAN_POINT('',(0.85,-0.3,5.6));
#102 = VECTOR('',#103,1.);
#103 = DIRECTION('',(0.,1.,-6.62044604925E-16));
#104 = ORIENTED_EDGE('',*,*,#105,.F.);
#105 = EDGE_CURVE('',#80,#98,#106,.T.);
#106 = LINE('',#107,#108);
#107 = CARTESIAN_POINT('',(0.85,-0.3,4.375));
#108 = VECTOR('',#109,1.);
#109 = DIRECTION('',(0.,2.22044604925E-16,1.));
#110 = PLANE('',#111);
#111 = AXIS2_PLACEMENT_3D('',#112,#113,#114);
#112 = CARTESIAN_POINT('',(0.85,-0.3,4.375));
#113 = DIRECTION('',(1.,0.,0.));
#114 = DIRECTION('',(-0.,6.62044604925E-16,1.));
#115 = ADVANCED_FACE('',(#116),#141,.F.);
#116 = FACE_BOUND('',#117,.F.);
#117 = EDGE_LOOP('',(#118,#119,#127,#135));
#118 = ORIENTED_EDGE('',*,*,#97,.T.);
#119 = ORIENTED_EDGE('',*,*,#120,.T.);
#120 = EDGE_CURVE('',#90,#121,#123,.T.);
#121 = VERTEX_POINT('',#122);
#122 = CARTESIAN_POINT('',(1.4,0.3,5.6));
#123 = LINE('',#124,#125);
#124 = CARTESIAN_POINT('',(0.85,0.3,5.6));
#125 = VECTOR('',#126,1.);
#126 = DIRECTION('',(1.,0.,0.));
#127 = ORIENTED_EDGE('',*,*,#128,.F.);
#128 = EDGE_CURVE('',#129,#121,#131,.T.);
#129 = VERTEX_POINT('',#130);
#130 = CARTESIAN_POINT('',(1.4,-0.3,5.6));
#131 = LINE('',#132,#133);
#132 = CARTESIAN_POINT('',(1.4,-0.3,5.6));
#133 = VECTOR('',#134,1.);
#134 = DIRECTION('',(0.,1.,-6.62044604925E-16));
#135 = ORIENTED_EDGE('',*,*,#136,.F.);
#136 = EDGE_CURVE('',#98,#129,#137,.T.);
#137 = LINE('',#138,#139);
#138 = CARTESIAN_POINT('',(0.85,-0.3,5.6));
#139 = VECTOR('',#140,1.);
#140 = DIRECTION('',(1.,0.,0.));
#141 = PLANE('',#142);
#142 = AXIS2_PLACEMENT_3D('',#143,#144,#145);
#143 = CARTESIAN_POINT('',(0.85,-0.3,5.6));
#144 = DIRECTION('',(0.,-6.62044604925E-16,-1.));
#145 = DIRECTION('',(1.,0.,0.));
#146 = ADVANCED_FACE('',(#147),#172,.F.);
#147 = FACE_BOUND('',#148,.F.);
#148 = EDGE_LOOP('',(#149,#150,#158,#166));
#149 = ORIENTED_EDGE('',*,*,#128,.T.);
#150 = ORIENTED_EDGE('',*,*,#151,.T.);
#151 = EDGE_CURVE('',#121,#152,#154,.T.);
#152 = VERTEX_POINT('',#153);
#153 = CARTESIAN_POINT('',(1.4,0.3,-6.661338147751E-17));
#154 = LINE('',#155,#156);
#155 = CARTESIAN_POINT('',(1.4,0.3,5.6));
#156 = VECTOR('',#157,1.);
#157 = DIRECTION('',(0.,-2.22044604925E-16,-1.));
#158 = ORIENTED_EDGE('',*,*,#159,.F.);
#159 = EDGE_CURVE('',#160,#152,#162,.T.);
#160 = VERTEX_POINT('',#161);
#161 = CARTESIAN_POINT('',(1.4,-0.3,6.661338147751E-17));
#162 = LINE('',#163,#164);
#163 = CARTESIAN_POINT('',(1.4,-0.3,1.966133814775E-16));
#164 = VECTOR('',#165,1.);
#165 = DIRECTION('',(0.,1.,-6.62044604925E-16));
#166 = ORIENTED_EDGE('',*,*,#167,.F.);
#167 = EDGE_CURVE('',#129,#160,#168,.T.);
#168 = LINE('',#169,#170);
#169 = CARTESIAN_POINT('',(1.4,-0.3,5.6));
#170 = VECTOR('',#171,1.);
#171 = DIRECTION('',(0.,-2.22044604925E-16,-1.));
#172 = PLANE('',#173);
#173 = AXIS2_PLACEMENT_3D('',#174,#175,#176);
#174 = CARTESIAN_POINT('',(1.4,-0.3,5.6));
#175 = DIRECTION('',(-1.,-0.,0.));
#176 = DIRECTION('',(0.,-6.62044604925E-16,-1.));
#177 = ADVANCED_FACE('',(#178),#203,.F.);
#178 = FACE_BOUND('',#179,.F.);
#179 = EDGE_LOOP('',(#180,#181,#189,#197));
#180 = ORIENTED_EDGE('',*,*,#159,.T.);
#181 = ORIENTED_EDGE('',*,*,#182,.T.);
#182 = EDGE_CURVE('',#152,#183,#185,.T.);
#183 = VERTEX_POINT('',#184);
#184 = CARTESIAN_POINT('',(0.7,0.3,-6.661338147751E-17));
#185 = LINE('',#186,#187);
#186 = CARTESIAN_POINT('',(1.4,0.3,-6.661338147751E-17));
#187 = VECTOR('',#188,1.);
#188 = DIRECTION('',(-1.,0.,0.));
#189 = ORIENTED_EDGE('',*,*,#190,.F.);
#190 = EDGE_CURVE('',#191,#183,#193,.T.);
#191 = VERTEX_POINT('',#192);
#192 = CARTESIAN_POINT('',(0.7,-0.3,6.661338147751E-17));
#193 = LINE('',#194,#195);
#194 = CARTESIAN_POINT('',(0.7,-0.3,1.966133814775E-16));
#195 = VECTOR('',#196,1.);
#196 = DIRECTION('',(0.,1.,-6.62044604925E-16));
#197 = ORIENTED_EDGE('',*,*,#198,.F.);
#198 = EDGE_CURVE('',#160,#191,#199,.T.);
#199 = LINE('',#200,#201);
#200 = CARTESIAN_POINT('',(1.4,-0.3,6.661338147751E-17));
#201 = VECTOR('',#202,1.);
#202 = DIRECTION('',(-1.,0.,0.));
#203 = PLANE('',#204);
#204 = AXIS2_PLACEMENT_3D('',#205,#206,#207);
#205 = CARTESIAN_POINT('',(1.4,-0.3,1.966133814775E-16));
#206 = DIRECTION('',(0.,6.62044604925E-16,1.));
#207 = DIRECTION('',(-1.,0.,0.));
#208 = ADVANCED_FACE('',(#209),#234,.F.);
#209 = FACE_BOUND('',#210,.F.);
#210 = EDGE_LOOP('',(#211,#212,#220,#228));
#211 = ORIENTED_EDGE('',*,*,#190,.T.);
#212 = ORIENTED_EDGE('',*,*,#213,.T.);
#213 = EDGE_CURVE('',#183,#214,#216,.T.);
#214 = VERTEX_POINT('',#215);
#215 = CARTESIAN_POINT('',(0.7,0.3,-2.2));
#216 = LINE('',#217,#218);
#217 = CARTESIAN_POINT('',(0.7,0.3,-6.661338147751E-17));
#218 = VECTOR('',#219,1.);
#219 = DIRECTION('',(0.,-2.22044604925E-16,-1.));
#220 = ORIENTED_EDGE('',*,*,#221,.F.);
#221 = EDGE_CURVE('',#222,#214,#224,.T.);
#222 = VERTEX_POINT('',#223);
#223 = CARTESIAN_POINT('',(0.7,-0.3,-2.2));
#224 = LINE('',#225,#226);
#225 = CARTESIAN_POINT('',(0.7,-0.3,-2.2));
#226 = VECTOR('',#227,1.);
#227 = DIRECTION('',(0.,1.,-6.62044604925E-16));
#228 = ORIENTED_EDGE('',*,*,#229,.F.);
#229 = EDGE_CURVE('',#191,#222,#230,.T.);
#230 = LINE('',#231,#232);
#231 = CARTESIAN_POINT('',(0.7,-0.3,6.661338147751E-17));
#232 = VECTOR('',#233,1.);
#233 = DIRECTION('',(0.,-2.22044604925E-16,-1.));
#234 = PLANE('',#235);
#235 = AXIS2_PLACEMENT_3D('',#236,#237,#238);
#236 = CARTESIAN_POINT('',(0.7,-0.3,1.966133814775E-16));
#237 = DIRECTION('',(-1.,-0.,0.));
#238 = DIRECTION('',(0.,-6.62044604925E-16,-1.));
#239 = ADVANCED_FACE('',(#240),#267,.T.);
#240 = FACE_BOUND('',#241,.T.);
#241 = EDGE_LOOP('',(#242,#251,#259,#266));
#242 = ORIENTED_EDGE('',*,*,#243,.T.);
#243 = EDGE_CURVE('',#222,#244,#246,.T.);
#244 = VERTEX_POINT('',#245);
#245 = CARTESIAN_POINT('',(-0.7,-0.3,-2.2));
#246 = CIRCLE('',#247,0.7);
#247 = AXIS2_PLACEMENT_3D('',#248,#249,#250);
#248 = CARTESIAN_POINT('',(0.,-0.3,-2.2));
#249 = DIRECTION('',(0.,1.,-2.22044604925E-16));
#250 = DIRECTION('',(-1.,0.,0.));
#251 = ORIENTED_EDGE('',*,*,#252,.T.);
#252 = EDGE_CURVE('',#244,#253,#255,.T.);
#253 = VERTEX_POINT('',#254);
#254 = CARTESIAN_POINT('',(-0.7,0.3,-2.2));
#255 = LINE('',#256,#257);
#256 = CARTESIAN_POINT('',(-0.7,-0.3,-2.2));
#257 = VECTOR('',#258,1.);
#258 = DIRECTION('',(0.,1.,-6.62044604925E-16));
#259 = ORIENTED_EDGE('',*,*,#260,.F.);
#260 = EDGE_CURVE('',#214,#253,#261,.T.);
#261 = CIRCLE('',#262,0.7);
#262 = AXIS2_PLACEMENT_3D('',#263,#264,#265);
#263 = CARTESIAN_POINT('',(0.,0.3,-2.2));
#264 = DIRECTION('',(0.,1.,-2.22044604925E-16));
#265 = DIRECTION('',(-1.,0.,0.));
#266 = ORIENTED_EDGE('',*,*,#221,.F.);
#267 = CYLINDRICAL_SURFACE('',#268,0.7);
#268 = AXIS2_PLACEMENT_3D('',#269,#270,#271);
#269 = CARTESIAN_POINT('',(0.,-0.3,-2.2));
#270 = DIRECTION('',(0.,-1.,6.62044604925E-16));
#271 = DIRECTION('',(-1.,0.,0.));
#272 = ADVANCED_FACE('',(#273),#298,.T.);
#273 = FACE_BOUND('',#274,.T.);
#274 = EDGE_LOOP('',(#275,#285,#291,#292));
#275 = ORIENTED_EDGE('',*,*,#276,.T.);
#276 = EDGE_CURVE('',#277,#279,#281,.T.);
#277 = VERTEX_POINT('',#278);
#278 = CARTESIAN_POINT('',(-0.7,-0.3,6.661338147751E-17));
#279 = VERTEX_POINT('',#280);
#280 = CARTESIAN_POINT('',(-0.7,0.3,-6.661338147751E-17));
#281 = LINE('',#282,#283);
#282 = CARTESIAN_POINT('',(-0.7,-0.3,1.966133814775E-16));
#283 = VECTOR('',#284,1.);
#284 = DIRECTION('',(0.,1.,-6.62044604925E-16));
#285 = ORIENTED_EDGE('',*,*,#286,.T.);
#286 = EDGE_CURVE('',#279,#253,#287,.T.);
#287 = LINE('',#288,#289);
#288 = CARTESIAN_POINT('',(-0.7,0.3,-6.661338147751E-17));
#289 = VECTOR('',#290,1.);
#290 = DIRECTION('',(0.,-2.22044604925E-16,-1.));
#291 = ORIENTED_EDGE('',*,*,#252,.F.);
#292 = ORIENTED_EDGE('',*,*,#293,.F.);
#293 = EDGE_CURVE('',#277,#244,#294,.T.);
#294 = LINE('',#295,#296);
#295 = CARTESIAN_POINT('',(-0.7,-0.3,6.661338147751E-17));
#296 = VECTOR('',#297,1.);
#297 = DIRECTION('',(0.,-2.22044604925E-16,-1.));
#298 = PLANE('',#299);
#299 = AXIS2_PLACEMENT_3D('',#300,#301,#302);
#300 = CARTESIAN_POINT('',(-0.7,-0.3,1.966133814775E-16));
#301 = DIRECTION('',(-1.,-0.,0.));
#302 = DIRECTION('',(0.,-6.62044604925E-16,-1.));
#303 = ADVANCED_FACE('',(#304),#329,.F.);
#304 = FACE_BOUND('',#305,.F.);
#305 = EDGE_LOOP('',(#306,#307,#315,#323));
#306 = ORIENTED_EDGE('',*,*,#276,.T.);
#307 = ORIENTED_EDGE('',*,*,#308,.T.);
#308 = EDGE_CURVE('',#279,#309,#311,.T.);
#309 = VERTEX_POINT('',#310);
#310 = CARTESIAN_POINT('',(-1.4,0.3,-6.661338147751E-17));
#311 = LINE('',#312,#313);
#312 = CARTESIAN_POINT('',(-0.7,0.3,-6.661338147751E-17));
#313 = VECTOR('',#314,1.);
#314 = DIRECTION('',(-1.,0.,0.));
#315 = ORIENTED_EDGE('',*,*,#316,.F.);
#316 = EDGE_CURVE('',#317,#309,#319,.T.);
#317 = VERTEX_POINT('',#318);
#318 = CARTESIAN_POINT('',(-1.4,-0.3,6.661338147751E-17));
#319 = LINE('',#320,#321);
#320 = CARTESIAN_POINT('',(-1.4,-0.3,1.966133814775E-16));
#321 = VECTOR('',#322,1.);
#322 = DIRECTION('',(0.,1.,-6.62044604925E-16));
#323 = ORIENTED_EDGE('',*,*,#324,.F.);
#324 = EDGE_CURVE('',#277,#317,#325,.T.);
#325 = LINE('',#326,#327);
#326 = CARTESIAN_POINT('',(-0.7,-0.3,6.661338147751E-17));
#327 = VECTOR('',#328,1.);
#328 = DIRECTION('',(-1.,0.,0.));
#329 = PLANE('',#330);
#330 = AXIS2_PLACEMENT_3D('',#331,#332,#333);
#331 = CARTESIAN_POINT('',(-0.7,-0.3,1.966133814775E-16));
#332 = DIRECTION('',(0.,6.62044604925E-16,1.));
#333 = DIRECTION('',(-1.,0.,0.));
#334 = ADVANCED_FACE('',(#335),#360,.F.);
#335 = FACE_BOUND('',#336,.F.);
#336 = EDGE_LOOP('',(#337,#338,#346,#354));
#337 = ORIENTED_EDGE('',*,*,#316,.T.);
#338 = ORIENTED_EDGE('',*,*,#339,.T.);
#339 = EDGE_CURVE('',#309,#340,#342,.T.);
#340 = VERTEX_POINT('',#341);
#341 = CARTESIAN_POINT('',(-1.4,0.3,5.6));
#342 = LINE('',#343,#344);
#343 = CARTESIAN_POINT('',(-1.4,0.3,-6.661338147751E-17));
#344 = VECTOR('',#345,1.);
#345 = DIRECTION('',(0.,2.22044604925E-16,1.));
#346 = ORIENTED_EDGE('',*,*,#347,.F.);
#347 = EDGE_CURVE('',#348,#340,#350,.T.);
#348 = VERTEX_POINT('',#349);
#349 = CARTESIAN_POINT('',(-1.4,-0.3,5.6));
#350 = LINE('',#351,#352);
#351 = CARTESIAN_POINT('',(-1.4,-0.3,5.6));
#352 = VECTOR('',#353,1.);
#353 = DIRECTION('',(0.,1.,-6.62044604925E-16));
#354 = ORIENTED_EDGE('',*,*,#355,.F.);
#355 = EDGE_CURVE('',#317,#348,#356,.T.);
#356 = LINE('',#357,#358);
#357 = CARTESIAN_POINT('',(-1.4,-0.3,6.661338147751E-17));
#358 = VECTOR('',#359,1.);
#359 = DIRECTION('',(0.,2.22044604925E-16,1.));
#360 = PLANE('',#361);
#361 = AXIS2_PLACEMENT_3D('',#362,#363,#364);
#362 = CARTESIAN_POINT('',(-1.4,-0.3,1.966133814775E-16));
#363 = DIRECTION('',(1.,0.,0.));
#364 = DIRECTION('',(-0.,6.62044604925E-16,1.));
#365 = ADVANCED_FACE('',(#366),#391,.F.);
#366 = FACE_BOUND('',#367,.F.);
#367 = EDGE_LOOP('',(#368,#369,#377,#385));
#368 = ORIENTED_EDGE('',*,*,#347,.T.);
#369 = ORIENTED_EDGE('',*,*,#370,.T.);
#370 = EDGE_CURVE('',#340,#371,#373,.T.);
#371 = VERTEX_POINT('',#372);
#372 = CARTESIAN_POINT('',(-0.85,0.3,5.6));
#373 = LINE('',#374,#375);
#374 = CARTESIAN_POINT('',(-1.4,0.3,5.6));
#375 = VECTOR('',#376,1.);
#376 = DIRECTION('',(1.,0.,0.));
#377 = ORIENTED_EDGE('',*,*,#378,.F.);
#378 = EDGE_CURVE('',#379,#371,#381,.T.);
#379 = VERTEX_POINT('',#380);
#380 = CARTESIAN_POINT('',(-0.85,-0.3,5.6));
#381 = LINE('',#382,#383);
#382 = CARTESIAN_POINT('',(-0.85,-0.3,5.6));
#383 = VECTOR('',#384,1.);
#384 = DIRECTION('',(0.,1.,-6.62044604925E-16));
#385 = ORIENTED_EDGE('',*,*,#386,.F.);
#386 = EDGE_CURVE('',#348,#379,#387,.T.);
#387 = LINE('',#388,#389);
#388 = CARTESIAN_POINT('',(-1.4,-0.3,5.6));
#389 = VECTOR('',#390,1.);
#390 = DIRECTION('',(1.,0.,0.));
#391 = PLANE('',#392);
#392 = AXIS2_PLACEMENT_3D('',#393,#394,#395);
#393 = CARTESIAN_POINT('',(-1.4,-0.3,5.6));
#394 = DIRECTION('',(0.,-6.62044604925E-16,-1.));
#395 = DIRECTION('',(1.,0.,0.));
#396 = ADVANCED_FACE('',(#397),#422,.F.);
#397 = FACE_BOUND('',#398,.F.);
#398 = EDGE_LOOP('',(#399,#400,#408,#416));
#399 = ORIENTED_EDGE('',*,*,#378,.T.);
#400 = ORIENTED_EDGE('',*,*,#401,.T.);
#401 = EDGE_CURVE('',#371,#402,#404,.T.);
#402 = VERTEX_POINT('',#403);
#403 = CARTESIAN_POINT('',(-0.85,0.3,4.375));
#404 = LINE('',#405,#406);
#405 = CARTESIAN_POINT('',(-0.85,0.3,5.6));
#406 = VECTOR('',#407,1.);
#407 = DIRECTION('',(0.,-2.22044604925E-16,-1.));
#408 = ORIENTED_EDGE('',*,*,#409,.F.);
#409 = EDGE_CURVE('',#410,#402,#412,.T.);
#410 = VERTEX_POINT('',#411);
#411 = CARTESIAN_POINT('',(-0.85,-0.3,4.375));
#412 = LINE('',#413,#414);
#413 = CARTESIAN_POINT('',(-0.85,-0.3,4.375));
#414 = VECTOR('',#415,1.);
#415 = DIRECTION('',(0.,1.,-6.62044604925E-16));
#416 = ORIENTED_EDGE('',*,*,#417,.F.);
#417 = EDGE_CURVE('',#379,#410,#418,.T.);
#418 = LINE('',#419,#420);
#419 = CARTESIAN_POINT('',(-0.85,-0.3,5.6));
#420 = VECTOR('',#421,1.);
#421 = DIRECTION('',(0.,-2.22044604925E-16,-1.));
#422 = PLANE('',#423);
#423 = AXIS2_PLACEMENT_3D('',#424,#425,#426);
#424 = CARTESIAN_POINT('',(-0.85,-0.3,5.6));
#425 = DIRECTION('',(-1.,-0.,0.));
#426 = DIRECTION('',(0.,-6.62044604925E-16,-1.));
#427 = ADVANCED_FACE('',(#428),#446,.F.);
#428 = FACE_BOUND('',#429,.F.);
#429 = EDGE_LOOP('',(#430,#437,#438,#445));
#430 = ORIENTED_EDGE('',*,*,#431,.T.);
#431 = EDGE_CURVE('',#80,#410,#432,.T.);
#432 = CIRCLE('',#433,0.85);
#433 = AXIS2_PLACEMENT_3D('',#434,#435,#436);
#434 = CARTESIAN_POINT('',(7.E-17,-0.3,4.375));
#435 = DIRECTION('',(0.,1.,-2.22044604925E-16));
#436 = DIRECTION('',(-1.,0.,0.));
#437 = ORIENTED_EDGE('',*,*,#409,.T.);
#438 = ORIENTED_EDGE('',*,*,#439,.F.);
#439 = EDGE_CURVE('',#82,#402,#440,.T.);
#440 = CIRCLE('',#441,0.85);
#441 = AXIS2_PLACEMENT_3D('',#442,#443,#444);
#442 = CARTESIAN_POINT('',(7.E-17,0.3,4.375));
#443 = DIRECTION('',(0.,1.,-2.22044604925E-16));
#444 = DIRECTION('',(-1.,0.,0.));
#445 = ORIENTED_EDGE('',*,*,#79,.F.);
#446 = CYLINDRICAL_SURFACE('',#447,0.85);
#447 = AXIS2_PLACEMENT_3D('',#448,#449,#450);
#448 = CARTESIAN_POINT('',(7.E-17,-0.3,4.375));
#449 = DIRECTION('',(0.,-1.,6.62044604925E-16));
#450 = DIRECTION('',(-1.,0.,0.));
#451 = ADVANCED_FACE('',(#452),#479,.F.);
#452 = FACE_BOUND('',#453,.F.);
#453 = EDGE_LOOP('',(#454,#463,#471,#478));
#454 = ORIENTED_EDGE('',*,*,#455,.T.);
#455 = EDGE_CURVE('',#456,#456,#458,.T.);
#456 = VERTEX_POINT('',#457);
#457 = CARTESIAN_POINT('',(-0.85,-0.3,1.86648));
#458 = CIRCLE('',#459,0.85);
#459 = AXIS2_PLACEMENT_3D('',#460,#461,#462);
#460 = CARTESIAN_POINT('',(0.,-0.3,1.86648));
#461 = DIRECTION('',(0.,1.,-2.22044604925E-16));
#462 = DIRECTION('',(-1.,0.,0.));
#463 = ORIENTED_EDGE('',*,*,#464,.T.);
#464 = EDGE_CURVE('',#456,#465,#467,.T.);
#465 = VERTEX_POINT('',#466);
#466 = CARTESIAN_POINT('',(-0.85,0.3,1.86648));
#467 = LINE('',#468,#469);
#468 = CARTESIAN_POINT('',(-0.85,-0.3,1.86648));
#469 = VECTOR('',#470,1.);
#470 = DIRECTION('',(0.,1.,-6.62044604925E-16));
#471 = ORIENTED_EDGE('',*,*,#472,.F.);
#472 = EDGE_CURVE('',#465,#465,#473,.T.);
#473 = CIRCLE('',#474,0.85);
#474 = AXIS2_PLACEMENT_3D('',#475,#476,#477);
#475 = CARTESIAN_POINT('',(0.,0.3,1.86648));
#476 = DIRECTION('',(0.,1.,-2.22044604925E-16));
#477 = DIRECTION('',(-1.,0.,0.));
#478 = ORIENTED_EDGE('',*,*,#464,.F.);
#479 = CYLINDRICAL_SURFACE('',#480,0.85);
#480 = AXIS2_PLACEMENT_3D('',#481,#482,#483);
#481 = CARTESIAN_POINT('',(0.,-0.3,1.86648));
#482 = DIRECTION('',(0.,-1.,6.62044604925E-16));
#483 = DIRECTION('',(-1.,0.,0.));
#484 = ADVANCED_FACE('',(#485,#499),#502,.F.);
#485 = FACE_BOUND('',#486,.F.);
#486 = EDGE_LOOP('',(#487,#488,#489,#490,#491,#492,#493,#494,#495,#496,
    #497,#498));
#487 = ORIENTED_EDGE('',*,*,#105,.T.);
#488 = ORIENTED_EDGE('',*,*,#136,.T.);
#489 = ORIENTED_EDGE('',*,*,#167,.T.);
#490 = ORIENTED_EDGE('',*,*,#198,.T.);
#491 = ORIENTED_EDGE('',*,*,#229,.T.);
#492 = ORIENTED_EDGE('',*,*,#243,.T.);
#493 = ORIENTED_EDGE('',*,*,#293,.F.);
#494 = ORIENTED_EDGE('',*,*,#324,.T.);
#495 = ORIENTED_EDGE('',*,*,#355,.T.);
#496 = ORIENTED_EDGE('',*,*,#386,.T.);
#497 = ORIENTED_EDGE('',*,*,#417,.T.);
#498 = ORIENTED_EDGE('',*,*,#431,.F.);
#499 = FACE_BOUND('',#500,.F.);
#500 = EDGE_LOOP('',(#501));
#501 = ORIENTED_EDGE('',*,*,#455,.F.);
#502 = PLANE('',#503);
#503 = AXIS2_PLACEMENT_3D('',#504,#505,#506);
#504 = CARTESIAN_POINT('',(1.8E-16,-0.3,1.957758468088));
#505 = DIRECTION('',(0.,1.,-4.42044604925E-16));
#506 = DIRECTION('',(0.,4.42044604925E-16,1.));
#507 = ADVANCED_FACE('',(#508,#522),#525,.T.);
#508 = FACE_BOUND('',#509,.T.);
#509 = EDGE_LOOP('',(#510,#511,#512,#513,#514,#515,#516,#517,#518,#519,
    #520,#521));
#510 = ORIENTED_EDGE('',*,*,#89,.T.);
#511 = ORIENTED_EDGE('',*,*,#120,.T.);
#512 = ORIENTED_EDGE('',*,*,#151,.T.);
#513 = ORIENTED_EDGE('',*,*,#182,.T.);
#514 = ORIENTED_EDGE('',*,*,#213,.T.);
#515 = ORIENTED_EDGE('',*,*,#260,.T.);
#516 = ORIENTED_EDGE('',*,*,#286,.F.);
#517 = ORIENTED_EDGE('',*,*,#308,.T.);
#518 = ORIENTED_EDGE('',*,*,#339,.T.);
#519 = ORIENTED_EDGE('',*,*,#370,.T.);
#520 = ORIENTED_EDGE('',*,*,#401,.T.);
#521 = ORIENTED_EDGE('',*,*,#439,.F.);
#522 = FACE_BOUND('',#523,.T.);
#523 = EDGE_LOOP('',(#524));
#524 = ORIENTED_EDGE('',*,*,#472,.F.);
#525 = PLANE('',#526);
#526 = AXIS2_PLACEMENT_3D('',#527,#528,#529);
#527 = CARTESIAN_POINT('',(1.8E-16,0.3,1.957758468088));
#528 = DIRECTION('',(0.,1.,-4.42044604925E-16));
#529 = DIRECTION('',(0.,4.42044604925E-16,1.));
#530 = ( GEOMETRIC_REPRESENTATION_CONTEXT(3) 
GLOBAL_UNCERTAINTY_ASSIGNED_CONTEXT((#534)) GLOBAL_UNIT_ASSIGNED_CONTEXT
((#531,#532,#533)) REPRESENTATION_CONTEXT('Context #1',
  '3D Context with UNIT and UNCERTAINTY') );
#531 = ( LENGTH_UNIT() NAMED_UNIT(*) SI_UNIT(.MILLI.,.METRE.) );
#532 = ( NAMED_UNIT(*) PLANE_ANGLE_UNIT() SI_UNIT($,.RADIAN.) );
#533 = ( NAMED_UNIT(*) SI_UNIT($,.STERADIAN.) SOLID_ANGLE_UNIT() );
#534 = UNCERTAINTY_MEASURE_WITH_UNIT(LENGTH_MEASURE(1.E-07),#531,
  'distance_accuracy_value','confusion accuracy');
#535 = CONTEXT_DEPENDENT_SHAPE_REPRESENTATION(#536,#538);
#536 = ( REPRESENTATION_RELATIONSHIP('','',#72,#10) 
REPRESENTATION_RELATIONSHIP_WITH_TRANSFORMATION(#537) 
SHAPE_REPRESENTATION_RELATIONSHIP() );
#537 = ITEM_DEFINED_TRANSFORMATION('','',#11,#15);
#538 = PRODUCT_DEFINITION_SHAPE('Placement','Placement of an item',#539
  );
#539 = NEXT_ASSEMBLY_USAGE_OCCURRENCE('1','J12','',#5,#67,$);
#540 = PRODUCT_RELATED_PRODUCT_CATEGORY('part',$,(#69));
#541 = CONTEXT_DEPENDENT_SHAPE_REPRESENTATION(#542,#544);
#542 = ( REPRESENTATION_RELATIONSHIP('','',#72,#10) 
REPRESENTATION_RELATIONSHIP_WITH_TRANSFORMATION(#543) 
SHAPE_REPRESENTATION_RELATIONSHIP() );
#543 = ITEM_DEFINED_TRANSFORMATION('','',#11,#19);
#544 = PRODUCT_DEFINITION_SHAPE('Placement','Placement of an item',#545
  );
#545 = NEXT_ASSEMBLY_USAGE_OCCURRENCE('2','J3','',#5,#67,$);
#546 = CONTEXT_DEPENDENT_SHAPE_REPRESENTATION(#547,#549);
#547 = ( REPRESENTATION_RELATIONSHIP('','',#72,#10) 
REPRESENTATION_RELATIONSHIP_WITH_TRANSFORMATION(#548) 
SHAPE_REPRESENTATION_RELATIONSHIP() );
#548 = ITEM_DEFINED_TRANSFORMATION('','',#11,#23);
#549 = PRODUCT_DEFINITION_SHAPE('Placement','Placement of an item',#550
  );
#550 = NEXT_ASSEMBLY_USAGE_OCCURRENCE('3','J8','',#5,#67,$);
#551 = CONTEXT_DEPENDENT_SHAPE_REPRESENTATION(#552,#554);
#552 = ( REPRESENTATION_RELATIONSHIP('','',#72,#10) 
REPRESENTATION_RELATIONSHIP_WITH_TRANSFORMATION(#553) 
SHAPE_REPRESENTATION_RELATIONSHIP() );
#553 = ITEM_DEFINED_TRANSFORMATION('','',#11,#27);
#554 = PRODUCT_DEFINITION_SHAPE('Placement','Placement of an item',#555
  );
#555 = NEXT_ASSEMBLY_USAGE_OCCURRENCE('4','J6','',#5,#67,$);
#556 = CONTEXT_DEPENDENT_SHAPE_REPRESENTATION(#557,#559);
#557 = ( REPRESENTATION_RELATIONSHIP('','',#72,#10) 
REPRESENTATION_RELATIONSHIP_WITH_TRANSFORMATION(#558) 
SHAPE_REPRESENTATION_RELATIONSHIP() );
#558 = ITEM_DEFINED_TRANSFORMATION('','',#11,#31);
#559 = PRODUCT_DEFINITION_SHAPE('Placement','Placement of an item',#560
  );
#560 = NEXT_ASSEMBLY_USAGE_OCCURRENCE('5','J10','',#5,#67,$);
#561 = SHAPE_DEFINITION_REPRESENTATION(#562,#568);
#562 = PRODUCT_DEFINITION_SHAPE('','',#563);
#563 = PRODUCT_DEFINITION('design','',#564,#567);
#564 = PRODUCT_DEFINITION_FORMATION('','',#565);
#565 = PRODUCT('PinSocket_2x04_P1.27mm_Vertical',
  'PinSocket_2x04_P1.27mm_Vertical','',(#566));
#566 = PRODUCT_CONTEXT('',#2,'mechanical');
#567 = PRODUCT_DEFINITION_CONTEXT('part definition',#2,'design');
#568 = ADVANCED_BREP_SHAPE_REPRESENTATION('',(#11,#569),#7059);
#569 = MANIFOLD_SOLID_BREP('',#570);
#570 = CLOSED_SHELL('',(#571,#611,#674,#737,#754,#1043,#1065,#1082,#1627
    ,#1639,#1651,#1682,#1706,#1730,#1747,#1778,#1802,#1826,#1843,#1874,
    #1898,#1922,#1939,#1970,#1994,#2018,#2035,#2066,#2090,#2114,#2131,
    #2162,#2186,#2210,#2227,#2258,#2282,#2306,#2323,#2354,#2378,#2402,
    #2419,#2436,#2483,#2500,#2547,#2564,#2611,#2628,#2675,#2692,#2739,
    #2756,#2803,#2820,#2867,#2884,#2931,#2948,#2995,#3012,#3059,#3076,
    #3123,#3140,#3187,#3204,#3251,#3268,#3315,#3332,#3379,#3396,#3443,
    #3474,#3530,#3554,#3603,#3634,#3690,#3714,#3763,#3794,#3850,#3874,
    #3923,#3954,#4010,#4034,#4083,#4114,#4170,#4194,#4243,#4274,#4330,
    #4354,#4403,#4434,#4490,#4514,#4563,#4594,#4650,#4674,#4723,#4740,
    #4757,#4774,#4791,#4803,#4820,#4837,#4854,#4871,#4883,#4900,#4917,
    #4934,#4951,#4963,#4980,#4997,#5014,#5031,#5043,#5060,#5077,#5094,
    #5111,#5123,#5140,#5157,#5174,#5191,#5203,#5220,#5237,#5254,#5271,
    #5283,#5300,#5317,#5334,#5351,#5363,#5380,#5397,#5446,#5470,#5512,
    #5529,#5546,#5563,#5612,#5636,#5678,#5695,#5712,#5729,#5778,#5802,
    #5844,#5861,#5878,#5895,#5944,#5968,#6010,#6027,#6044,#6061,#6110,
    #6134,#6176,#6193,#6210,#6227,#6276,#6300,#6342,#6359,#6376,#6393,
    #6442,#6466,#6508,#6525,#6542,#6559,#6608,#6632,#6674,#6691,#6708,
    #6725,#6737,#6754,#6771,#6783,#6800,#6817,#6829,#6846,#6863,#6875,
    #6892,#6909,#6921,#6938,#6955,#6967,#6984,#7001,#7013,#7030,#7047));
#571 = ADVANCED_FACE('',(#572),#606,.F.);
#572 = FACE_BOUND('',#573,.F.);
#573 = EDGE_LOOP('',(#574,#584,#592,#600));
#574 = ORIENTED_EDGE('',*,*,#575,.T.);
#575 = EDGE_CURVE('',#576,#578,#580,.T.);
#576 = VERTEX_POINT('',#577);
#577 = CARTESIAN_POINT('',(0.89,-4.445,0.));
#578 = VERTEX_POINT('',#579);
#579 = CARTESIAN_POINT('',(0.89,-4.445,4.4));
#580 = LINE('',#581,#582);
#581 = CARTESIAN_POINT('',(0.89,-4.445,0.));
#582 = VECTOR('',#583,1.);
#583 = DIRECTION('',(0.,0.,1.));
#584 = ORIENTED_EDGE('',*,*,#585,.T.);
#585 = EDGE_CURVE('',#578,#586,#588,.T.);
#586 = VERTEX_POINT('',#587);
#587 = CARTESIAN_POINT('',(0.89,0.635,4.4));
#588 = LINE('',#589,#590);
#589 = CARTESIAN_POINT('',(0.89,-4.445,4.4));
#590 = VECTOR('',#591,1.);
#591 = DIRECTION('',(1.110223024625E-16,1.,0.));
#592 = ORIENTED_EDGE('',*,*,#593,.F.);
#593 = EDGE_CURVE('',#594,#586,#596,.T.);
#594 = VERTEX_POINT('',#595);
#595 = CARTESIAN_POINT('',(0.89,0.635,0.));
#596 = LINE('',#597,#598);
#597 = CARTESIAN_POINT('',(0.89,0.635,0.));
#598 = VECTOR('',#599,1.);
#599 = DIRECTION('',(0.,0.,1.));
#600 = ORIENTED_EDGE('',*,*,#601,.F.);
#601 = EDGE_CURVE('',#576,#594,#602,.T.);
#602 = LINE('',#603,#604);
#603 = CARTESIAN_POINT('',(0.89,-4.445,0.));
#604 = VECTOR('',#605,1.);
#605 = DIRECTION('',(1.110223024625E-16,1.,0.));
#606 = PLANE('',#607);
#607 = AXIS2_PLACEMENT_3D('',#608,#609,#610);
#608 = CARTESIAN_POINT('',(0.89,-4.445,0.));
#609 = DIRECTION('',(-1.,1.110223024625E-16,0.));
#610 = DIRECTION('',(1.110223024625E-16,1.,0.));
#611 = ADVANCED_FACE('',(#612),#669,.F.);
#612 = FACE_BOUND('',#613,.F.);
#613 = EDGE_LOOP('',(#614,#624,#632,#638,#639,#647,#655,#663));
#614 = ORIENTED_EDGE('',*,*,#615,.F.);
#615 = EDGE_CURVE('',#616,#618,#620,.T.);
#616 = VERTEX_POINT('',#617);
#617 = CARTESIAN_POINT('',(-2.16,-4.445,0.));
#618 = VERTEX_POINT('',#619);
#619 = CARTESIAN_POINT('',(-1.651666666667,-4.445,0.));
#620 = LINE('',#621,#622);
#621 = CARTESIAN_POINT('',(-2.16,-4.445,0.));
#622 = VECTOR('',#623,1.);
#623 = DIRECTION('',(1.,-1.110223024625E-16,0.));
#624 = ORIENTED_EDGE('',*,*,#625,.T.);
#625 = EDGE_CURVE('',#616,#626,#628,.T.);
#626 = VERTEX_POINT('',#627);
#627 = CARTESIAN_POINT('',(-2.16,-4.445,4.4));
#628 = LINE('',#629,#630);
#629 = CARTESIAN_POINT('',(-2.16,-4.445,0.));
#630 = VECTOR('',#631,1.);
#631 = DIRECTION('',(0.,0.,1.));
#632 = ORIENTED_EDGE('',*,*,#633,.T.);
#633 = EDGE_CURVE('',#626,#578,#634,.T.);
#634 = LINE('',#635,#636);
#635 = CARTESIAN_POINT('',(-2.16,-4.445,4.4));
#636 = VECTOR('',#637,1.);
#637 = DIRECTION('',(1.,-1.110223024625E-16,0.));
#638 = ORIENTED_EDGE('',*,*,#575,.F.);
#639 = ORIENTED_EDGE('',*,*,#640,.F.);
#640 = EDGE_CURVE('',#641,#576,#643,.T.);
#641 = VERTEX_POINT('',#642);
#642 = CARTESIAN_POINT('',(0.381666666667,-4.445,0.));
#643 = LINE('',#644,#645);
#644 = CARTESIAN_POINT('',(-2.16,-4.445,0.));
#645 = VECTOR('',#646,1.);
#646 = DIRECTION('',(1.,-1.110223024625E-16,0.));
#647 = ORIENTED_EDGE('',*,*,#648,.T.);
#648 = EDGE_CURVE('',#641,#649,#651,.T.);
#649 = VERTEX_POINT('',#650);
#650 = CARTESIAN_POINT('',(0.381666666667,-4.445,0.2));
#651 = LINE('',#652,#653);
#652 = CARTESIAN_POINT('',(0.381666666667,-4.445,0.));
#653 = VECTOR('',#654,1.);
#654 = DIRECTION('',(0.,0.,1.));
#655 = ORIENTED_EDGE('',*,*,#656,.F.);
#656 = EDGE_CURVE('',#657,#649,#659,.T.);
#657 = VERTEX_POINT('',#658);
#658 = CARTESIAN_POINT('',(-1.651666666667,-4.445,0.2));
#659 = LINE('',#660,#661);
#660 = CARTESIAN_POINT('',(-1.651666666667,-4.445,0.2));
#661 = VECTOR('',#662,1.);
#662 = DIRECTION('',(1.,-1.110223024625E-16,0.));
#663 = ORIENTED_EDGE('',*,*,#664,.F.);
#664 = EDGE_CURVE('',#618,#657,#665,.T.);
#665 = LINE('',#666,#667);
#666 = CARTESIAN_POINT('',(-1.651666666667,-4.445,0.));
#667 = VECTOR('',#668,1.);
#668 = DIRECTION('',(0.,0.,1.));
#669 = PLANE('',#670);
#670 = AXIS2_PLACEMENT_3D('',#671,#672,#673);
#671 = CARTESIAN_POINT('',(-2.16,-4.445,0.));
#672 = DIRECTION('',(1.110223024625E-16,1.,0.));
#673 = DIRECTION('',(1.,-1.110223024625E-16,0.));
#674 = ADVANCED_FACE('',(#675),#732,.F.);
#675 = FACE_BOUND('',#676,.F.);
#676 = EDGE_LOOP('',(#677,#685,#686,#694,#702,#710,#718,#726));
#677 = ORIENTED_EDGE('',*,*,#678,.F.);
#678 = EDGE_CURVE('',#594,#679,#681,.T.);
#679 = VERTEX_POINT('',#680);
#680 = CARTESIAN_POINT('',(0.381666666667,0.635,0.));
#681 = LINE('',#682,#683);
#682 = CARTESIAN_POINT('',(0.89,0.635,0.));
#683 = VECTOR('',#684,1.);
#684 = DIRECTION('',(-1.,1.110223024625E-16,0.));
#685 = ORIENTED_EDGE('',*,*,#593,.T.);
#686 = ORIENTED_EDGE('',*,*,#687,.T.);
#687 = EDGE_CURVE('',#586,#688,#690,.T.);
#688 = VERTEX_POINT('',#689);
#689 = CARTESIAN_POINT('',(-2.16,0.635,4.4));
#690 = LINE('',#691,#692);
#691 = CARTESIAN_POINT('',(0.89,0.635,4.4));
#692 = VECTOR('',#693,1.);
#693 = DIRECTION('',(-1.,1.110223024625E-16,0.));
#694 = ORIENTED_EDGE('',*,*,#695,.F.);
#695 = EDGE_CURVE('',#696,#688,#698,.T.);
#696 = VERTEX_POINT('',#697);
#697 = CARTESIAN_POINT('',(-2.16,0.635,0.));
#698 = LINE('',#699,#700);
#699 = CARTESIAN_POINT('',(-2.16,0.635,0.));
#700 = VECTOR('',#701,1.);
#701 = DIRECTION('',(0.,0.,1.));
#702 = ORIENTED_EDGE('',*,*,#703,.F.);
#703 = EDGE_CURVE('',#704,#696,#706,.T.);
#704 = VERTEX_POINT('',#705);
#705 = CARTESIAN_POINT('',(-1.651666666667,0.635,0.));
#706 = LINE('',#707,#708);
#707 = CARTESIAN_POINT('',(0.89,0.635,0.));
#708 = VECTOR('',#709,1.);
#709 = DIRECTION('',(-1.,1.110223024625E-16,0.));
#710 = ORIENTED_EDGE('',*,*,#711,.T.);
#711 = EDGE_CURVE('',#704,#712,#714,.T.);
#712 = VERTEX_POINT('',#713);
#713 = CARTESIAN_POINT('',(-1.651666666667,0.635,0.2));
#714 = LINE('',#715,#716);
#715 = CARTESIAN_POINT('',(-1.651666666667,0.635,0.));
#716 = VECTOR('',#717,1.);
#717 = DIRECTION('',(0.,0.,1.));
#718 = ORIENTED_EDGE('',*,*,#719,.F.);
#719 = EDGE_CURVE('',#720,#712,#722,.T.);
#720 = VERTEX_POINT('',#721);
#721 = CARTESIAN_POINT('',(0.381666666667,0.635,0.2));
#722 = LINE('',#723,#724);
#723 = CARTESIAN_POINT('',(0.381666666667,0.635,0.2));
#724 = VECTOR('',#725,1.);
#725 = DIRECTION('',(-1.,1.110223024625E-16,0.));
#726 = ORIENTED_EDGE('',*,*,#727,.F.);
#727 = EDGE_CURVE('',#679,#720,#728,.T.);
#728 = LINE('',#729,#730);
#729 = CARTESIAN_POINT('',(0.381666666667,0.635,0.));
#730 = VECTOR('',#731,1.);
#731 = DIRECTION('',(0.,0.,1.));
#732 = PLANE('',#733);
#733 = AXIS2_PLACEMENT_3D('',#734,#735,#736);
#734 = CARTESIAN_POINT('',(0.89,0.635,0.));
#735 = DIRECTION('',(-1.110223024625E-16,-1.,0.));
#736 = DIRECTION('',(-1.,1.110223024625E-16,0.));
#737 = ADVANCED_FACE('',(#738),#749,.F.);
#738 = FACE_BOUND('',#739,.F.);
#739 = EDGE_LOOP('',(#740,#741,#742,#743));
#740 = ORIENTED_EDGE('',*,*,#640,.T.);
#741 = ORIENTED_EDGE('',*,*,#601,.T.);
#742 = ORIENTED_EDGE('',*,*,#678,.T.);
#743 = ORIENTED_EDGE('',*,*,#744,.F.);
#744 = EDGE_CURVE('',#641,#679,#745,.T.);
#745 = LINE('',#746,#747);
#746 = CARTESIAN_POINT('',(0.381666666667,-4.445,0.));
#747 = VECTOR('',#748,1.);
#748 = DIRECTION('',(1.110223024625E-16,1.,0.));
#749 = PLANE('',#750);
#750 = AXIS2_PLACEMENT_3D('',#751,#752,#753);
#751 = CARTESIAN_POINT('',(-0.635,-1.905,0.));
#752 = DIRECTION('',(0.,0.,1.));
#753 = DIRECTION('',(1.110223024625E-16,1.,-0.));
#754 = ADVANCED_FACE('',(#755,#766,#800,#834,#868,#902,#936,#970,#1004),
  #1038,.T.);
#755 = FACE_BOUND('',#756,.T.);
#756 = EDGE_LOOP('',(#757,#758,#759,#765));
#757 = ORIENTED_EDGE('',*,*,#585,.T.);
#758 = ORIENTED_EDGE('',*,*,#687,.T.);
#759 = ORIENTED_EDGE('',*,*,#760,.T.);
#760 = EDGE_CURVE('',#688,#626,#761,.T.);
#761 = LINE('',#762,#763);
#762 = CARTESIAN_POINT('',(-2.16,0.635,4.4));
#763 = VECTOR('',#764,1.);
#764 = DIRECTION('',(-1.110223024625E-16,-1.,0.));
#765 = ORIENTED_EDGE('',*,*,#633,.T.);
#766 = FACE_BOUND('',#767,.T.);
#767 = EDGE_LOOP('',(#768,#778,#786,#794));
#768 = ORIENTED_EDGE('',*,*,#769,.F.);
#769 = EDGE_CURVE('',#770,#772,#774,.T.);
#770 = VERTEX_POINT('',#771);
#771 = CARTESIAN_POINT('',(-0.5,-3.31,4.4));
#772 = VERTEX_POINT('',#773);
#773 = CARTESIAN_POINT('',(-0.5,-4.31,4.4));
#774 = LINE('',#775,#776);
#775 = CARTESIAN_POINT('',(-0.5,-3.31,4.4));
#776 = VECTOR('',#777,1.);
#777 = DIRECTION('',(-2.334869823773E-16,-1.,0.));
#778 = ORIENTED_EDGE('',*,*,#779,.F.);
#779 = EDGE_CURVE('',#780,#770,#782,.T.);
#780 = VERTEX_POINT('',#781);
#781 = CARTESIAN_POINT('',(0.5,-3.31,4.4));
#782 = LINE('',#783,#784);
#783 = CARTESIAN_POINT('',(0.5,-3.31,4.4));
#784 = VECTOR('',#785,1.);
#785 = DIRECTION('',(-1.,2.334869823773E-16,0.));
#786 = ORIENTED_EDGE('',*,*,#787,.F.);
#787 = EDGE_CURVE('',#788,#780,#790,.T.);
#788 = VERTEX_POINT('',#789);
#789 = CARTESIAN_POINT('',(0.5,-4.31,4.4));
#790 = LINE('',#791,#792);
#791 = CARTESIAN_POINT('',(0.5,-4.31,4.4));
#792 = VECTOR('',#793,1.);
#793 = DIRECTION('',(2.334869823773E-16,1.,0.));
#794 = ORIENTED_EDGE('',*,*,#795,.F.);
#795 = EDGE_CURVE('',#772,#788,#796,.T.);
#796 = LINE('',#797,#798);
#797 = CARTESIAN_POINT('',(-0.5,-4.31,4.4));
#798 = VECTOR('',#799,1.);
#799 = DIRECTION('',(1.,-2.334869823773E-16,0.));
#800 = FACE_BOUND('',#801,.T.);
#801 = EDGE_LOOP('',(#802,#812,#820,#828));
#802 = ORIENTED_EDGE('',*,*,#803,.F.);
#803 = EDGE_CURVE('',#804,#806,#808,.T.);
#804 = VERTEX_POINT('',#805);
#805 = CARTESIAN_POINT('',(-0.5,-2.04,4.4));
#806 = VERTEX_POINT('',#807);
#807 = CARTESIAN_POINT('',(-0.5,-3.04,4.4));
#808 = LINE('',#809,#810);
#809 = CARTESIAN_POINT('',(-0.5,-2.04,4.4));
#810 = VECTOR('',#811,1.);
#811 = DIRECTION('',(-2.334869823773E-16,-1.,0.));
#812 = ORIENTED_EDGE('',*,*,#813,.F.);
#813 = EDGE_CURVE('',#814,#804,#816,.T.);
#814 = VERTEX_POINT('',#815);
#815 = CARTESIAN_POINT('',(0.5,-2.04,4.4));
#816 = LINE('',#817,#818);
#817 = CARTESIAN_POINT('',(0.5,-2.04,4.4));
#818 = VECTOR('',#819,1.);
#819 = DIRECTION('',(-1.,2.334869823773E-16,0.));
#820 = ORIENTED_EDGE('',*,*,#821,.F.);
#821 = EDGE_CURVE('',#822,#814,#824,.T.);
#822 = VERTEX_POINT('',#823);
#823 = CARTESIAN_POINT('',(0.5,-3.04,4.4));
#824 = LINE('',#825,#826);
#825 = CARTESIAN_POINT('',(0.5,-3.04,4.4));
#826 = VECTOR('',#827,1.);
#827 = DIRECTION('',(2.334869823773E-16,1.,0.));
#828 = ORIENTED_EDGE('',*,*,#829,.F.);
#829 = EDGE_CURVE('',#806,#822,#830,.T.);
#830 = LINE('',#831,#832);
#831 = CARTESIAN_POINT('',(-0.5,-3.04,4.4));
#832 = VECTOR('',#833,1.);
#833 = DIRECTION('',(1.,-2.334869823773E-16,0.));
#834 = FACE_BOUND('',#835,.T.);
#835 = EDGE_LOOP('',(#836,#846,#854,#862));
#836 = ORIENTED_EDGE('',*,*,#837,.F.);
#837 = EDGE_CURVE('',#838,#840,#842,.T.);
#838 = VERTEX_POINT('',#839);
#839 = CARTESIAN_POINT('',(-0.5,-0.77,4.4));
#840 = VERTEX_POINT('',#841);
#841 = CARTESIAN_POINT('',(-0.5,-1.77,4.4));
#842 = LINE('',#843,#844);
#843 = CARTESIAN_POINT('',(-0.5,-0.77,4.4));
#844 = VECTOR('',#845,1.);
#845 = DIRECTION('',(-2.334869823773E-16,-1.,0.));
#846 = ORIENTED_EDGE('',*,*,#847,.F.);
#847 = EDGE_CURVE('',#848,#838,#850,.T.);
#848 = VERTEX_POINT('',#849);
#849 = CARTESIAN_POINT('',(0.5,-0.77,4.4));
#850 = LINE('',#851,#852);
#851 = CARTESIAN_POINT('',(0.5,-0.77,4.4));
#852 = VECTOR('',#853,1.);
#853 = DIRECTION('',(-1.,2.334869823773E-16,0.));
#854 = ORIENTED_EDGE('',*,*,#855,.F.);
#855 = EDGE_CURVE('',#856,#848,#858,.T.);
#856 = VERTEX_POINT('',#857);
#857 = CARTESIAN_POINT('',(0.5,-1.77,4.4));
#858 = LINE('',#859,#860);
#859 = CARTESIAN_POINT('',(0.5,-1.77,4.4));
#860 = VECTOR('',#861,1.);
#861 = DIRECTION('',(2.334869823773E-16,1.,0.));
#862 = ORIENTED_EDGE('',*,*,#863,.F.);
#863 = EDGE_CURVE('',#840,#856,#864,.T.);
#864 = LINE('',#865,#866);
#865 = CARTESIAN_POINT('',(-0.5,-1.77,4.4));
#866 = VECTOR('',#867,1.);
#867 = DIRECTION('',(1.,-2.334869823773E-16,0.));
#868 = FACE_BOUND('',#869,.T.);
#869 = EDGE_LOOP('',(#870,#880,#888,#896));
#870 = ORIENTED_EDGE('',*,*,#871,.F.);
#871 = EDGE_CURVE('',#872,#874,#876,.T.);
#872 = VERTEX_POINT('',#873);
#873 = CARTESIAN_POINT('',(-0.5,0.5,4.4));
#874 = VERTEX_POINT('',#875);
#875 = CARTESIAN_POINT('',(-0.5,-0.5,4.4));
#876 = LINE('',#877,#878);
#877 = CARTESIAN_POINT('',(-0.5,0.5,4.4));
#878 = VECTOR('',#879,1.);
#879 = DIRECTION('',(-2.334869823773E-16,-1.,0.));
#880 = ORIENTED_EDGE('',*,*,#881,.F.);
#881 = EDGE_CURVE('',#882,#872,#884,.T.);
#882 = VERTEX_POINT('',#883);
#883 = CARTESIAN_POINT('',(0.5,0.5,4.4));
#884 = LINE('',#885,#886);
#885 = CARTESIAN_POINT('',(0.5,0.5,4.4));
#886 = VECTOR('',#887,1.);
#887 = DIRECTION('',(-1.,2.334869823773E-16,0.));
#888 = ORIENTED_EDGE('',*,*,#889,.F.);
#889 = EDGE_CURVE('',#890,#882,#892,.T.);
#890 = VERTEX_POINT('',#891);
#891 = CARTESIAN_POINT('',(0.5,-0.5,4.4));
#892 = LINE('',#893,#894);
#893 = CARTESIAN_POINT('',(0.5,-0.5,4.4));
#894 = VECTOR('',#895,1.);
#895 = DIRECTION('',(2.334869823773E-16,1.,0.));
#896 = ORIENTED_EDGE('',*,*,#897,.F.);
#897 = EDGE_CURVE('',#874,#890,#898,.T.);
#898 = LINE('',#899,#900);
#899 = CARTESIAN_POINT('',(-0.5,-0.5,4.4));
#900 = VECTOR('',#901,1.);
#901 = DIRECTION('',(1.,-2.334869823773E-16,0.));
#902 = FACE_BOUND('',#903,.T.);
#903 = EDGE_LOOP('',(#904,#914,#922,#930));
#904 = ORIENTED_EDGE('',*,*,#905,.F.);
#905 = EDGE_CURVE('',#906,#908,#910,.T.);
#906 = VERTEX_POINT('',#907);
#907 = CARTESIAN_POINT('',(-0.77,-4.31,4.4));
#908 = VERTEX_POINT('',#909);
#909 = CARTESIAN_POINT('',(-0.77,-3.31,4.4));
#910 = LINE('',#911,#912);
#911 = CARTESIAN_POINT('',(-0.77,-4.31,4.4));
#912 = VECTOR('',#913,1.);
#913 = DIRECTION('',(1.110223024625E-16,1.,0.));
#914 = ORIENTED_EDGE('',*,*,#915,.F.);
#915 = EDGE_CURVE('',#916,#906,#918,.T.);
#916 = VERTEX_POINT('',#917);
#917 = CARTESIAN_POINT('',(-1.77,-4.31,4.4));
#918 = LINE('',#919,#920);
#919 = CARTESIAN_POINT('',(-1.77,-4.31,4.4));
#920 = VECTOR('',#921,1.);
#921 = DIRECTION('',(1.,-1.110223024625E-16,0.));
#922 = ORIENTED_EDGE('',*,*,#923,.F.);
#923 = EDGE_CURVE('',#924,#916,#926,.T.);
#924 = VERTEX_POINT('',#925);
#925 = CARTESIAN_POINT('',(-1.77,-3.31,4.4));
#926 = LINE('',#927,#928);
#927 = CARTESIAN_POINT('',(-1.77,-3.31,4.4));
#928 = VECTOR('',#929,1.);
#929 = DIRECTION('',(-1.110223024625E-16,-1.,0.));
#930 = ORIENTED_EDGE('',*,*,#931,.F.);
#931 = EDGE_CURVE('',#908,#924,#932,.T.);
#932 = LINE('',#933,#934);
#933 = CARTESIAN_POINT('',(-0.77,-3.31,4.4));
#934 = VECTOR('',#935,1.);
#935 = DIRECTION('',(-1.,1.110223024625E-16,0.));
#936 = FACE_BOUND('',#937,.T.);
#937 = EDGE_LOOP('',(#938,#948,#956,#964));
#938 = ORIENTED_EDGE('',*,*,#939,.F.);
#939 = EDGE_CURVE('',#940,#942,#944,.T.);
#940 = VERTEX_POINT('',#941);
#941 = CARTESIAN_POINT('',(-0.77,-3.04,4.4));
#942 = VERTEX_POINT('',#943);
#943 = CARTESIAN_POINT('',(-0.77,-2.04,4.4));
#944 = LINE('',#945,#946);
#945 = CARTESIAN_POINT('',(-0.77,-3.04,4.4));
#946 = VECTOR('',#947,1.);
#947 = DIRECTION('',(1.110223024625E-16,1.,0.));
#948 = ORIENTED_EDGE('',*,*,#949,.F.);
#949 = EDGE_CURVE('',#950,#940,#952,.T.);
#950 = VERTEX_POINT('',#951);
#951 = CARTESIAN_POINT('',(-1.77,-3.04,4.4));
#952 = LINE('',#953,#954);
#953 = CARTESIAN_POINT('',(-1.77,-3.04,4.4));
#954 = VECTOR('',#955,1.);
#955 = DIRECTION('',(1.,-1.110223024625E-16,0.));
#956 = ORIENTED_EDGE('',*,*,#957,.F.);
#957 = EDGE_CURVE('',#958,#950,#960,.T.);
#958 = VERTEX_POINT('',#959);
#959 = CARTESIAN_POINT('',(-1.77,-2.04,4.4));
#960 = LINE('',#961,#962);
#961 = CARTESIAN_POINT('',(-1.77,-2.04,4.4));
#962 = VECTOR('',#963,1.);
#963 = DIRECTION('',(-1.110223024625E-16,-1.,0.));
#964 = ORIENTED_EDGE('',*,*,#965,.F.);
#965 = EDGE_CURVE('',#942,#958,#966,.T.);
#966 = LINE('',#967,#968);
#967 = CARTESIAN_POINT('',(-0.77,-2.04,4.4));
#968 = VECTOR('',#969,1.);
#969 = DIRECTION('',(-1.,1.110223024625E-16,0.));
#970 = FACE_BOUND('',#971,.T.);
#971 = EDGE_LOOP('',(#972,#982,#990,#998));
#972 = ORIENTED_EDGE('',*,*,#973,.F.);
#973 = EDGE_CURVE('',#974,#976,#978,.T.);
#974 = VERTEX_POINT('',#975);
#975 = CARTESIAN_POINT('',(-0.77,-1.77,4.4));
#976 = VERTEX_POINT('',#977);
#977 = CARTESIAN_POINT('',(-0.77,-0.77,4.4));
#978 = LINE('',#979,#980);
#979 = CARTESIAN_POINT('',(-0.77,-1.77,4.4));
#980 = VECTOR('',#981,1.);
#981 = DIRECTION('',(1.110223024625E-16,1.,0.));
#982 = ORIENTED_EDGE('',*,*,#983,.F.);
#983 = EDGE_CURVE('',#984,#974,#986,.T.);
#984 = VERTEX_POINT('',#985);
#985 = CARTESIAN_POINT('',(-1.77,-1.77,4.4));
#986 = LINE('',#987,#988);
#987 = CARTESIAN_POINT('',(-1.77,-1.77,4.4));
#988 = VECTOR('',#989,1.);
#989 = DIRECTION('',(1.,-1.110223024625E-16,0.));
#990 = ORIENTED_EDGE('',*,*,#991,.F.);
#991 = EDGE_CURVE('',#992,#984,#994,.T.);
#992 = VERTEX_POINT('',#993);
#993 = CARTESIAN_POINT('',(-1.77,-0.77,4.4));
#994 = LINE('',#995,#996);
#995 = CARTESIAN_POINT('',(-1.77,-0.77,4.4));
#996 = VECTOR('',#997,1.);
#997 = DIRECTION('',(-1.110223024625E-16,-1.,0.));
#998 = ORIENTED_EDGE('',*,*,#999,.F.);
#999 = EDGE_CURVE('',#976,#992,#1000,.T.);
#1000 = LINE('',#1001,#1002);
#1001 = CARTESIAN_POINT('',(-0.77,-0.77,4.4));
#1002 = VECTOR('',#1003,1.);
#1003 = DIRECTION('',(-1.,1.110223024625E-16,0.));
#1004 = FACE_BOUND('',#1005,.T.);
#1005 = EDGE_LOOP('',(#1006,#1016,#1024,#1032));
#1006 = ORIENTED_EDGE('',*,*,#1007,.F.);
#1007 = EDGE_CURVE('',#1008,#1010,#1012,.T.);
#1008 = VERTEX_POINT('',#1009);
#1009 = CARTESIAN_POINT('',(-0.77,-0.5,4.4));
#1010 = VERTEX_POINT('',#1011);
#1011 = CARTESIAN_POINT('',(-0.77,0.5,4.4));
#1012 = LINE('',#1013,#1014);
#1013 = CARTESIAN_POINT('',(-0.77,-0.5,4.4));
#1014 = VECTOR('',#1015,1.);
#1015 = DIRECTION('',(1.110223024625E-16,1.,0.));
#1016 = ORIENTED_EDGE('',*,*,#1017,.F.);
#1017 = EDGE_CURVE('',#1018,#1008,#1020,.T.);
#1018 = VERTEX_POINT('',#1019);
#1019 = CARTESIAN_POINT('',(-1.77,-0.5,4.4));
#1020 = LINE('',#1021,#1022);
#1021 = CARTESIAN_POINT('',(-1.77,-0.5,4.4));
#1022 = VECTOR('',#1023,1.);
#1023 = DIRECTION('',(1.,-1.110223024625E-16,0.));
#1024 = ORIENTED_EDGE('',*,*,#1025,.F.);
#1025 = EDGE_CURVE('',#1026,#1018,#1028,.T.);
#1026 = VERTEX_POINT('',#1027);
#1027 = CARTESIAN_POINT('',(-1.77,0.5,4.4));
#1028 = LINE('',#1029,#1030);
#1029 = CARTESIAN_POINT('',(-1.77,0.5,4.4));
#1030 = VECTOR('',#1031,1.);
#1031 = DIRECTION('',(-1.110223024625E-16,-1.,0.));
#1032 = ORIENTED_EDGE('',*,*,#1033,.F.);
#1033 = EDGE_CURVE('',#1010,#1026,#1034,.T.);
#1034 = LINE('',#1035,#1036);
#1035 = CARTESIAN_POINT('',(-0.77,0.5,4.4));
#1036 = VECTOR('',#1037,1.);
#1037 = DIRECTION('',(-1.,1.110223024625E-16,0.));
#1038 = PLANE('',#1039);
#1039 = AXIS2_PLACEMENT_3D('',#1040,#1041,#1042);
#1040 = CARTESIAN_POINT('',(-0.635,-1.905,4.4));
#1041 = DIRECTION('',(0.,0.,1.));
#1042 = DIRECTION('',(1.110223024625E-16,1.,-0.));
#1043 = ADVANCED_FACE('',(#1044),#1060,.F.);
#1044 = FACE_BOUND('',#1045,.F.);
#1045 = EDGE_LOOP('',(#1046,#1047,#1053,#1054));
#1046 = ORIENTED_EDGE('',*,*,#615,.T.);
#1047 = ORIENTED_EDGE('',*,*,#1048,.F.);
#1048 = EDGE_CURVE('',#704,#618,#1049,.T.);
#1049 = LINE('',#1050,#1051);
#1050 = CARTESIAN_POINT('',(-1.651666666667,0.635,0.));
#1051 = VECTOR('',#1052,1.);
#1052 = DIRECTION('',(-1.110223024625E-16,-1.,0.));
#1053 = ORIENTED_EDGE('',*,*,#703,.T.);
#1054 = ORIENTED_EDGE('',*,*,#1055,.T.);
#1055 = EDGE_CURVE('',#696,#616,#1056,.T.);
#1056 = LINE('',#1057,#1058);
#1057 = CARTESIAN_POINT('',(-2.16,0.635,0.));
#1058 = VECTOR('',#1059,1.);
#1059 = DIRECTION('',(-1.110223024625E-16,-1.,0.));
#1060 = PLANE('',#1061);
#1061 = AXIS2_PLACEMENT_3D('',#1062,#1063,#1064);
#1062 = CARTESIAN_POINT('',(-0.635,-1.905,0.));
#1063 = DIRECTION('',(0.,0.,1.));
#1064 = DIRECTION('',(1.110223024625E-16,1.,-0.));
#1065 = ADVANCED_FACE('',(#1066),#1077,.T.);
#1066 = FACE_BOUND('',#1067,.T.);
#1067 = EDGE_LOOP('',(#1068,#1069,#1075,#1076));
#1068 = ORIENTED_EDGE('',*,*,#711,.T.);
#1069 = ORIENTED_EDGE('',*,*,#1070,.T.);
#1070 = EDGE_CURVE('',#712,#657,#1071,.T.);
#1071 = LINE('',#1072,#1073);
#1072 = CARTESIAN_POINT('',(-1.651666666667,0.635,0.2));
#1073 = VECTOR('',#1074,1.);
#1074 = DIRECTION('',(-1.110223024625E-16,-1.,0.));
#1075 = ORIENTED_EDGE('',*,*,#664,.F.);
#1076 = ORIENTED_EDGE('',*,*,#1048,.F.);
#1077 = PLANE('',#1078);
#1078 = AXIS2_PLACEMENT_3D('',#1079,#1080,#1081);
#1079 = CARTESIAN_POINT('',(-1.651666666667,0.635,0.));
#1080 = DIRECTION('',(1.,-1.110223024625E-16,0.));
#1081 = DIRECTION('',(-1.110223024625E-16,-1.,0.));
#1082 = ADVANCED_FACE('',(#1083,#1094,#1160,#1226,#1292,#1358,#1424,
    #1490,#1556),#1622,.F.);
#1083 = FACE_BOUND('',#1084,.F.);
#1084 = EDGE_LOOP('',(#1085,#1091,#1092,#1093));
#1085 = ORIENTED_EDGE('',*,*,#1086,.T.);
#1086 = EDGE_CURVE('',#649,#720,#1087,.T.);
#1087 = LINE('',#1088,#1089);
#1088 = CARTESIAN_POINT('',(0.381666666667,-4.445,0.2));
#1089 = VECTOR('',#1090,1.);
#1090 = DIRECTION('',(1.110223024625E-16,1.,0.));
#1091 = ORIENTED_EDGE('',*,*,#719,.T.);
#1092 = ORIENTED_EDGE('',*,*,#1070,.T.);
#1093 = ORIENTED_EDGE('',*,*,#656,.T.);
#1094 = FACE_BOUND('',#1095,.F.);
#1095 = EDGE_LOOP('',(#1096,#1106,#1114,#1122,#1130,#1138,#1146,#1154));
#1096 = ORIENTED_EDGE('',*,*,#1097,.F.);
#1097 = EDGE_CURVE('',#1098,#1100,#1102,.T.);
#1098 = VERTEX_POINT('',#1099);
#1099 = CARTESIAN_POINT('',(0.1,-3.435,0.2));
#1100 = VERTEX_POINT('',#1101);
#1101 = CARTESIAN_POINT('',(-0.1,-3.435,0.2));
#1102 = LINE('',#1103,#1104);
#1103 = CARTESIAN_POINT('',(0.1,-3.435,0.2));
#1104 = VECTOR('',#1105,1.);
#1105 = DIRECTION('',(-1.,2.334869823773E-16,0.));
#1106 = ORIENTED_EDGE('',*,*,#1107,.T.);
#1107 = EDGE_CURVE('',#1098,#1108,#1110,.T.);
#1108 = VERTEX_POINT('',#1109);
#1109 = CARTESIAN_POINT('',(0.1,-3.56,0.2));
#1110 = LINE('',#1111,#1112);
#1111 = CARTESIAN_POINT('',(0.1,-3.435,0.2));
#1112 = VECTOR('',#1113,1.);
#1113 = DIRECTION('',(-2.334869823773E-16,-1.,0.));
#1114 = ORIENTED_EDGE('',*,*,#1115,.F.);
#1115 = EDGE_CURVE('',#1116,#1108,#1118,.T.);
#1116 = VERTEX_POINT('',#1117);
#1117 = CARTESIAN_POINT('',(0.1,-4.06,0.2));
#1118 = LINE('',#1119,#1120);
#1119 = CARTESIAN_POINT('',(0.1,-2.8575,0.2));
#1120 = VECTOR('',#1121,1.);
#1121 = DIRECTION('',(2.334869823773E-16,1.,-0.));
#1122 = ORIENTED_EDGE('',*,*,#1123,.T.);
#1123 = EDGE_CURVE('',#1116,#1124,#1126,.T.);
#1124 = VERTEX_POINT('',#1125);
#1125 = CARTESIAN_POINT('',(0.1,-4.185,0.2));
#1126 = LINE('',#1127,#1128);
#1127 = CARTESIAN_POINT('',(0.1,-3.435,0.2));
#1128 = VECTOR('',#1129,1.);
#1129 = DIRECTION('',(-2.334869823773E-16,-1.,0.));
#1130 = ORIENTED_EDGE('',*,*,#1131,.T.);
#1131 = EDGE_CURVE('',#1124,#1132,#1134,.T.);
#1132 = VERTEX_POINT('',#1133);
#1133 = CARTESIAN_POINT('',(-0.1,-4.185,0.2));
#1134 = LINE('',#1135,#1136);
#1135 = CARTESIAN_POINT('',(0.1,-4.185,0.2));
#1136 = VECTOR('',#1137,1.);
#1137 = DIRECTION('',(-1.,2.334869823773E-16,0.));
#1138 = ORIENTED_EDGE('',*,*,#1139,.T.);
#1139 = EDGE_CURVE('',#1132,#1140,#1142,.T.);
#1140 = VERTEX_POINT('',#1141);
#1141 = CARTESIAN_POINT('',(-0.1,-4.06,0.2));
#1142 = LINE('',#1143,#1144);
#1143 = CARTESIAN_POINT('',(-0.1,-4.185,0.2));
#1144 = VECTOR('',#1145,1.);
#1145 = DIRECTION('',(2.334869823773E-16,1.,0.));
#1146 = ORIENTED_EDGE('',*,*,#1147,.T.);
#1147 = EDGE_CURVE('',#1140,#1148,#1150,.T.);
#1148 = VERTEX_POINT('',#1149);
#1149 = CARTESIAN_POINT('',(-0.1,-3.56,0.2));
#1150 = LINE('',#1151,#1152);
#1151 = CARTESIAN_POINT('',(-0.1,-2.8575,0.2));
#1152 = VECTOR('',#1153,1.);
#1153 = DIRECTION('',(2.334869823773E-16,1.,-0.));
#1154 = ORIENTED_EDGE('',*,*,#1155,.T.);
#1155 = EDGE_CURVE('',#1148,#1100,#1156,.T.);
#1156 = LINE('',#1157,#1158);
#1157 = CARTESIAN_POINT('',(-0.1,-4.185,0.2));
#1158 = VECTOR('',#1159,1.);
#1159 = DIRECTION('',(2.334869823773E-16,1.,0.));
#1160 = FACE_BOUND('',#1161,.F.);
#1161 = EDGE_LOOP('',(#1162,#1172,#1180,#1188,#1196,#1204,#1212,#1220));
#1162 = ORIENTED_EDGE('',*,*,#1163,.F.);
#1163 = EDGE_CURVE('',#1164,#1166,#1168,.T.);
#1164 = VERTEX_POINT('',#1165);
#1165 = CARTESIAN_POINT('',(0.1,-2.165,0.2));
#1166 = VERTEX_POINT('',#1167);
#1167 = CARTESIAN_POINT('',(-0.1,-2.165,0.2));
#1168 = LINE('',#1169,#1170);
#1169 = CARTESIAN_POINT('',(0.1,-2.165,0.2));
#1170 = VECTOR('',#1171,1.);
#1171 = DIRECTION('',(-1.,2.334869823773E-16,0.));
#1172 = ORIENTED_EDGE('',*,*,#1173,.T.);
#1173 = EDGE_CURVE('',#1164,#1174,#1176,.T.);
#1174 = VERTEX_POINT('',#1175);
#1175 = CARTESIAN_POINT('',(0.1,-2.29,0.2));
#1176 = LINE('',#1177,#1178);
#1177 = CARTESIAN_POINT('',(0.1,-2.165,0.2));
#1178 = VECTOR('',#1179,1.);
#1179 = DIRECTION('',(-2.334869823773E-16,-1.,0.));
#1180 = ORIENTED_EDGE('',*,*,#1181,.F.);
#1181 = EDGE_CURVE('',#1182,#1174,#1184,.T.);
#1182 = VERTEX_POINT('',#1183);
#1183 = CARTESIAN_POINT('',(0.1,-2.79,0.2));
#1184 = LINE('',#1185,#1186);
#1185 = CARTESIAN_POINT('',(0.1,-2.2225,0.2));
#1186 = VECTOR('',#1187,1.);
#1187 = DIRECTION('',(2.334869823773E-16,1.,-0.));
#1188 = ORIENTED_EDGE('',*,*,#1189,.T.);
#1189 = EDGE_CURVE('',#1182,#1190,#1192,.T.);
#1190 = VERTEX_POINT('',#1191);
#1191 = CARTESIAN_POINT('',(0.1,-2.915,0.2));
#1192 = LINE('',#1193,#1194);
#1193 = CARTESIAN_POINT('',(0.1,-2.165,0.2));
#1194 = VECTOR('',#1195,1.);
#1195 = DIRECTION('',(-2.334869823773E-16,-1.,0.));
#1196 = ORIENTED_EDGE('',*,*,#1197,.T.);
#1197 = EDGE_CURVE('',#1190,#1198,#1200,.T.);
#1198 = VERTEX_POINT('',#1199);
#1199 = CARTESIAN_POINT('',(-0.1,-2.915,0.2));
#1200 = LINE('',#1201,#1202);
#1201 = CARTESIAN_POINT('',(0.1,-2.915,0.2));
#1202 = VECTOR('',#1203,1.);
#1203 = DIRECTION('',(-1.,2.334869823773E-16,0.));
#1204 = ORIENTED_EDGE('',*,*,#1205,.T.);
#1205 = EDGE_CURVE('',#1198,#1206,#1208,.T.);
#1206 = VERTEX_POINT('',#1207);
#1207 = CARTESIAN_POINT('',(-0.1,-2.79,0.2));
#1208 = LINE('',#1209,#1210);
#1209 = CARTESIAN_POINT('',(-0.1,-2.915,0.2));
#1210 = VECTOR('',#1211,1.);
#1211 = DIRECTION('',(2.334869823773E-16,1.,0.));
#1212 = ORIENTED_EDGE('',*,*,#1213,.T.);
#1213 = EDGE_CURVE('',#1206,#1214,#1216,.T.);
#1214 = VERTEX_POINT('',#1215);
#1215 = CARTESIAN_POINT('',(-0.1,-2.29,0.2));
#1216 = LINE('',#1217,#1218);
#1217 = CARTESIAN_POINT('',(-0.1,-2.2225,0.2));
#1218 = VECTOR('',#1219,1.);
#1219 = DIRECTION('',(2.334869823773E-16,1.,-0.));
#1220 = ORIENTED_EDGE('',*,*,#1221,.T.);
#1221 = EDGE_CURVE('',#1214,#1166,#1222,.T.);
#1222 = LINE('',#1223,#1224);
#1223 = CARTESIAN_POINT('',(-0.1,-2.915,0.2));
#1224 = VECTOR('',#1225,1.);
#1225 = DIRECTION('',(2.334869823773E-16,1.,0.));
#1226 = FACE_BOUND('',#1227,.F.);
#1227 = EDGE_LOOP('',(#1228,#1238,#1246,#1254,#1262,#1270,#1278,#1286));
#1228 = ORIENTED_EDGE('',*,*,#1229,.F.);
#1229 = EDGE_CURVE('',#1230,#1232,#1234,.T.);
#1230 = VERTEX_POINT('',#1231);
#1231 = CARTESIAN_POINT('',(0.1,-0.895,0.2));
#1232 = VERTEX_POINT('',#1233);
#1233 = CARTESIAN_POINT('',(-0.1,-0.895,0.2));
#1234 = LINE('',#1235,#1236);
#1235 = CARTESIAN_POINT('',(0.1,-0.895,0.2));
#1236 = VECTOR('',#1237,1.);
#1237 = DIRECTION('',(-1.,2.334869823773E-16,0.));
#1238 = ORIENTED_EDGE('',*,*,#1239,.T.);
#1239 = EDGE_CURVE('',#1230,#1240,#1242,.T.);
#1240 = VERTEX_POINT('',#1241);
#1241 = CARTESIAN_POINT('',(0.1,-1.02,0.2));
#1242 = LINE('',#1243,#1244);
#1243 = CARTESIAN_POINT('',(0.1,-0.895,0.2));
#1244 = VECTOR('',#1245,1.);
#1245 = DIRECTION('',(-2.334869823773E-16,-1.,0.));
#1246 = ORIENTED_EDGE('',*,*,#1247,.F.);
#1247 = EDGE_CURVE('',#1248,#1240,#1250,.T.);
#1248 = VERTEX_POINT('',#1249);
#1249 = CARTESIAN_POINT('',(0.1,-1.52,0.2));
#1250 = LINE('',#1251,#1252);
#1251 = CARTESIAN_POINT('',(0.1,-1.5875,0.2));
#1252 = VECTOR('',#1253,1.);
#1253 = DIRECTION('',(2.334869823773E-16,1.,-0.));
#1254 = ORIENTED_EDGE('',*,*,#1255,.T.);
#1255 = EDGE_CURVE('',#1248,#1256,#1258,.T.);
#1256 = VERTEX_POINT('',#1257);
#1257 = CARTESIAN_POINT('',(0.1,-1.645,0.2));
#1258 = LINE('',#1259,#1260);
#1259 = CARTESIAN_POINT('',(0.1,-0.895,0.2));
#1260 = VECTOR('',#1261,1.);
#1261 = DIRECTION('',(-2.334869823773E-16,-1.,0.));
#1262 = ORIENTED_EDGE('',*,*,#1263,.T.);
#1263 = EDGE_CURVE('',#1256,#1264,#1266,.T.);
#1264 = VERTEX_POINT('',#1265);
#1265 = CARTESIAN_POINT('',(-0.1,-1.645,0.2));
#1266 = LINE('',#1267,#1268);
#1267 = CARTESIAN_POINT('',(0.1,-1.645,0.2));
#1268 = VECTOR('',#1269,1.);
#1269 = DIRECTION('',(-1.,2.334869823773E-16,0.));
#1270 = ORIENTED_EDGE('',*,*,#1271,.T.);
#1271 = EDGE_CURVE('',#1264,#1272,#1274,.T.);
#1272 = VERTEX_POINT('',#1273);
#1273 = CARTESIAN_POINT('',(-0.1,-1.52,0.2));
#1274 = LINE('',#1275,#1276);
#1275 = CARTESIAN_POINT('',(-0.1,-1.645,0.2));
#1276 = VECTOR('',#1277,1.);
#1277 = DIRECTION('',(2.334869823773E-16,1.,0.));
#1278 = ORIENTED_EDGE('',*,*,#1279,.T.);
#1279 = EDGE_CURVE('',#1272,#1280,#1282,.T.);
#1280 = VERTEX_POINT('',#1281);
#1281 = CARTESIAN_POINT('',(-0.1,-1.02,0.2));
#1282 = LINE('',#1283,#1284);
#1283 = CARTESIAN_POINT('',(-0.1,-1.5875,0.2));
#1284 = VECTOR('',#1285,1.);
#1285 = DIRECTION('',(2.334869823773E-16,1.,-0.));
#1286 = ORIENTED_EDGE('',*,*,#1287,.T.);
#1287 = EDGE_CURVE('',#1280,#1232,#1288,.T.);
#1288 = LINE('',#1289,#1290);
#1289 = CARTESIAN_POINT('',(-0.1,-1.645,0.2));
#1290 = VECTOR('',#1291,1.);
#1291 = DIRECTION('',(2.334869823773E-16,1.,0.));
#1292 = FACE_BOUND('',#1293,.F.);
#1293 = EDGE_LOOP('',(#1294,#1304,#1312,#1320,#1328,#1336,#1344,#1352));
#1294 = ORIENTED_EDGE('',*,*,#1295,.F.);
#1295 = EDGE_CURVE('',#1296,#1298,#1300,.T.);
#1296 = VERTEX_POINT('',#1297);
#1297 = CARTESIAN_POINT('',(0.1,0.375,0.2));
#1298 = VERTEX_POINT('',#1299);
#1299 = CARTESIAN_POINT('',(-0.1,0.375,0.2));
#1300 = LINE('',#1301,#1302);
#1301 = CARTESIAN_POINT('',(0.1,0.375,0.2));
#1302 = VECTOR('',#1303,1.);
#1303 = DIRECTION('',(-1.,2.334869823773E-16,0.));
#1304 = ORIENTED_EDGE('',*,*,#1305,.T.);
#1305 = EDGE_CURVE('',#1296,#1306,#1308,.T.);
#1306 = VERTEX_POINT('',#1307);
#1307 = CARTESIAN_POINT('',(0.1,0.25,0.2));
#1308 = LINE('',#1309,#1310);
#1309 = CARTESIAN_POINT('',(0.1,0.375,0.2));
#1310 = VECTOR('',#1311,1.);
#1311 = DIRECTION('',(-2.334869823773E-16,-1.,0.));
#1312 = ORIENTED_EDGE('',*,*,#1313,.F.);
#1313 = EDGE_CURVE('',#1314,#1306,#1316,.T.);
#1314 = VERTEX_POINT('',#1315);
#1315 = CARTESIAN_POINT('',(0.1,-0.25,0.2));
#1316 = LINE('',#1317,#1318);
#1317 = CARTESIAN_POINT('',(0.1,-0.9525,0.2));
#1318 = VECTOR('',#1319,1.);
#1319 = DIRECTION('',(2.334869823773E-16,1.,-0.));
#1320 = ORIENTED_EDGE('',*,*,#1321,.T.);
#1321 = EDGE_CURVE('',#1314,#1322,#1324,.T.);
#1322 = VERTEX_POINT('',#1323);
#1323 = CARTESIAN_POINT('',(0.1,-0.375,0.2));
#1324 = LINE('',#1325,#1326);
#1325 = CARTESIAN_POINT('',(0.1,0.375,0.2));
#1326 = VECTOR('',#1327,1.);
#1327 = DIRECTION('',(-2.334869823773E-16,-1.,0.));
#1328 = ORIENTED_EDGE('',*,*,#1329,.T.);
#1329 = EDGE_CURVE('',#1322,#1330,#1332,.T.);
#1330 = VERTEX_POINT('',#1331);
#1331 = CARTESIAN_POINT('',(-0.1,-0.375,0.2));
#1332 = LINE('',#1333,#1334);
#1333 = CARTESIAN_POINT('',(0.1,-0.375,0.2));
#1334 = VECTOR('',#1335,1.);
#1335 = DIRECTION('',(-1.,2.334869823773E-16,0.));
#1336 = ORIENTED_EDGE('',*,*,#1337,.T.);
#1337 = EDGE_CURVE('',#1330,#1338,#1340,.T.);
#1338 = VERTEX_POINT('',#1339);
#1339 = CARTESIAN_POINT('',(-0.1,-0.25,0.2));
#1340 = LINE('',#1341,#1342);
#1341 = CARTESIAN_POINT('',(-0.1,-0.375,0.2));
#1342 = VECTOR('',#1343,1.);
#1343 = DIRECTION('',(2.334869823773E-16,1.,0.));
#1344 = ORIENTED_EDGE('',*,*,#1345,.T.);
#1345 = EDGE_CURVE('',#1338,#1346,#1348,.T.);
#1346 = VERTEX_POINT('',#1347);
#1347 = CARTESIAN_POINT('',(-0.1,0.25,0.2));
#1348 = LINE('',#1349,#1350);
#1349 = CARTESIAN_POINT('',(-0.1,-0.9525,0.2));
#1350 = VECTOR('',#1351,1.);
#1351 = DIRECTION('',(2.334869823773E-16,1.,-0.));
#1352 = ORIENTED_EDGE('',*,*,#1353,.T.);
#1353 = EDGE_CURVE('',#1346,#1298,#1354,.T.);
#1354 = LINE('',#1355,#1356);
#1355 = CARTESIAN_POINT('',(-0.1,-0.375,0.2));
#1356 = VECTOR('',#1357,1.);
#1357 = DIRECTION('',(2.334869823773E-16,1.,0.));
#1358 = FACE_BOUND('',#1359,.F.);
#1359 = EDGE_LOOP('',(#1360,#1370,#1378,#1386,#1394,#1402,#1410,#1418));
#1360 = ORIENTED_EDGE('',*,*,#1361,.F.);
#1361 = EDGE_CURVE('',#1362,#1364,#1366,.T.);
#1362 = VERTEX_POINT('',#1363);
#1363 = CARTESIAN_POINT('',(-1.37,-4.185,0.2));
#1364 = VERTEX_POINT('',#1365);
#1365 = CARTESIAN_POINT('',(-1.17,-4.185,0.2));
#1366 = LINE('',#1367,#1368);
#1367 = CARTESIAN_POINT('',(-1.37,-4.185,0.2));
#1368 = VECTOR('',#1369,1.);
#1369 = DIRECTION('',(1.,-1.110223024625E-16,0.));
#1370 = ORIENTED_EDGE('',*,*,#1371,.T.);
#1371 = EDGE_CURVE('',#1362,#1372,#1374,.T.);
#1372 = VERTEX_POINT('',#1373);
#1373 = CARTESIAN_POINT('',(-1.37,-4.06,0.2));
#1374 = LINE('',#1375,#1376);
#1375 = CARTESIAN_POINT('',(-1.37,-4.185,0.2));
#1376 = VECTOR('',#1377,1.);
#1377 = DIRECTION('',(1.110223024625E-16,1.,0.));
#1378 = ORIENTED_EDGE('',*,*,#1379,.F.);
#1379 = EDGE_CURVE('',#1380,#1372,#1382,.T.);
#1380 = VERTEX_POINT('',#1381);
#1381 = CARTESIAN_POINT('',(-1.37,-3.56,0.2));
#1382 = LINE('',#1383,#1384);
#1383 = CARTESIAN_POINT('',(-1.37,-2.8575,0.2));
#1384 = VECTOR('',#1385,1.);
#1385 = DIRECTION('',(-1.110223024625E-16,-1.,0.));
#1386 = ORIENTED_EDGE('',*,*,#1387,.T.);
#1387 = EDGE_CURVE('',#1380,#1388,#1390,.T.);
#1388 = VERTEX_POINT('',#1389);
#1389 = CARTESIAN_POINT('',(-1.37,-3.435,0.2));
#1390 = LINE('',#1391,#1392);
#1391 = CARTESIAN_POINT('',(-1.37,-4.185,0.2));
#1392 = VECTOR('',#1393,1.);
#1393 = DIRECTION('',(1.110223024625E-16,1.,0.));
#1394 = ORIENTED_EDGE('',*,*,#1395,.T.);
#1395 = EDGE_CURVE('',#1388,#1396,#1398,.T.);
#1396 = VERTEX_POINT('',#1397);
#1397 = CARTESIAN_POINT('',(-1.17,-3.435,0.2));
#1398 = LINE('',#1399,#1400);
#1399 = CARTESIAN_POINT('',(-1.37,-3.435,0.2));
#1400 = VECTOR('',#1401,1.);
#1401 = DIRECTION('',(1.,-1.110223024625E-16,0.));
#1402 = ORIENTED_EDGE('',*,*,#1403,.T.);
#1403 = EDGE_CURVE('',#1396,#1404,#1406,.T.);
#1404 = VERTEX_POINT('',#1405);
#1405 = CARTESIAN_POINT('',(-1.17,-3.56,0.2));
#1406 = LINE('',#1407,#1408);
#1407 = CARTESIAN_POINT('',(-1.17,-3.435,0.2));
#1408 = VECTOR('',#1409,1.);
#1409 = DIRECTION('',(-1.110223024625E-16,-1.,0.));
#1410 = ORIENTED_EDGE('',*,*,#1411,.T.);
#1411 = EDGE_CURVE('',#1404,#1412,#1414,.T.);
#1412 = VERTEX_POINT('',#1413);
#1413 = CARTESIAN_POINT('',(-1.17,-4.06,0.2));
#1414 = LINE('',#1415,#1416);
#1415 = CARTESIAN_POINT('',(-1.17,-2.8575,0.2));
#1416 = VECTOR('',#1417,1.);
#1417 = DIRECTION('',(-1.110223024625E-16,-1.,0.));
#1418 = ORIENTED_EDGE('',*,*,#1419,.T.);
#1419 = EDGE_CURVE('',#1412,#1364,#1420,.T.);
#1420 = LINE('',#1421,#1422);
#1421 = CARTESIAN_POINT('',(-1.17,-3.435,0.2));
#1422 = VECTOR('',#1423,1.);
#1423 = DIRECTION('',(-1.110223024625E-16,-1.,0.));
#1424 = FACE_BOUND('',#1425,.F.);
#1425 = EDGE_LOOP('',(#1426,#1436,#1444,#1452,#1460,#1468,#1476,#1484));
#1426 = ORIENTED_EDGE('',*,*,#1427,.F.);
#1427 = EDGE_CURVE('',#1428,#1430,#1432,.T.);
#1428 = VERTEX_POINT('',#1429);
#1429 = CARTESIAN_POINT('',(-1.37,-2.915,0.2));
#1430 = VERTEX_POINT('',#1431);
#1431 = CARTESIAN_POINT('',(-1.17,-2.915,0.2));
#1432 = LINE('',#1433,#1434);
#1433 = CARTESIAN_POINT('',(-1.37,-2.915,0.2));
#1434 = VECTOR('',#1435,1.);
#1435 = DIRECTION('',(1.,-1.110223024625E-16,0.));
#1436 = ORIENTED_EDGE('',*,*,#1437,.T.);
#1437 = EDGE_CURVE('',#1428,#1438,#1440,.T.);
#1438 = VERTEX_POINT('',#1439);
#1439 = CARTESIAN_POINT('',(-1.37,-2.79,0.2));
#1440 = LINE('',#1441,#1442);
#1441 = CARTESIAN_POINT('',(-1.37,-2.915,0.2));
#1442 = VECTOR('',#1443,1.);
#1443 = DIRECTION('',(1.110223024625E-16,1.,0.));
#1444 = ORIENTED_EDGE('',*,*,#1445,.F.);
#1445 = EDGE_CURVE('',#1446,#1438,#1448,.T.);
#1446 = VERTEX_POINT('',#1447);
#1447 = CARTESIAN_POINT('',(-1.37,-2.29,0.2));
#1448 = LINE('',#1449,#1450);
#1449 = CARTESIAN_POINT('',(-1.37,-2.2225,0.2));
#1450 = VECTOR('',#1451,1.);
#1451 = DIRECTION('',(-1.110223024625E-16,-1.,0.));
#1452 = ORIENTED_EDGE('',*,*,#1453,.T.);
#1453 = EDGE_CURVE('',#1446,#1454,#1456,.T.);
#1454 = VERTEX_POINT('',#1455);
#1455 = CARTESIAN_POINT('',(-1.37,-2.165,0.2));
#1456 = LINE('',#1457,#1458);
#1457 = CARTESIAN_POINT('',(-1.37,-2.915,0.2));
#1458 = VECTOR('',#1459,1.);
#1459 = DIRECTION('',(1.110223024625E-16,1.,0.));
#1460 = ORIENTED_EDGE('',*,*,#1461,.T.);
#1461 = EDGE_CURVE('',#1454,#1462,#1464,.T.);
#1462 = VERTEX_POINT('',#1463);
#1463 = CARTESIAN_POINT('',(-1.17,-2.165,0.2));
#1464 = LINE('',#1465,#1466);
#1465 = CARTESIAN_POINT('',(-1.37,-2.165,0.2));
#1466 = VECTOR('',#1467,1.);
#1467 = DIRECTION('',(1.,-1.110223024625E-16,0.));
#1468 = ORIENTED_EDGE('',*,*,#1469,.T.);
#1469 = EDGE_CURVE('',#1462,#1470,#1472,.T.);
#1470 = VERTEX_POINT('',#1471);
#1471 = CARTESIAN_POINT('',(-1.17,-2.29,0.2));
#1472 = LINE('',#1473,#1474);
#1473 = CARTESIAN_POINT('',(-1.17,-2.165,0.2));
#1474 = VECTOR('',#1475,1.);
#1475 = DIRECTION('',(-1.110223024625E-16,-1.,0.));
#1476 = ORIENTED_EDGE('',*,*,#1477,.T.);
#1477 = EDGE_CURVE('',#1470,#1478,#1480,.T.);
#1478 = VERTEX_POINT('',#1479);
#1479 = CARTESIAN_POINT('',(-1.17,-2.79,0.2));
#1480 = LINE('',#1481,#1482);
#1481 = CARTESIAN_POINT('',(-1.17,-2.2225,0.2));
#1482 = VECTOR('',#1483,1.);
#1483 = DIRECTION('',(-1.110223024625E-16,-1.,0.));
#1484 = ORIENTED_EDGE('',*,*,#1485,.T.);
#1485 = EDGE_CURVE('',#1478,#1430,#1486,.T.);
#1486 = LINE('',#1487,#1488);
#1487 = CARTESIAN_POINT('',(-1.17,-2.165,0.2));
#1488 = VECTOR('',#1489,1.);
#1489 = DIRECTION('',(-1.110223024625E-16,-1.,0.));
#1490 = FACE_BOUND('',#1491,.F.);
#1491 = EDGE_LOOP('',(#1492,#1502,#1510,#1518,#1526,#1534,#1542,#1550));
#1492 = ORIENTED_EDGE('',*,*,#1493,.F.);
#1493 = EDGE_CURVE('',#1494,#1496,#1498,.T.);
#1494 = VERTEX_POINT('',#1495);
#1495 = CARTESIAN_POINT('',(-1.37,-1.645,0.2));
#1496 = VERTEX_POINT('',#1497);
#1497 = CARTESIAN_POINT('',(-1.17,-1.645,0.2));
#1498 = LINE('',#1499,#1500);
#1499 = CARTESIAN_POINT('',(-1.37,-1.645,0.2));
#1500 = VECTOR('',#1501,1.);
#1501 = DIRECTION('',(1.,-1.110223024625E-16,0.));
#1502 = ORIENTED_EDGE('',*,*,#1503,.T.);
#1503 = EDGE_CURVE('',#1494,#1504,#1506,.T.);
#1504 = VERTEX_POINT('',#1505);
#1505 = CARTESIAN_POINT('',(-1.37,-1.52,0.2));
#1506 = LINE('',#1507,#1508);
#1507 = CARTESIAN_POINT('',(-1.37,-1.645,0.2));
#1508 = VECTOR('',#1509,1.);
#1509 = DIRECTION('',(1.110223024625E-16,1.,0.));
#1510 = ORIENTED_EDGE('',*,*,#1511,.F.);
#1511 = EDGE_CURVE('',#1512,#1504,#1514,.T.);
#1512 = VERTEX_POINT('',#1513);
#1513 = CARTESIAN_POINT('',(-1.37,-1.02,0.2));
#1514 = LINE('',#1515,#1516);
#1515 = CARTESIAN_POINT('',(-1.37,-1.5875,0.2));
#1516 = VECTOR('',#1517,1.);
#1517 = DIRECTION('',(-1.110223024625E-16,-1.,0.));
#1518 = ORIENTED_EDGE('',*,*,#1519,.T.);
#1519 = EDGE_CURVE('',#1512,#1520,#1522,.T.);
#1520 = VERTEX_POINT('',#1521);
#1521 = CARTESIAN_POINT('',(-1.37,-0.895,0.2));
#1522 = LINE('',#1523,#1524);
#1523 = CARTESIAN_POINT('',(-1.37,-1.645,0.2));
#1524 = VECTOR('',#1525,1.);
#1525 = DIRECTION('',(1.110223024625E-16,1.,0.));
#1526 = ORIENTED_EDGE('',*,*,#1527,.T.);
#1527 = EDGE_CURVE('',#1520,#1528,#1530,.T.);
#1528 = VERTEX_POINT('',#1529);
#1529 = CARTESIAN_POINT('',(-1.17,-0.895,0.2));
#1530 = LINE('',#1531,#1532);
#1531 = CARTESIAN_POINT('',(-1.37,-0.895,0.2));
#1532 = VECTOR('',#1533,1.);
#1533 = DIRECTION('',(1.,-1.110223024625E-16,0.));
#1534 = ORIENTED_EDGE('',*,*,#1535,.T.);
#1535 = EDGE_CURVE('',#1528,#1536,#1538,.T.);
#1536 = VERTEX_POINT('',#1537);
#1537 = CARTESIAN_POINT('',(-1.17,-1.02,0.2));
#1538 = LINE('',#1539,#1540);
#1539 = CARTESIAN_POINT('',(-1.17,-0.895,0.2));
#1540 = VECTOR('',#1541,1.);
#1541 = DIRECTION('',(-1.110223024625E-16,-1.,0.));
#1542 = ORIENTED_EDGE('',*,*,#1543,.T.);
#1543 = EDGE_CURVE('',#1536,#1544,#1546,.T.);
#1544 = VERTEX_POINT('',#1545);
#1545 = CARTESIAN_POINT('',(-1.17,-1.52,0.2));
#1546 = LINE('',#1547,#1548);
#1547 = CARTESIAN_POINT('',(-1.17,-1.5875,0.2));
#1548 = VECTOR('',#1549,1.);
#1549 = DIRECTION('',(-1.110223024625E-16,-1.,0.));
#1550 = ORIENTED_EDGE('',*,*,#1551,.T.);
#1551 = EDGE_CURVE('',#1544,#1496,#1552,.T.);
#1552 = LINE('',#1553,#1554);
#1553 = CARTESIAN_POINT('',(-1.17,-0.895,0.2));
#1554 = VECTOR('',#1555,1.);
#1555 = DIRECTION('',(-1.110223024625E-16,-1.,0.));
#1556 = FACE_BOUND('',#1557,.F.);
#1557 = EDGE_LOOP('',(#1558,#1568,#1576,#1584,#1592,#1600,#1608,#1616));
#1558 = ORIENTED_EDGE('',*,*,#1559,.F.);
#1559 = EDGE_CURVE('',#1560,#1562,#1564,.T.);
#1560 = VERTEX_POINT('',#1561);
#1561 = CARTESIAN_POINT('',(-1.37,-0.375,0.2));
#1562 = VERTEX_POINT('',#1563);
#1563 = CARTESIAN_POINT('',(-1.17,-0.375,0.2));
#1564 = LINE('',#1565,#1566);
#1565 = CARTESIAN_POINT('',(-1.37,-0.375,0.2));
#1566 = VECTOR('',#1567,1.);
#1567 = DIRECTION('',(1.,-1.110223024625E-16,0.));
#1568 = ORIENTED_EDGE('',*,*,#1569,.T.);
#1569 = EDGE_CURVE('',#1560,#1570,#1572,.T.);
#1570 = VERTEX_POINT('',#1571);
#1571 = CARTESIAN_POINT('',(-1.37,-0.25,0.2));
#1572 = LINE('',#1573,#1574);
#1573 = CARTESIAN_POINT('',(-1.37,-0.375,0.2));
#1574 = VECTOR('',#1575,1.);
#1575 = DIRECTION('',(1.110223024625E-16,1.,0.));
#1576 = ORIENTED_EDGE('',*,*,#1577,.F.);
#1577 = EDGE_CURVE('',#1578,#1570,#1580,.T.);
#1578 = VERTEX_POINT('',#1579);
#1579 = CARTESIAN_POINT('',(-1.37,0.25,0.2));
#1580 = LINE('',#1581,#1582);
#1581 = CARTESIAN_POINT('',(-1.37,-0.9525,0.2));
#1582 = VECTOR('',#1583,1.);
#1583 = DIRECTION('',(-1.110223024625E-16,-1.,0.));
#1584 = ORIENTED_EDGE('',*,*,#1585,.T.);
#1585 = EDGE_CURVE('',#1578,#1586,#1588,.T.);
#1586 = VERTEX_POINT('',#1587);
#1587 = CARTESIAN_POINT('',(-1.37,0.375,0.2));
#1588 = LINE('',#1589,#1590);
#1589 = CARTESIAN_POINT('',(-1.37,-0.375,0.2));
#1590 = VECTOR('',#1591,1.);
#1591 = DIRECTION('',(1.110223024625E-16,1.,0.));
#1592 = ORIENTED_EDGE('',*,*,#1593,.T.);
#1593 = EDGE_CURVE('',#1586,#1594,#1596,.T.);
#1594 = VERTEX_POINT('',#1595);
#1595 = CARTESIAN_POINT('',(-1.17,0.375,0.2));
#1596 = LINE('',#1597,#1598);
#1597 = CARTESIAN_POINT('',(-1.37,0.375,0.2));
#1598 = VECTOR('',#1599,1.);
#1599 = DIRECTION('',(1.,-1.110223024625E-16,0.));
#1600 = ORIENTED_EDGE('',*,*,#1601,.T.);
#1601 = EDGE_CURVE('',#1594,#1602,#1604,.T.);
#1602 = VERTEX_POINT('',#1603);
#1603 = CARTESIAN_POINT('',(-1.17,0.25,0.2));
#1604 = LINE('',#1605,#1606);
#1605 = CARTESIAN_POINT('',(-1.17,0.375,0.2));
#1606 = VECTOR('',#1607,1.);
#1607 = DIRECTION('',(-1.110223024625E-16,-1.,0.));
#1608 = ORIENTED_EDGE('',*,*,#1609,.T.);
#1609 = EDGE_CURVE('',#1602,#1610,#1612,.T.);
#1610 = VERTEX_POINT('',#1611);
#1611 = CARTESIAN_POINT('',(-1.17,-0.25,0.2));
#1612 = LINE('',#1613,#1614);
#1613 = CARTESIAN_POINT('',(-1.17,-0.9525,0.2));
#1614 = VECTOR('',#1615,1.);
#1615 = DIRECTION('',(-1.110223024625E-16,-1.,0.));
#1616 = ORIENTED_EDGE('',*,*,#1617,.T.);
#1617 = EDGE_CURVE('',#1610,#1562,#1618,.T.);
#1618 = LINE('',#1619,#1620);
#1619 = CARTESIAN_POINT('',(-1.17,0.375,0.2));
#1620 = VECTOR('',#1621,1.);
#1621 = DIRECTION('',(-1.110223024625E-16,-1.,0.));
#1622 = PLANE('',#1623);
#1623 = AXIS2_PLACEMENT_3D('',#1624,#1625,#1626);
#1624 = CARTESIAN_POINT('',(-0.635,-1.905,0.2));
#1625 = DIRECTION('',(0.,0.,1.));
#1626 = DIRECTION('',(1.110223024625E-16,1.,-0.));
#1627 = ADVANCED_FACE('',(#1628),#1634,.T.);
#1628 = FACE_BOUND('',#1629,.T.);
#1629 = EDGE_LOOP('',(#1630,#1631,#1632,#1633));
#1630 = ORIENTED_EDGE('',*,*,#648,.T.);
#1631 = ORIENTED_EDGE('',*,*,#1086,.T.);
#1632 = ORIENTED_EDGE('',*,*,#727,.F.);
#1633 = ORIENTED_EDGE('',*,*,#744,.F.);
#1634 = PLANE('',#1635);
#1635 = AXIS2_PLACEMENT_3D('',#1636,#1637,#1638);
#1636 = CARTESIAN_POINT('',(0.381666666667,-4.445,0.));
#1637 = DIRECTION('',(-1.,1.110223024625E-16,0.));
#1638 = DIRECTION('',(1.110223024625E-16,1.,0.));
#1639 = ADVANCED_FACE('',(#1640),#1646,.F.);
#1640 = FACE_BOUND('',#1641,.F.);
#1641 = EDGE_LOOP('',(#1642,#1643,#1644,#1645));
#1642 = ORIENTED_EDGE('',*,*,#695,.T.);
#1643 = ORIENTED_EDGE('',*,*,#760,.T.);
#1644 = ORIENTED_EDGE('',*,*,#625,.F.);
#1645 = ORIENTED_EDGE('',*,*,#1055,.F.);
#1646 = PLANE('',#1647);
#1647 = AXIS2_PLACEMENT_3D('',#1648,#1649,#1650);
#1648 = CARTESIAN_POINT('',(-2.16,0.635,0.));
#1649 = DIRECTION('',(1.,-1.110223024625E-16,0.));
#1650 = DIRECTION('',(-1.110223024625E-16,-1.,0.));
#1651 = ADVANCED_FACE('',(#1652),#1677,.T.);
#1652 = FACE_BOUND('',#1653,.T.);
#1653 = EDGE_LOOP('',(#1654,#1662,#1663,#1671));
#1654 = ORIENTED_EDGE('',*,*,#1655,.F.);
#1655 = EDGE_CURVE('',#770,#1656,#1658,.T.);
#1656 = VERTEX_POINT('',#1657);
#1657 = CARTESIAN_POINT('',(-0.25,-3.56,4.15));
#1658 = LINE('',#1659,#1660);
#1659 = CARTESIAN_POINT('',(-0.25,-3.56,4.15));
#1660 = VECTOR('',#1661,1.);
#1661 = DIRECTION('',(0.57735026919,-0.57735026919,-0.57735026919));
#1662 = ORIENTED_EDGE('',*,*,#769,.T.);
#1663 = ORIENTED_EDGE('',*,*,#1664,.T.);
#1664 = EDGE_CURVE('',#772,#1665,#1667,.T.);
#1665 = VERTEX_POINT('',#1666);
#1666 = CARTESIAN_POINT('',(-0.25,-4.06,4.15));
#1667 = LINE('',#1668,#1669);
#1668 = CARTESIAN_POINT('',(-0.25,-4.06,4.15));
#1669 = VECTOR('',#1670,1.);
#1670 = DIRECTION('',(0.57735026919,0.57735026919,-0.57735026919));
#1671 = ORIENTED_EDGE('',*,*,#1672,.F.);
#1672 = EDGE_CURVE('',#1656,#1665,#1673,.T.);
#1673 = LINE('',#1674,#1675);
#1674 = CARTESIAN_POINT('',(-0.25,-3.31,4.15));
#1675 = VECTOR('',#1676,1.);
#1676 = DIRECTION('',(-2.334869823773E-16,-1.,0.));
#1677 = PLANE('',#1678);
#1678 = AXIS2_PLACEMENT_3D('',#1679,#1680,#1681);
#1679 = CARTESIAN_POINT('',(-0.375,-3.31,4.275));
#1680 = DIRECTION('',(0.707106781187,-1.651002285576E-16,0.707106781187)
  );
#1681 = DIRECTION('',(-2.334869823772E-16,-1.,1.261191372222E-28));
#1682 = ADVANCED_FACE('',(#1683),#1701,.T.);
#1683 = FACE_BOUND('',#1684,.T.);
#1684 = EDGE_LOOP('',(#1685,#1686,#1687,#1695));
#1685 = ORIENTED_EDGE('',*,*,#1664,.F.);
#1686 = ORIENTED_EDGE('',*,*,#795,.T.);
#1687 = ORIENTED_EDGE('',*,*,#1688,.T.);
#1688 = EDGE_CURVE('',#788,#1689,#1691,.T.);
#1689 = VERTEX_POINT('',#1690);
#1690 = CARTESIAN_POINT('',(0.25,-4.06,4.15));
#1691 = LINE('',#1692,#1693);
#1692 = CARTESIAN_POINT('',(0.25,-4.06,4.15));
#1693 = VECTOR('',#1694,1.);
#1694 = DIRECTION('',(-0.57735026919,0.57735026919,-0.57735026919));
#1695 = ORIENTED_EDGE('',*,*,#1696,.F.);
#1696 = EDGE_CURVE('',#1665,#1689,#1697,.T.);
#1697 = LINE('',#1698,#1699);
#1698 = CARTESIAN_POINT('',(-0.5,-4.06,4.15));
#1699 = VECTOR('',#1700,1.);
#1700 = DIRECTION('',(1.,-2.334869823773E-16,0.));
#1701 = PLANE('',#1702);
#1702 = AXIS2_PLACEMENT_3D('',#1703,#1704,#1705);
#1703 = CARTESIAN_POINT('',(-0.5,-4.185,4.275));
#1704 = DIRECTION('',(1.651002285576E-16,0.707106781187,0.707106781187)
  );
#1705 = DIRECTION('',(1.,-2.334869823772E-16,1.261191372222E-28));
#1706 = ADVANCED_FACE('',(#1707),#1725,.T.);
#1707 = FACE_BOUND('',#1708,.T.);
#1708 = EDGE_LOOP('',(#1709,#1710,#1711,#1719));
#1709 = ORIENTED_EDGE('',*,*,#1688,.F.);
#1710 = ORIENTED_EDGE('',*,*,#787,.T.);
#1711 = ORIENTED_EDGE('',*,*,#1712,.T.);
#1712 = EDGE_CURVE('',#780,#1713,#1715,.T.);
#1713 = VERTEX_POINT('',#1714);
#1714 = CARTESIAN_POINT('',(0.25,-3.56,4.15));
#1715 = LINE('',#1716,#1717);
#1716 = CARTESIAN_POINT('',(0.25,-3.56,4.15));
#1717 = VECTOR('',#1718,1.);
#1718 = DIRECTION('',(-0.57735026919,-0.57735026919,-0.57735026919));
#1719 = ORIENTED_EDGE('',*,*,#1720,.F.);
#1720 = EDGE_CURVE('',#1689,#1713,#1721,.T.);
#1721 = LINE('',#1722,#1723);
#1722 = CARTESIAN_POINT('',(0.25,-4.31,4.15));
#1723 = VECTOR('',#1724,1.);
#1724 = DIRECTION('',(2.334869823773E-16,1.,0.));
#1725 = PLANE('',#1726);
#1726 = AXIS2_PLACEMENT_3D('',#1727,#1728,#1729);
#1727 = CARTESIAN_POINT('',(0.375,-4.31,4.275));
#1728 = DIRECTION('',(-0.707106781187,1.651002285576E-16,0.707106781187)
  );
#1729 = DIRECTION('',(2.334869823772E-16,1.,1.261191372222E-28));
#1730 = ADVANCED_FACE('',(#1731),#1742,.T.);
#1731 = FACE_BOUND('',#1732,.T.);
#1732 = EDGE_LOOP('',(#1733,#1734,#1735,#1736));
#1733 = ORIENTED_EDGE('',*,*,#1712,.F.);
#1734 = ORIENTED_EDGE('',*,*,#779,.T.);
#1735 = ORIENTED_EDGE('',*,*,#1655,.T.);
#1736 = ORIENTED_EDGE('',*,*,#1737,.F.);
#1737 = EDGE_CURVE('',#1713,#1656,#1738,.T.);
#1738 = LINE('',#1739,#1740);
#1739 = CARTESIAN_POINT('',(0.5,-3.56,4.15));
#1740 = VECTOR('',#1741,1.);
#1741 = DIRECTION('',(-1.,2.334869823773E-16,0.));
#1742 = PLANE('',#1743);
#1743 = AXIS2_PLACEMENT_3D('',#1744,#1745,#1746);
#1744 = CARTESIAN_POINT('',(0.5,-3.435,4.275));
#1745 = DIRECTION('',(-1.651002285576E-16,-0.707106781187,0.707106781187
    ));
#1746 = DIRECTION('',(-1.,2.334869823772E-16,1.261191372222E-28));
#1747 = ADVANCED_FACE('',(#1748),#1773,.T.);
#1748 = FACE_BOUND('',#1749,.T.);
#1749 = EDGE_LOOP('',(#1750,#1758,#1759,#1767));
#1750 = ORIENTED_EDGE('',*,*,#1751,.F.);
#1751 = EDGE_CURVE('',#804,#1752,#1754,.T.);
#1752 = VERTEX_POINT('',#1753);
#1753 = CARTESIAN_POINT('',(-0.25,-2.29,4.15));
#1754 = LINE('',#1755,#1756);
#1755 = CARTESIAN_POINT('',(-0.25,-2.29,4.15));
#1756 = VECTOR('',#1757,1.);
#1757 = DIRECTION('',(0.57735026919,-0.57735026919,-0.57735026919));
#1758 = ORIENTED_EDGE('',*,*,#803,.T.);
#1759 = ORIENTED_EDGE('',*,*,#1760,.T.);
#1760 = EDGE_CURVE('',#806,#1761,#1763,.T.);
#1761 = VERTEX_POINT('',#1762);
#1762 = CARTESIAN_POINT('',(-0.25,-2.79,4.15));
#1763 = LINE('',#1764,#1765);
#1764 = CARTESIAN_POINT('',(-0.25,-2.79,4.15));
#1765 = VECTOR('',#1766,1.);
#1766 = DIRECTION('',(0.57735026919,0.57735026919,-0.57735026919));
#1767 = ORIENTED_EDGE('',*,*,#1768,.F.);
#1768 = EDGE_CURVE('',#1752,#1761,#1769,.T.);
#1769 = LINE('',#1770,#1771);
#1770 = CARTESIAN_POINT('',(-0.25,-2.04,4.15));
#1771 = VECTOR('',#1772,1.);
#1772 = DIRECTION('',(-2.334869823773E-16,-1.,0.));
#1773 = PLANE('',#1774);
#1774 = AXIS2_PLACEMENT_3D('',#1775,#1776,#1777);
#1775 = CARTESIAN_POINT('',(-0.375,-2.04,4.275));
#1776 = DIRECTION('',(0.707106781187,-1.651002285576E-16,0.707106781187)
  );
#1777 = DIRECTION('',(-2.334869823772E-16,-1.,1.261191372222E-28));
#1778 = ADVANCED_FACE('',(#1779),#1797,.T.);
#1779 = FACE_BOUND('',#1780,.T.);
#1780 = EDGE_LOOP('',(#1781,#1782,#1783,#1791));
#1781 = ORIENTED_EDGE('',*,*,#1760,.F.);
#1782 = ORIENTED_EDGE('',*,*,#829,.T.);
#1783 = ORIENTED_EDGE('',*,*,#1784,.T.);
#1784 = EDGE_CURVE('',#822,#1785,#1787,.T.);
#1785 = VERTEX_POINT('',#1786);
#1786 = CARTESIAN_POINT('',(0.25,-2.79,4.15));
#1787 = LINE('',#1788,#1789);
#1788 = CARTESIAN_POINT('',(0.25,-2.79,4.15));
#1789 = VECTOR('',#1790,1.);
#1790 = DIRECTION('',(-0.57735026919,0.57735026919,-0.57735026919));
#1791 = ORIENTED_EDGE('',*,*,#1792,.F.);
#1792 = EDGE_CURVE('',#1761,#1785,#1793,.T.);
#1793 = LINE('',#1794,#1795);
#1794 = CARTESIAN_POINT('',(-0.5,-2.79,4.15));
#1795 = VECTOR('',#1796,1.);
#1796 = DIRECTION('',(1.,-2.334869823773E-16,0.));
#1797 = PLANE('',#1798);
#1798 = AXIS2_PLACEMENT_3D('',#1799,#1800,#1801);
#1799 = CARTESIAN_POINT('',(-0.5,-2.915,4.275));
#1800 = DIRECTION('',(1.651002285576E-16,0.707106781187,0.707106781187)
  );
#1801 = DIRECTION('',(1.,-2.334869823772E-16,1.261191372222E-28));
#1802 = ADVANCED_FACE('',(#1803),#1821,.T.);
#1803 = FACE_BOUND('',#1804,.T.);
#1804 = EDGE_LOOP('',(#1805,#1806,#1807,#1815));
#1805 = ORIENTED_EDGE('',*,*,#1784,.F.);
#1806 = ORIENTED_EDGE('',*,*,#821,.T.);
#1807 = ORIENTED_EDGE('',*,*,#1808,.T.);
#1808 = EDGE_CURVE('',#814,#1809,#1811,.T.);
#1809 = VERTEX_POINT('',#1810);
#1810 = CARTESIAN_POINT('',(0.25,-2.29,4.15));
#1811 = LINE('',#1812,#1813);
#1812 = CARTESIAN_POINT('',(0.25,-2.29,4.15));
#1813 = VECTOR('',#1814,1.);
#1814 = DIRECTION('',(-0.57735026919,-0.57735026919,-0.57735026919));
#1815 = ORIENTED_EDGE('',*,*,#1816,.F.);
#1816 = EDGE_CURVE('',#1785,#1809,#1817,.T.);
#1817 = LINE('',#1818,#1819);
#1818 = CARTESIAN_POINT('',(0.25,-3.04,4.15));
#1819 = VECTOR('',#1820,1.);
#1820 = DIRECTION('',(2.334869823773E-16,1.,0.));
#1821 = PLANE('',#1822);
#1822 = AXIS2_PLACEMENT_3D('',#1823,#1824,#1825);
#1823 = CARTESIAN_POINT('',(0.375,-3.04,4.275));
#1824 = DIRECTION('',(-0.707106781187,1.651002285576E-16,0.707106781187)
  );
#1825 = DIRECTION('',(2.334869823772E-16,1.,1.261191372222E-28));
#1826 = ADVANCED_FACE('',(#1827),#1838,.T.);
#1827 = FACE_BOUND('',#1828,.T.);
#1828 = EDGE_LOOP('',(#1829,#1830,#1831,#1832));
#1829 = ORIENTED_EDGE('',*,*,#1808,.F.);
#1830 = ORIENTED_EDGE('',*,*,#813,.T.);
#1831 = ORIENTED_EDGE('',*,*,#1751,.T.);
#1832 = ORIENTED_EDGE('',*,*,#1833,.F.);
#1833 = EDGE_CURVE('',#1809,#1752,#1834,.T.);
#1834 = LINE('',#1835,#1836);
#1835 = CARTESIAN_POINT('',(0.5,-2.29,4.15));
#1836 = VECTOR('',#1837,1.);
#1837 = DIRECTION('',(-1.,2.334869823773E-16,0.));
#1838 = PLANE('',#1839);
#1839 = AXIS2_PLACEMENT_3D('',#1840,#1841,#1842);
#1840 = CARTESIAN_POINT('',(0.5,-2.165,4.275));
#1841 = DIRECTION('',(-1.651002285576E-16,-0.707106781187,0.707106781187
    ));
#1842 = DIRECTION('',(-1.,2.334869823772E-16,1.261191372222E-28));
#1843 = ADVANCED_FACE('',(#1844),#1869,.T.);
#1844 = FACE_BOUND('',#1845,.T.);
#1845 = EDGE_LOOP('',(#1846,#1854,#1855,#1863));
#1846 = ORIENTED_EDGE('',*,*,#1847,.F.);
#1847 = EDGE_CURVE('',#838,#1848,#1850,.T.);
#1848 = VERTEX_POINT('',#1849);
#1849 = CARTESIAN_POINT('',(-0.25,-1.02,4.15));
#1850 = LINE('',#1851,#1852);
#1851 = CARTESIAN_POINT('',(-0.25,-1.02,4.15));
#1852 = VECTOR('',#1853,1.);
#1853 = DIRECTION('',(0.57735026919,-0.57735026919,-0.57735026919));
#1854 = ORIENTED_EDGE('',*,*,#837,.T.);
#1855 = ORIENTED_EDGE('',*,*,#1856,.T.);
#1856 = EDGE_CURVE('',#840,#1857,#1859,.T.);
#1857 = VERTEX_POINT('',#1858);
#1858 = CARTESIAN_POINT('',(-0.25,-1.52,4.15));
#1859 = LINE('',#1860,#1861);
#1860 = CARTESIAN_POINT('',(-0.25,-1.52,4.15));
#1861 = VECTOR('',#1862,1.);
#1862 = DIRECTION('',(0.57735026919,0.57735026919,-0.57735026919));
#1863 = ORIENTED_EDGE('',*,*,#1864,.F.);
#1864 = EDGE_CURVE('',#1848,#1857,#1865,.T.);
#1865 = LINE('',#1866,#1867);
#1866 = CARTESIAN_POINT('',(-0.25,-0.77,4.15));
#1867 = VECTOR('',#1868,1.);
#1868 = DIRECTION('',(-2.334869823773E-16,-1.,0.));
#1869 = PLANE('',#1870);
#1870 = AXIS2_PLACEMENT_3D('',#1871,#1872,#1873);
#1871 = CARTESIAN_POINT('',(-0.375,-0.77,4.275));
#1872 = DIRECTION('',(0.707106781187,-1.651002285576E-16,0.707106781187)
  );
#1873 = DIRECTION('',(-2.334869823772E-16,-1.,1.261191372222E-28));
#1874 = ADVANCED_FACE('',(#1875),#1893,.T.);
#1875 = FACE_BOUND('',#1876,.T.);
#1876 = EDGE_LOOP('',(#1877,#1878,#1879,#1887));
#1877 = ORIENTED_EDGE('',*,*,#1856,.F.);
#1878 = ORIENTED_EDGE('',*,*,#863,.T.);
#1879 = ORIENTED_EDGE('',*,*,#1880,.T.);
#1880 = EDGE_CURVE('',#856,#1881,#1883,.T.);
#1881 = VERTEX_POINT('',#1882);
#1882 = CARTESIAN_POINT('',(0.25,-1.52,4.15));
#1883 = LINE('',#1884,#1885);
#1884 = CARTESIAN_POINT('',(0.25,-1.52,4.15));
#1885 = VECTOR('',#1886,1.);
#1886 = DIRECTION('',(-0.57735026919,0.57735026919,-0.57735026919));
#1887 = ORIENTED_EDGE('',*,*,#1888,.F.);
#1888 = EDGE_CURVE('',#1857,#1881,#1889,.T.);
#1889 = LINE('',#1890,#1891);
#1890 = CARTESIAN_POINT('',(-0.5,-1.52,4.15));
#1891 = VECTOR('',#1892,1.);
#1892 = DIRECTION('',(1.,-2.334869823773E-16,0.));
#1893 = PLANE('',#1894);
#1894 = AXIS2_PLACEMENT_3D('',#1895,#1896,#1897);
#1895 = CARTESIAN_POINT('',(-0.5,-1.645,4.275));
#1896 = DIRECTION('',(1.651002285576E-16,0.707106781187,0.707106781187)
  );
#1897 = DIRECTION('',(1.,-2.334869823772E-16,1.261191372222E-28));
#1898 = ADVANCED_FACE('',(#1899),#1917,.T.);
#1899 = FACE_BOUND('',#1900,.T.);
#1900 = EDGE_LOOP('',(#1901,#1902,#1903,#1911));
#1901 = ORIENTED_EDGE('',*,*,#1880,.F.);
#1902 = ORIENTED_EDGE('',*,*,#855,.T.);
#1903 = ORIENTED_EDGE('',*,*,#1904,.T.);
#1904 = EDGE_CURVE('',#848,#1905,#1907,.T.);
#1905 = VERTEX_POINT('',#1906);
#1906 = CARTESIAN_POINT('',(0.25,-1.02,4.15));
#1907 = LINE('',#1908,#1909);
#1908 = CARTESIAN_POINT('',(0.25,-1.02,4.15));
#1909 = VECTOR('',#1910,1.);
#1910 = DIRECTION('',(-0.57735026919,-0.57735026919,-0.57735026919));
#1911 = ORIENTED_EDGE('',*,*,#1912,.F.);
#1912 = EDGE_CURVE('',#1881,#1905,#1913,.T.);
#1913 = LINE('',#1914,#1915);
#1914 = CARTESIAN_POINT('',(0.25,-1.77,4.15));
#1915 = VECTOR('',#1916,1.);
#1916 = DIRECTION('',(2.334869823773E-16,1.,0.));
#1917 = PLANE('',#1918);
#1918 = AXIS2_PLACEMENT_3D('',#1919,#1920,#1921);
#1919 = CARTESIAN_POINT('',(0.375,-1.77,4.275));
#1920 = DIRECTION('',(-0.707106781187,1.651002285576E-16,0.707106781187)
  );
#1921 = DIRECTION('',(2.334869823772E-16,1.,1.261191372222E-28));
#1922 = ADVANCED_FACE('',(#1923),#1934,.T.);
#1923 = FACE_BOUND('',#1924,.T.);
#1924 = EDGE_LOOP('',(#1925,#1926,#1927,#1928));
#1925 = ORIENTED_EDGE('',*,*,#1904,.F.);
#1926 = ORIENTED_EDGE('',*,*,#847,.T.);
#1927 = ORIENTED_EDGE('',*,*,#1847,.T.);
#1928 = ORIENTED_EDGE('',*,*,#1929,.F.);
#1929 = EDGE_CURVE('',#1905,#1848,#1930,.T.);
#1930 = LINE('',#1931,#1932);
#1931 = CARTESIAN_POINT('',(0.5,-1.02,4.15));
#1932 = VECTOR('',#1933,1.);
#1933 = DIRECTION('',(-1.,2.334869823773E-16,0.));
#1934 = PLANE('',#1935);
#1935 = AXIS2_PLACEMENT_3D('',#1936,#1937,#1938);
#1936 = CARTESIAN_POINT('',(0.5,-0.895,4.275));
#1937 = DIRECTION('',(-1.651002285576E-16,-0.707106781187,0.707106781187
    ));
#1938 = DIRECTION('',(-1.,2.334869823772E-16,1.261191372222E-28));
#1939 = ADVANCED_FACE('',(#1940),#1965,.T.);
#1940 = FACE_BOUND('',#1941,.T.);
#1941 = EDGE_LOOP('',(#1942,#1950,#1951,#1959));
#1942 = ORIENTED_EDGE('',*,*,#1943,.F.);
#1943 = EDGE_CURVE('',#872,#1944,#1946,.T.);
#1944 = VERTEX_POINT('',#1945);
#1945 = CARTESIAN_POINT('',(-0.25,0.25,4.15));
#1946 = LINE('',#1947,#1948);
#1947 = CARTESIAN_POINT('',(-0.25,0.25,4.15));
#1948 = VECTOR('',#1949,1.);
#1949 = DIRECTION('',(0.57735026919,-0.57735026919,-0.57735026919));
#1950 = ORIENTED_EDGE('',*,*,#871,.T.);
#1951 = ORIENTED_EDGE('',*,*,#1952,.T.);
#1952 = EDGE_CURVE('',#874,#1953,#1955,.T.);
#1953 = VERTEX_POINT('',#1954);
#1954 = CARTESIAN_POINT('',(-0.25,-0.25,4.15));
#1955 = LINE('',#1956,#1957);
#1956 = CARTESIAN_POINT('',(-0.25,-0.25,4.15));
#1957 = VECTOR('',#1958,1.);
#1958 = DIRECTION('',(0.57735026919,0.57735026919,-0.57735026919));
#1959 = ORIENTED_EDGE('',*,*,#1960,.F.);
#1960 = EDGE_CURVE('',#1944,#1953,#1961,.T.);
#1961 = LINE('',#1962,#1963);
#1962 = CARTESIAN_POINT('',(-0.25,0.5,4.15));
#1963 = VECTOR('',#1964,1.);
#1964 = DIRECTION('',(-2.334869823773E-16,-1.,0.));
#1965 = PLANE('',#1966);
#1966 = AXIS2_PLACEMENT_3D('',#1967,#1968,#1969);
#1967 = CARTESIAN_POINT('',(-0.375,0.5,4.275));
#1968 = DIRECTION('',(0.707106781187,-1.651002285576E-16,0.707106781187)
  );
#1969 = DIRECTION('',(-2.334869823772E-16,-1.,1.261191372222E-28));
#1970 = ADVANCED_FACE('',(#1971),#1989,.T.);
#1971 = FACE_BOUND('',#1972,.T.);
#1972 = EDGE_LOOP('',(#1973,#1974,#1975,#1983));
#1973 = ORIENTED_EDGE('',*,*,#1952,.F.);
#1974 = ORIENTED_EDGE('',*,*,#897,.T.);
#1975 = ORIENTED_EDGE('',*,*,#1976,.T.);
#1976 = EDGE_CURVE('',#890,#1977,#1979,.T.);
#1977 = VERTEX_POINT('',#1978);
#1978 = CARTESIAN_POINT('',(0.25,-0.25,4.15));
#1979 = LINE('',#1980,#1981);
#1980 = CARTESIAN_POINT('',(0.25,-0.25,4.15));
#1981 = VECTOR('',#1982,1.);
#1982 = DIRECTION('',(-0.57735026919,0.57735026919,-0.57735026919));
#1983 = ORIENTED_EDGE('',*,*,#1984,.F.);
#1984 = EDGE_CURVE('',#1953,#1977,#1985,.T.);
#1985 = LINE('',#1986,#1987);
#1986 = CARTESIAN_POINT('',(-0.5,-0.25,4.15));
#1987 = VECTOR('',#1988,1.);
#1988 = DIRECTION('',(1.,-2.334869823773E-16,0.));
#1989 = PLANE('',#1990);
#1990 = AXIS2_PLACEMENT_3D('',#1991,#1992,#1993);
#1991 = CARTESIAN_POINT('',(-0.5,-0.375,4.275));
#1992 = DIRECTION('',(1.651002285576E-16,0.707106781187,0.707106781187)
  );
#1993 = DIRECTION('',(1.,-2.334869823772E-16,1.261191372222E-28));
#1994 = ADVANCED_FACE('',(#1995),#2013,.T.);
#1995 = FACE_BOUND('',#1996,.T.);
#1996 = EDGE_LOOP('',(#1997,#1998,#1999,#2007));
#1997 = ORIENTED_EDGE('',*,*,#1976,.F.);
#1998 = ORIENTED_EDGE('',*,*,#889,.T.);
#1999 = ORIENTED_EDGE('',*,*,#2000,.T.);
#2000 = EDGE_CURVE('',#882,#2001,#2003,.T.);
#2001 = VERTEX_POINT('',#2002);
#2002 = CARTESIAN_POINT('',(0.25,0.25,4.15));
#2003 = LINE('',#2004,#2005);
#2004 = CARTESIAN_POINT('',(0.25,0.25,4.15));
#2005 = VECTOR('',#2006,1.);
#2006 = DIRECTION('',(-0.57735026919,-0.57735026919,-0.57735026919));
#2007 = ORIENTED_EDGE('',*,*,#2008,.F.);
#2008 = EDGE_CURVE('',#1977,#2001,#2009,.T.);
#2009 = LINE('',#2010,#2011);
#2010 = CARTESIAN_POINT('',(0.25,-0.5,4.15));
#2011 = VECTOR('',#2012,1.);
#2012 = DIRECTION('',(2.334869823773E-16,1.,0.));
#2013 = PLANE('',#2014);
#2014 = AXIS2_PLACEMENT_3D('',#2015,#2016,#2017);
#2015 = CARTESIAN_POINT('',(0.375,-0.5,4.275));
#2016 = DIRECTION('',(-0.707106781187,1.651002285576E-16,0.707106781187)
  );
#2017 = DIRECTION('',(2.334869823772E-16,1.,1.261191372222E-28));
#2018 = ADVANCED_FACE('',(#2019),#2030,.T.);
#2019 = FACE_BOUND('',#2020,.T.);
#2020 = EDGE_LOOP('',(#2021,#2022,#2023,#2024));
#2021 = ORIENTED_EDGE('',*,*,#2000,.F.);
#2022 = ORIENTED_EDGE('',*,*,#881,.T.);
#2023 = ORIENTED_EDGE('',*,*,#1943,.T.);
#2024 = ORIENTED_EDGE('',*,*,#2025,.F.);
#2025 = EDGE_CURVE('',#2001,#1944,#2026,.T.);
#2026 = LINE('',#2027,#2028);
#2027 = CARTESIAN_POINT('',(0.5,0.25,4.15));
#2028 = VECTOR('',#2029,1.);
#2029 = DIRECTION('',(-1.,2.334869823773E-16,0.));
#2030 = PLANE('',#2031);
#2031 = AXIS2_PLACEMENT_3D('',#2032,#2033,#2034);
#2032 = CARTESIAN_POINT('',(0.5,0.375,4.275));
#2033 = DIRECTION('',(-1.651002285576E-16,-0.707106781187,0.707106781187
    ));
#2034 = DIRECTION('',(-1.,2.334869823772E-16,1.261191372222E-28));
#2035 = ADVANCED_FACE('',(#2036),#2061,.T.);
#2036 = FACE_BOUND('',#2037,.T.);
#2037 = EDGE_LOOP('',(#2038,#2046,#2047,#2055));
#2038 = ORIENTED_EDGE('',*,*,#2039,.F.);
#2039 = EDGE_CURVE('',#906,#2040,#2042,.T.);
#2040 = VERTEX_POINT('',#2041);
#2041 = CARTESIAN_POINT('',(-1.02,-4.06,4.15));
#2042 = LINE('',#2043,#2044);
#2043 = CARTESIAN_POINT('',(-1.02,-4.06,4.15));
#2044 = VECTOR('',#2045,1.);
#2045 = DIRECTION('',(-0.57735026919,0.57735026919,-0.57735026919));
#2046 = ORIENTED_EDGE('',*,*,#905,.T.);
#2047 = ORIENTED_EDGE('',*,*,#2048,.T.);
#2048 = EDGE_CURVE('',#908,#2049,#2051,.T.);
#2049 = VERTEX_POINT('',#2050);
#2050 = CARTESIAN_POINT('',(-1.02,-3.56,4.15));
#2051 = LINE('',#2052,#2053);
#2052 = CARTESIAN_POINT('',(-1.02,-3.56,4.15));
#2053 = VECTOR('',#2054,1.);
#2054 = DIRECTION('',(-0.57735026919,-0.57735026919,-0.57735026919));
#2055 = ORIENTED_EDGE('',*,*,#2056,.F.);
#2056 = EDGE_CURVE('',#2040,#2049,#2057,.T.);
#2057 = LINE('',#2058,#2059);
#2058 = CARTESIAN_POINT('',(-1.02,-4.31,4.15));
#2059 = VECTOR('',#2060,1.);
#2060 = DIRECTION('',(1.110223024625E-16,1.,0.));
#2061 = PLANE('',#2062);
#2062 = AXIS2_PLACEMENT_3D('',#2063,#2064,#2065);
#2063 = CARTESIAN_POINT('',(-0.895,-4.31,4.275));
#2064 = DIRECTION('',(-0.707106781187,7.850462293414E-17,0.707106781187)
  );
#2065 = DIRECTION('',(1.110223024625E-16,1.,2.680278185005E-29));
#2066 = ADVANCED_FACE('',(#2067),#2085,.T.);
#2067 = FACE_BOUND('',#2068,.T.);
#2068 = EDGE_LOOP('',(#2069,#2070,#2071,#2079));
#2069 = ORIENTED_EDGE('',*,*,#2048,.F.);
#2070 = ORIENTED_EDGE('',*,*,#931,.T.);
#2071 = ORIENTED_EDGE('',*,*,#2072,.T.);
#2072 = EDGE_CURVE('',#924,#2073,#2075,.T.);
#2073 = VERTEX_POINT('',#2074);
#2074 = CARTESIAN_POINT('',(-1.52,-3.56,4.15));
#2075 = LINE('',#2076,#2077);
#2076 = CARTESIAN_POINT('',(-1.52,-3.56,4.15));
#2077 = VECTOR('',#2078,1.);
#2078 = DIRECTION('',(0.57735026919,-0.57735026919,-0.57735026919));
#2079 = ORIENTED_EDGE('',*,*,#2080,.F.);
#2080 = EDGE_CURVE('',#2049,#2073,#2081,.T.);
#2081 = LINE('',#2082,#2083);
#2082 = CARTESIAN_POINT('',(-0.77,-3.56,4.15));
#2083 = VECTOR('',#2084,1.);
#2084 = DIRECTION('',(-1.,1.110223024625E-16,0.));
#2085 = PLANE('',#2086);
#2086 = AXIS2_PLACEMENT_3D('',#2087,#2088,#2089);
#2087 = CARTESIAN_POINT('',(-0.77,-3.435,4.275));
#2088 = DIRECTION('',(-7.850462293414E-17,-0.707106781187,0.707106781187
    ));
#2089 = DIRECTION('',(-1.,1.110223024625E-16,2.680278185005E-29));
#2090 = ADVANCED_FACE('',(#2091),#2109,.T.);
#2091 = FACE_BOUND('',#2092,.T.);
#2092 = EDGE_LOOP('',(#2093,#2094,#2095,#2103));
#2093 = ORIENTED_EDGE('',*,*,#2072,.F.);
#2094 = ORIENTED_EDGE('',*,*,#923,.T.);
#2095 = ORIENTED_EDGE('',*,*,#2096,.T.);
#2096 = EDGE_CURVE('',#916,#2097,#2099,.T.);
#2097 = VERTEX_POINT('',#2098);
#2098 = CARTESIAN_POINT('',(-1.52,-4.06,4.15));
#2099 = LINE('',#2100,#2101);
#2100 = CARTESIAN_POINT('',(-1.52,-4.06,4.15));
#2101 = VECTOR('',#2102,1.);
#2102 = DIRECTION('',(0.57735026919,0.57735026919,-0.57735026919));
#2103 = ORIENTED_EDGE('',*,*,#2104,.F.);
#2104 = EDGE_CURVE('',#2073,#2097,#2105,.T.);
#2105 = LINE('',#2106,#2107);
#2106 = CARTESIAN_POINT('',(-1.52,-3.31,4.15));
#2107 = VECTOR('',#2108,1.);
#2108 = DIRECTION('',(-1.110223024625E-16,-1.,0.));
#2109 = PLANE('',#2110);
#2110 = AXIS2_PLACEMENT_3D('',#2111,#2112,#2113);
#2111 = CARTESIAN_POINT('',(-1.645,-3.31,4.275));
#2112 = DIRECTION('',(0.707106781187,-7.850462293414E-17,0.707106781187)
  );
#2113 = DIRECTION('',(-1.110223024625E-16,-1.,2.680278185005E-29));
#2114 = ADVANCED_FACE('',(#2115),#2126,.T.);
#2115 = FACE_BOUND('',#2116,.T.);
#2116 = EDGE_LOOP('',(#2117,#2118,#2119,#2120));
#2117 = ORIENTED_EDGE('',*,*,#2096,.F.);
#2118 = ORIENTED_EDGE('',*,*,#915,.T.);
#2119 = ORIENTED_EDGE('',*,*,#2039,.T.);
#2120 = ORIENTED_EDGE('',*,*,#2121,.F.);
#2121 = EDGE_CURVE('',#2097,#2040,#2122,.T.);
#2122 = LINE('',#2123,#2124);
#2123 = CARTESIAN_POINT('',(-1.77,-4.06,4.15));
#2124 = VECTOR('',#2125,1.);
#2125 = DIRECTION('',(1.,-1.110223024625E-16,0.));
#2126 = PLANE('',#2127);
#2127 = AXIS2_PLACEMENT_3D('',#2128,#2129,#2130);
#2128 = CARTESIAN_POINT('',(-1.77,-4.185,4.275));
#2129 = DIRECTION('',(7.850462293414E-17,0.707106781187,0.707106781187)
  );
#2130 = DIRECTION('',(1.,-1.110223024625E-16,2.680278185005E-29));
#2131 = ADVANCED_FACE('',(#2132),#2157,.T.);
#2132 = FACE_BOUND('',#2133,.T.);
#2133 = EDGE_LOOP('',(#2134,#2142,#2143,#2151));
#2134 = ORIENTED_EDGE('',*,*,#2135,.F.);
#2135 = EDGE_CURVE('',#940,#2136,#2138,.T.);
#2136 = VERTEX_POINT('',#2137);
#2137 = CARTESIAN_POINT('',(-1.02,-2.79,4.15));
#2138 = LINE('',#2139,#2140);
#2139 = CARTESIAN_POINT('',(-1.02,-2.79,4.15));
#2140 = VECTOR('',#2141,1.);
#2141 = DIRECTION('',(-0.57735026919,0.57735026919,-0.57735026919));
#2142 = ORIENTED_EDGE('',*,*,#939,.T.);
#2143 = ORIENTED_EDGE('',*,*,#2144,.T.);
#2144 = EDGE_CURVE('',#942,#2145,#2147,.T.);
#2145 = VERTEX_POINT('',#2146);
#2146 = CARTESIAN_POINT('',(-1.02,-2.29,4.15));
#2147 = LINE('',#2148,#2149);
#2148 = CARTESIAN_POINT('',(-1.02,-2.29,4.15));
#2149 = VECTOR('',#2150,1.);
#2150 = DIRECTION('',(-0.57735026919,-0.57735026919,-0.57735026919));
#2151 = ORIENTED_EDGE('',*,*,#2152,.F.);
#2152 = EDGE_CURVE('',#2136,#2145,#2153,.T.);
#2153 = LINE('',#2154,#2155);
#2154 = CARTESIAN_POINT('',(-1.02,-3.04,4.15));
#2155 = VECTOR('',#2156,1.);
#2156 = DIRECTION('',(1.110223024625E-16,1.,0.));
#2157 = PLANE('',#2158);
#2158 = AXIS2_PLACEMENT_3D('',#2159,#2160,#2161);
#2159 = CARTESIAN_POINT('',(-0.895,-3.04,4.275));
#2160 = DIRECTION('',(-0.707106781187,7.850462293414E-17,0.707106781187)
  );
#2161 = DIRECTION('',(1.110223024625E-16,1.,2.680278185005E-29));
#2162 = ADVANCED_FACE('',(#2163),#2181,.T.);
#2163 = FACE_BOUND('',#2164,.T.);
#2164 = EDGE_LOOP('',(#2165,#2166,#2167,#2175));
#2165 = ORIENTED_EDGE('',*,*,#2144,.F.);
#2166 = ORIENTED_EDGE('',*,*,#965,.T.);
#2167 = ORIENTED_EDGE('',*,*,#2168,.T.);
#2168 = EDGE_CURVE('',#958,#2169,#2171,.T.);
#2169 = VERTEX_POINT('',#2170);
#2170 = CARTESIAN_POINT('',(-1.52,-2.29,4.15));
#2171 = LINE('',#2172,#2173);
#2172 = CARTESIAN_POINT('',(-1.52,-2.29,4.15));
#2173 = VECTOR('',#2174,1.);
#2174 = DIRECTION('',(0.57735026919,-0.57735026919,-0.57735026919));
#2175 = ORIENTED_EDGE('',*,*,#2176,.F.);
#2176 = EDGE_CURVE('',#2145,#2169,#2177,.T.);
#2177 = LINE('',#2178,#2179);
#2178 = CARTESIAN_POINT('',(-0.77,-2.29,4.15));
#2179 = VECTOR('',#2180,1.);
#2180 = DIRECTION('',(-1.,1.110223024625E-16,0.));
#2181 = PLANE('',#2182);
#2182 = AXIS2_PLACEMENT_3D('',#2183,#2184,#2185);
#2183 = CARTESIAN_POINT('',(-0.77,-2.165,4.275));
#2184 = DIRECTION('',(-7.850462293414E-17,-0.707106781187,0.707106781187
    ));
#2185 = DIRECTION('',(-1.,1.110223024625E-16,2.680278185005E-29));
#2186 = ADVANCED_FACE('',(#2187),#2205,.T.);
#2187 = FACE_BOUND('',#2188,.T.);
#2188 = EDGE_LOOP('',(#2189,#2190,#2191,#2199));
#2189 = ORIENTED_EDGE('',*,*,#2168,.F.);
#2190 = ORIENTED_EDGE('',*,*,#957,.T.);
#2191 = ORIENTED_EDGE('',*,*,#2192,.T.);
#2192 = EDGE_CURVE('',#950,#2193,#2195,.T.);
#2193 = VERTEX_POINT('',#2194);
#2194 = CARTESIAN_POINT('',(-1.52,-2.79,4.15));
#2195 = LINE('',#2196,#2197);
#2196 = CARTESIAN_POINT('',(-1.52,-2.79,4.15));
#2197 = VECTOR('',#2198,1.);
#2198 = DIRECTION('',(0.57735026919,0.57735026919,-0.57735026919));
#2199 = ORIENTED_EDGE('',*,*,#2200,.F.);
#2200 = EDGE_CURVE('',#2169,#2193,#2201,.T.);
#2201 = LINE('',#2202,#2203);
#2202 = CARTESIAN_POINT('',(-1.52,-2.04,4.15));
#2203 = VECTOR('',#2204,1.);
#2204 = DIRECTION('',(-1.110223024625E-16,-1.,0.));
#2205 = PLANE('',#2206);
#2206 = AXIS2_PLACEMENT_3D('',#2207,#2208,#2209);
#2207 = CARTESIAN_POINT('',(-1.645,-2.04,4.275));
#2208 = DIRECTION('',(0.707106781187,-7.850462293414E-17,0.707106781187)
  );
#2209 = DIRECTION('',(-1.110223024625E-16,-1.,2.680278185005E-29));
#2210 = ADVANCED_FACE('',(#2211),#2222,.T.);
#2211 = FACE_BOUND('',#2212,.T.);
#2212 = EDGE_LOOP('',(#2213,#2214,#2215,#2216));
#2213 = ORIENTED_EDGE('',*,*,#2192,.F.);
#2214 = ORIENTED_EDGE('',*,*,#949,.T.);
#2215 = ORIENTED_EDGE('',*,*,#2135,.T.);
#2216 = ORIENTED_EDGE('',*,*,#2217,.F.);
#2217 = EDGE_CURVE('',#2193,#2136,#2218,.T.);
#2218 = LINE('',#2219,#2220);
#2219 = CARTESIAN_POINT('',(-1.77,-2.79,4.15));
#2220 = VECTOR('',#2221,1.);
#2221 = DIRECTION('',(1.,-1.110223024625E-16,0.));
#2222 = PLANE('',#2223);
#2223 = AXIS2_PLACEMENT_3D('',#2224,#2225,#2226);
#2224 = CARTESIAN_POINT('',(-1.77,-2.915,4.275));
#2225 = DIRECTION('',(7.850462293414E-17,0.707106781187,0.707106781187)
  );
#2226 = DIRECTION('',(1.,-1.110223024625E-16,2.680278185005E-29));
#2227 = ADVANCED_FACE('',(#2228),#2253,.T.);
#2228 = FACE_BOUND('',#2229,.T.);
#2229 = EDGE_LOOP('',(#2230,#2238,#2239,#2247));
#2230 = ORIENTED_EDGE('',*,*,#2231,.F.);
#2231 = EDGE_CURVE('',#974,#2232,#2234,.T.);
#2232 = VERTEX_POINT('',#2233);
#2233 = CARTESIAN_POINT('',(-1.02,-1.52,4.15));
#2234 = LINE('',#2235,#2236);
#2235 = CARTESIAN_POINT('',(-1.02,-1.52,4.15));
#2236 = VECTOR('',#2237,1.);
#2237 = DIRECTION('',(-0.57735026919,0.57735026919,-0.57735026919));
#2238 = ORIENTED_EDGE('',*,*,#973,.T.);
#2239 = ORIENTED_EDGE('',*,*,#2240,.T.);
#2240 = EDGE_CURVE('',#976,#2241,#2243,.T.);
#2241 = VERTEX_POINT('',#2242);
#2242 = CARTESIAN_POINT('',(-1.02,-1.02,4.15));
#2243 = LINE('',#2244,#2245);
#2244 = CARTESIAN_POINT('',(-1.02,-1.02,4.15));
#2245 = VECTOR('',#2246,1.);
#2246 = DIRECTION('',(-0.57735026919,-0.57735026919,-0.57735026919));
#2247 = ORIENTED_EDGE('',*,*,#2248,.F.);
#2248 = EDGE_CURVE('',#2232,#2241,#2249,.T.);
#2249 = LINE('',#2250,#2251);
#2250 = CARTESIAN_POINT('',(-1.02,-1.77,4.15));
#2251 = VECTOR('',#2252,1.);
#2252 = DIRECTION('',(1.110223024625E-16,1.,0.));
#2253 = PLANE('',#2254);
#2254 = AXIS2_PLACEMENT_3D('',#2255,#2256,#2257);
#2255 = CARTESIAN_POINT('',(-0.895,-1.77,4.275));
#2256 = DIRECTION('',(-0.707106781187,7.850462293414E-17,0.707106781187)
  );
#2257 = DIRECTION('',(1.110223024625E-16,1.,2.680278185005E-29));
#2258 = ADVANCED_FACE('',(#2259),#2277,.T.);
#2259 = FACE_BOUND('',#2260,.T.);
#2260 = EDGE_LOOP('',(#2261,#2262,#2263,#2271));
#2261 = ORIENTED_EDGE('',*,*,#2240,.F.);
#2262 = ORIENTED_EDGE('',*,*,#999,.T.);
#2263 = ORIENTED_EDGE('',*,*,#2264,.T.);
#2264 = EDGE_CURVE('',#992,#2265,#2267,.T.);
#2265 = VERTEX_POINT('',#2266);
#2266 = CARTESIAN_POINT('',(-1.52,-1.02,4.15));
#2267 = LINE('',#2268,#2269);
#2268 = CARTESIAN_POINT('',(-1.52,-1.02,4.15));
#2269 = VECTOR('',#2270,1.);
#2270 = DIRECTION('',(0.57735026919,-0.57735026919,-0.57735026919));
#2271 = ORIENTED_EDGE('',*,*,#2272,.F.);
#2272 = EDGE_CURVE('',#2241,#2265,#2273,.T.);
#2273 = LINE('',#2274,#2275);
#2274 = CARTESIAN_POINT('',(-0.77,-1.02,4.15));
#2275 = VECTOR('',#2276,1.);
#2276 = DIRECTION('',(-1.,1.110223024625E-16,0.));
#2277 = PLANE('',#2278);
#2278 = AXIS2_PLACEMENT_3D('',#2279,#2280,#2281);
#2279 = CARTESIAN_POINT('',(-0.77,-0.895,4.275));
#2280 = DIRECTION('',(-7.850462293414E-17,-0.707106781187,0.707106781187
    ));
#2281 = DIRECTION('',(-1.,1.110223024625E-16,2.680278185005E-29));
#2282 = ADVANCED_FACE('',(#2283),#2301,.T.);
#2283 = FACE_BOUND('',#2284,.T.);
#2284 = EDGE_LOOP('',(#2285,#2286,#2287,#2295));
#2285 = ORIENTED_EDGE('',*,*,#2264,.F.);
#2286 = ORIENTED_EDGE('',*,*,#991,.T.);
#2287 = ORIENTED_EDGE('',*,*,#2288,.T.);
#2288 = EDGE_CURVE('',#984,#2289,#2291,.T.);
#2289 = VERTEX_POINT('',#2290);
#2290 = CARTESIAN_POINT('',(-1.52,-1.52,4.15));
#2291 = LINE('',#2292,#2293);
#2292 = CARTESIAN_POINT('',(-1.52,-1.52,4.15));
#2293 = VECTOR('',#2294,1.);
#2294 = DIRECTION('',(0.57735026919,0.57735026919,-0.57735026919));
#2295 = ORIENTED_EDGE('',*,*,#2296,.F.);
#2296 = EDGE_CURVE('',#2265,#2289,#2297,.T.);
#2297 = LINE('',#2298,#2299);
#2298 = CARTESIAN_POINT('',(-1.52,-0.77,4.15));
#2299 = VECTOR('',#2300,1.);
#2300 = DIRECTION('',(-1.110223024625E-16,-1.,0.));
#2301 = PLANE('',#2302);
#2302 = AXIS2_PLACEMENT_3D('',#2303,#2304,#2305);
#2303 = CARTESIAN_POINT('',(-1.645,-0.77,4.275));
#2304 = DIRECTION('',(0.707106781187,-7.850462293414E-17,0.707106781187)
  );
#2305 = DIRECTION('',(-1.110223024625E-16,-1.,2.680278185005E-29));
#2306 = ADVANCED_FACE('',(#2307),#2318,.T.);
#2307 = FACE_BOUND('',#2308,.T.);
#2308 = EDGE_LOOP('',(#2309,#2310,#2311,#2312));
#2309 = ORIENTED_EDGE('',*,*,#2288,.F.);
#2310 = ORIENTED_EDGE('',*,*,#983,.T.);
#2311 = ORIENTED_EDGE('',*,*,#2231,.T.);
#2312 = ORIENTED_EDGE('',*,*,#2313,.F.);
#2313 = EDGE_CURVE('',#2289,#2232,#2314,.T.);
#2314 = LINE('',#2315,#2316);
#2315 = CARTESIAN_POINT('',(-1.77,-1.52,4.15));
#2316 = VECTOR('',#2317,1.);
#2317 = DIRECTION('',(1.,-1.110223024625E-16,0.));
#2318 = PLANE('',#2319);
#2319 = AXIS2_PLACEMENT_3D('',#2320,#2321,#2322);
#2320 = CARTESIAN_POINT('',(-1.77,-1.645,4.275));
#2321 = DIRECTION('',(7.850462293414E-17,0.707106781187,0.707106781187)
  );
#2322 = DIRECTION('',(1.,-1.110223024625E-16,2.680278185005E-29));
#2323 = ADVANCED_FACE('',(#2324),#2349,.T.);
#2324 = FACE_BOUND('',#2325,.T.);
#2325 = EDGE_LOOP('',(#2326,#2334,#2335,#2343));
#2326 = ORIENTED_EDGE('',*,*,#2327,.F.);
#2327 = EDGE_CURVE('',#1008,#2328,#2330,.T.);
#2328 = VERTEX_POINT('',#2329);
#2329 = CARTESIAN_POINT('',(-1.02,-0.25,4.15));
#2330 = LINE('',#2331,#2332);
#2331 = CARTESIAN_POINT('',(-1.02,-0.25,4.15));
#2332 = VECTOR('',#2333,1.);
#2333 = DIRECTION('',(-0.57735026919,0.57735026919,-0.57735026919));
#2334 = ORIENTED_EDGE('',*,*,#1007,.T.);
#2335 = ORIENTED_EDGE('',*,*,#2336,.T.);
#2336 = EDGE_CURVE('',#1010,#2337,#2339,.T.);
#2337 = VERTEX_POINT('',#2338);
#2338 = CARTESIAN_POINT('',(-1.02,0.25,4.15));
#2339 = LINE('',#2340,#2341);
#2340 = CARTESIAN_POINT('',(-1.02,0.25,4.15));
#2341 = VECTOR('',#2342,1.);
#2342 = DIRECTION('',(-0.57735026919,-0.57735026919,-0.57735026919));
#2343 = ORIENTED_EDGE('',*,*,#2344,.F.);
#2344 = EDGE_CURVE('',#2328,#2337,#2345,.T.);
#2345 = LINE('',#2346,#2347);
#2346 = CARTESIAN_POINT('',(-1.02,-0.5,4.15));
#2347 = VECTOR('',#2348,1.);
#2348 = DIRECTION('',(1.110223024625E-16,1.,0.));
#2349 = PLANE('',#2350);
#2350 = AXIS2_PLACEMENT_3D('',#2351,#2352,#2353);
#2351 = CARTESIAN_POINT('',(-0.895,-0.5,4.275));
#2352 = DIRECTION('',(-0.707106781187,7.850462293414E-17,0.707106781187)
  );
#2353 = DIRECTION('',(1.110223024625E-16,1.,2.680278185005E-29));
#2354 = ADVANCED_FACE('',(#2355),#2373,.T.);
#2355 = FACE_BOUND('',#2356,.T.);
#2356 = EDGE_LOOP('',(#2357,#2358,#2359,#2367));
#2357 = ORIENTED_EDGE('',*,*,#2336,.F.);
#2358 = ORIENTED_EDGE('',*,*,#1033,.T.);
#2359 = ORIENTED_EDGE('',*,*,#2360,.T.);
#2360 = EDGE_CURVE('',#1026,#2361,#2363,.T.);
#2361 = VERTEX_POINT('',#2362);
#2362 = CARTESIAN_POINT('',(-1.52,0.25,4.15));
#2363 = LINE('',#2364,#2365);
#2364 = CARTESIAN_POINT('',(-1.52,0.25,4.15));
#2365 = VECTOR('',#2366,1.);
#2366 = DIRECTION('',(0.57735026919,-0.57735026919,-0.57735026919));
#2367 = ORIENTED_EDGE('',*,*,#2368,.F.);
#2368 = EDGE_CURVE('',#2337,#2361,#2369,.T.);
#2369 = LINE('',#2370,#2371);
#2370 = CARTESIAN_POINT('',(-0.77,0.25,4.15));
#2371 = VECTOR('',#2372,1.);
#2372 = DIRECTION('',(-1.,1.110223024625E-16,0.));
#2373 = PLANE('',#2374);
#2374 = AXIS2_PLACEMENT_3D('',#2375,#2376,#2377);
#2375 = CARTESIAN_POINT('',(-0.77,0.375,4.275));
#2376 = DIRECTION('',(-7.850462293414E-17,-0.707106781187,0.707106781187
    ));
#2377 = DIRECTION('',(-1.,1.110223024625E-16,2.680278185005E-29));
#2378 = ADVANCED_FACE('',(#2379),#2397,.T.);
#2379 = FACE_BOUND('',#2380,.T.);
#2380 = EDGE_LOOP('',(#2381,#2382,#2383,#2391));
#2381 = ORIENTED_EDGE('',*,*,#2360,.F.);
#2382 = ORIENTED_EDGE('',*,*,#1025,.T.);
#2383 = ORIENTED_EDGE('',*,*,#2384,.T.);
#2384 = EDGE_CURVE('',#1018,#2385,#2387,.T.);
#2385 = VERTEX_POINT('',#2386);
#2386 = CARTESIAN_POINT('',(-1.52,-0.25,4.15));
#2387 = LINE('',#2388,#2389);
#2388 = CARTESIAN_POINT('',(-1.52,-0.25,4.15));
#2389 = VECTOR('',#2390,1.);
#2390 = DIRECTION('',(0.57735026919,0.57735026919,-0.57735026919));
#2391 = ORIENTED_EDGE('',*,*,#2392,.F.);
#2392 = EDGE_CURVE('',#2361,#2385,#2393,.T.);
#2393 = LINE('',#2394,#2395);
#2394 = CARTESIAN_POINT('',(-1.52,0.5,4.15));
#2395 = VECTOR('',#2396,1.);
#2396 = DIRECTION('',(-1.110223024625E-16,-1.,0.));
#2397 = PLANE('',#2398);
#2398 = AXIS2_PLACEMENT_3D('',#2399,#2400,#2401);
#2399 = CARTESIAN_POINT('',(-1.645,0.5,4.275));
#2400 = DIRECTION('',(0.707106781187,-7.850462293414E-17,0.707106781187)
  );
#2401 = DIRECTION('',(-1.110223024625E-16,-1.,2.680278185005E-29));
#2402 = ADVANCED_FACE('',(#2403),#2414,.T.);
#2403 = FACE_BOUND('',#2404,.T.);
#2404 = EDGE_LOOP('',(#2405,#2406,#2407,#2408));
#2405 = ORIENTED_EDGE('',*,*,#2384,.F.);
#2406 = ORIENTED_EDGE('',*,*,#1017,.T.);
#2407 = ORIENTED_EDGE('',*,*,#2327,.T.);
#2408 = ORIENTED_EDGE('',*,*,#2409,.F.);
#2409 = EDGE_CURVE('',#2385,#2328,#2410,.T.);
#2410 = LINE('',#2411,#2412);
#2411 = CARTESIAN_POINT('',(-1.77,-0.25,4.15));
#2412 = VECTOR('',#2413,1.);
#2413 = DIRECTION('',(1.,-1.110223024625E-16,0.));
#2414 = PLANE('',#2415);
#2415 = AXIS2_PLACEMENT_3D('',#2416,#2417,#2418);
#2416 = CARTESIAN_POINT('',(-1.77,-0.375,4.275));
#2417 = DIRECTION('',(7.850462293414E-17,0.707106781187,0.707106781187)
  );
#2418 = DIRECTION('',(1.,-1.110223024625E-16,2.680278185005E-29));
#2419 = ADVANCED_FACE('',(#2420),#2431,.T.);
#2420 = FACE_BOUND('',#2421,.T.);
#2421 = EDGE_LOOP('',(#2422,#2423,#2424,#2430));
#2422 = ORIENTED_EDGE('',*,*,#1097,.F.);
#2423 = ORIENTED_EDGE('',*,*,#1107,.T.);
#2424 = ORIENTED_EDGE('',*,*,#2425,.T.);
#2425 = EDGE_CURVE('',#1108,#1148,#2426,.T.);
#2426 = LINE('',#2427,#2428);
#2427 = CARTESIAN_POINT('',(0.1,-3.56,0.2));
#2428 = VECTOR('',#2429,1.);
#2429 = DIRECTION('',(-1.,2.334869823773E-16,0.));
#2430 = ORIENTED_EDGE('',*,*,#1155,.T.);
#2431 = PLANE('',#2432);
#2432 = AXIS2_PLACEMENT_3D('',#2433,#2434,#2435);
#2433 = CARTESIAN_POINT('',(0.1,-3.56,0.2));
#2434 = DIRECTION('',(0.,0.,-1.));
#2435 = DIRECTION('',(2.334869823773E-16,1.,0.));
#2436 = ADVANCED_FACE('',(#2437),#2478,.F.);
#2437 = FACE_BOUND('',#2438,.F.);
#2438 = EDGE_LOOP('',(#2439,#2447,#2448,#2456,#2464,#2472));
#2439 = ORIENTED_EDGE('',*,*,#2440,.T.);
#2440 = EDGE_CURVE('',#2441,#1148,#2443,.T.);
#2441 = VERTEX_POINT('',#2442);
#2442 = CARTESIAN_POINT('',(-0.1,-3.56,-2.1));
#2443 = LINE('',#2444,#2445);
#2444 = CARTESIAN_POINT('',(-0.1,-3.56,-2.1));
#2445 = VECTOR('',#2446,1.);
#2446 = DIRECTION('',(0.,0.,1.));
#2447 = ORIENTED_EDGE('',*,*,#1147,.F.);
#2448 = ORIENTED_EDGE('',*,*,#2449,.T.);
#2449 = EDGE_CURVE('',#1140,#2450,#2452,.T.);
#2450 = VERTEX_POINT('',#2451);
#2451 = CARTESIAN_POINT('',(-0.1,-4.06,-2.1));
#2452 = LINE('',#2453,#2454);
#2453 = CARTESIAN_POINT('',(-0.1,-4.06,0.2));
#2454 = VECTOR('',#2455,1.);
#2455 = DIRECTION('',(-0.,0.,-1.));
#2456 = ORIENTED_EDGE('',*,*,#2457,.T.);
#2457 = EDGE_CURVE('',#2450,#2458,#2460,.T.);
#2458 = VERTEX_POINT('',#2459);
#2459 = CARTESIAN_POINT('',(-0.1,-3.935,-2.6));
#2460 = LINE('',#2461,#2462);
#2461 = CARTESIAN_POINT('',(-0.1,-4.06,-2.1));
#2462 = VECTOR('',#2463,1.);
#2463 = DIRECTION('',(5.662891120873E-17,0.242535625036,-0.970142500145)
  );
#2464 = ORIENTED_EDGE('',*,*,#2465,.T.);
#2465 = EDGE_CURVE('',#2458,#2466,#2468,.T.);
#2466 = VERTEX_POINT('',#2467);
#2467 = CARTESIAN_POINT('',(-0.1,-3.685,-2.6));
#2468 = LINE('',#2469,#2470);
#2469 = CARTESIAN_POINT('',(-0.1,-3.935,-2.6));
#2470 = VECTOR('',#2471,1.);
#2471 = DIRECTION('',(2.334869823773E-16,1.,0.));
#2472 = ORIENTED_EDGE('',*,*,#2473,.T.);
#2473 = EDGE_CURVE('',#2466,#2441,#2474,.T.);
#2474 = LINE('',#2475,#2476);
#2475 = CARTESIAN_POINT('',(-0.1,-3.685,-2.6));
#2476 = VECTOR('',#2477,1.);
#2477 = DIRECTION('',(5.662891120873E-17,0.242535625036,0.970142500145)
  );
#2478 = PLANE('',#2479);
#2479 = AXIS2_PLACEMENT_3D('',#2480,#2481,#2482);
#2480 = CARTESIAN_POINT('',(-0.1,-3.81,1.92709124047));
#2481 = DIRECTION('',(1.,-2.334869823773E-16,0.));
#2482 = DIRECTION('',(0.,0.,1.));
#2483 = ADVANCED_FACE('',(#2484),#2495,.T.);
#2484 = FACE_BOUND('',#2485,.T.);
#2485 = EDGE_LOOP('',(#2486,#2492,#2493,#2494));
#2486 = ORIENTED_EDGE('',*,*,#2487,.F.);
#2487 = EDGE_CURVE('',#1116,#1140,#2488,.T.);
#2488 = LINE('',#2489,#2490);
#2489 = CARTESIAN_POINT('',(0.1,-4.06,0.2));
#2490 = VECTOR('',#2491,1.);
#2491 = DIRECTION('',(-1.,2.334869823773E-16,0.));
#2492 = ORIENTED_EDGE('',*,*,#1123,.T.);
#2493 = ORIENTED_EDGE('',*,*,#1131,.T.);
#2494 = ORIENTED_EDGE('',*,*,#1139,.T.);
#2495 = PLANE('',#2496);
#2496 = AXIS2_PLACEMENT_3D('',#2497,#2498,#2499);
#2497 = CARTESIAN_POINT('',(0.1,-3.56,0.2));
#2498 = DIRECTION('',(0.,0.,-1.));
#2499 = DIRECTION('',(2.334869823773E-16,1.,0.));
#2500 = ADVANCED_FACE('',(#2501),#2542,.T.);
#2501 = FACE_BOUND('',#2502,.T.);
#2502 = EDGE_LOOP('',(#2503,#2511,#2512,#2520,#2528,#2536));
#2503 = ORIENTED_EDGE('',*,*,#2504,.T.);
#2504 = EDGE_CURVE('',#2505,#1108,#2507,.T.);
#2505 = VERTEX_POINT('',#2506);
#2506 = CARTESIAN_POINT('',(0.1,-3.56,-2.1));
#2507 = LINE('',#2508,#2509);
#2508 = CARTESIAN_POINT('',(0.1,-3.56,-2.1));
#2509 = VECTOR('',#2510,1.);
#2510 = DIRECTION('',(0.,0.,1.));
#2511 = ORIENTED_EDGE('',*,*,#1115,.F.);
#2512 = ORIENTED_EDGE('',*,*,#2513,.T.);
#2513 = EDGE_CURVE('',#1116,#2514,#2516,.T.);
#2514 = VERTEX_POINT('',#2515);
#2515 = CARTESIAN_POINT('',(0.1,-4.06,-2.1));
#2516 = LINE('',#2517,#2518);
#2517 = CARTESIAN_POINT('',(0.1,-4.06,0.2));
#2518 = VECTOR('',#2519,1.);
#2519 = DIRECTION('',(-0.,0.,-1.));
#2520 = ORIENTED_EDGE('',*,*,#2521,.T.);
#2521 = EDGE_CURVE('',#2514,#2522,#2524,.T.);
#2522 = VERTEX_POINT('',#2523);
#2523 = CARTESIAN_POINT('',(0.1,-3.935,-2.6));
#2524 = LINE('',#2525,#2526);
#2525 = CARTESIAN_POINT('',(0.1,-4.06,-2.1));
#2526 = VECTOR('',#2527,1.);
#2527 = DIRECTION('',(5.662891120873E-17,0.242535625036,-0.970142500145)
  );
#2528 = ORIENTED_EDGE('',*,*,#2529,.F.);
#2529 = EDGE_CURVE('',#2530,#2522,#2532,.T.);
#2530 = VERTEX_POINT('',#2531);
#2531 = CARTESIAN_POINT('',(0.1,-3.685,-2.6));
#2532 = LINE('',#2533,#2534);
#2533 = CARTESIAN_POINT('',(0.1,-3.685,-2.6));
#2534 = VECTOR('',#2535,1.);
#2535 = DIRECTION('',(-2.334869823773E-16,-1.,0.));
#2536 = ORIENTED_EDGE('',*,*,#2537,.T.);
#2537 = EDGE_CURVE('',#2530,#2505,#2538,.T.);
#2538 = LINE('',#2539,#2540);
#2539 = CARTESIAN_POINT('',(0.1,-3.685,-2.6));
#2540 = VECTOR('',#2541,1.);
#2541 = DIRECTION('',(5.662891120873E-17,0.242535625036,0.970142500145)
  );
#2542 = PLANE('',#2543);
#2543 = AXIS2_PLACEMENT_3D('',#2544,#2545,#2546);
#2544 = CARTESIAN_POINT('',(0.1,-3.81,1.92709124047));
#2545 = DIRECTION('',(1.,-2.334869823773E-16,0.));
#2546 = DIRECTION('',(0.,0.,1.));
#2547 = ADVANCED_FACE('',(#2548),#2559,.T.);
#2548 = FACE_BOUND('',#2549,.T.);
#2549 = EDGE_LOOP('',(#2550,#2551,#2552,#2558));
#2550 = ORIENTED_EDGE('',*,*,#1163,.F.);
#2551 = ORIENTED_EDGE('',*,*,#1173,.T.);
#2552 = ORIENTED_EDGE('',*,*,#2553,.T.);
#2553 = EDGE_CURVE('',#1174,#1214,#2554,.T.);
#2554 = LINE('',#2555,#2556);
#2555 = CARTESIAN_POINT('',(0.1,-2.29,0.2));
#2556 = VECTOR('',#2557,1.);
#2557 = DIRECTION('',(-1.,2.334869823773E-16,0.));
#2558 = ORIENTED_EDGE('',*,*,#1221,.T.);
#2559 = PLANE('',#2560);
#2560 = AXIS2_PLACEMENT_3D('',#2561,#2562,#2563);
#2561 = CARTESIAN_POINT('',(0.1,-2.29,0.2));
#2562 = DIRECTION('',(0.,0.,-1.));
#2563 = DIRECTION('',(2.334869823773E-16,1.,0.));
#2564 = ADVANCED_FACE('',(#2565),#2606,.F.);
#2565 = FACE_BOUND('',#2566,.F.);
#2566 = EDGE_LOOP('',(#2567,#2575,#2576,#2584,#2592,#2600));
#2567 = ORIENTED_EDGE('',*,*,#2568,.T.);
#2568 = EDGE_CURVE('',#2569,#1214,#2571,.T.);
#2569 = VERTEX_POINT('',#2570);
#2570 = CARTESIAN_POINT('',(-0.1,-2.29,-2.1));
#2571 = LINE('',#2572,#2573);
#2572 = CARTESIAN_POINT('',(-0.1,-2.29,-2.1));
#2573 = VECTOR('',#2574,1.);
#2574 = DIRECTION('',(0.,0.,1.));
#2575 = ORIENTED_EDGE('',*,*,#1213,.F.);
#2576 = ORIENTED_EDGE('',*,*,#2577,.T.);
#2577 = EDGE_CURVE('',#1206,#2578,#2580,.T.);
#2578 = VERTEX_POINT('',#2579);
#2579 = CARTESIAN_POINT('',(-0.1,-2.79,-2.1));
#2580 = LINE('',#2581,#2582);
#2581 = CARTESIAN_POINT('',(-0.1,-2.79,0.2));
#2582 = VECTOR('',#2583,1.);
#2583 = DIRECTION('',(-0.,0.,-1.));
#2584 = ORIENTED_EDGE('',*,*,#2585,.T.);
#2585 = EDGE_CURVE('',#2578,#2586,#2588,.T.);
#2586 = VERTEX_POINT('',#2587);
#2587 = CARTESIAN_POINT('',(-0.1,-2.665,-2.6));
#2588 = LINE('',#2589,#2590);
#2589 = CARTESIAN_POINT('',(-0.1,-2.79,-2.1));
#2590 = VECTOR('',#2591,1.);
#2591 = DIRECTION('',(5.662891120873E-17,0.242535625036,-0.970142500145)
  );
#2592 = ORIENTED_EDGE('',*,*,#2593,.T.);
#2593 = EDGE_CURVE('',#2586,#2594,#2596,.T.);
#2594 = VERTEX_POINT('',#2595);
#2595 = CARTESIAN_POINT('',(-0.1,-2.415,-2.6));
#2596 = LINE('',#2597,#2598);
#2597 = CARTESIAN_POINT('',(-0.1,-2.665,-2.6));
#2598 = VECTOR('',#2599,1.);
#2599 = DIRECTION('',(2.334869823773E-16,1.,0.));
#2600 = ORIENTED_EDGE('',*,*,#2601,.T.);
#2601 = EDGE_CURVE('',#2594,#2569,#2602,.T.);
#2602 = LINE('',#2603,#2604);
#2603 = CARTESIAN_POINT('',(-0.1,-2.415,-2.6));
#2604 = VECTOR('',#2605,1.);
#2605 = DIRECTION('',(5.662891120873E-17,0.242535625036,0.970142500145)
  );
#2606 = PLANE('',#2607);
#2607 = AXIS2_PLACEMENT_3D('',#2608,#2609,#2610);
#2608 = CARTESIAN_POINT('',(-0.1,-2.54,1.92709124047));
#2609 = DIRECTION('',(1.,-2.334869823773E-16,0.));
#2610 = DIRECTION('',(0.,0.,1.));
#2611 = ADVANCED_FACE('',(#2612),#2623,.T.);
#2612 = FACE_BOUND('',#2613,.T.);
#2613 = EDGE_LOOP('',(#2614,#2620,#2621,#2622));
#2614 = ORIENTED_EDGE('',*,*,#2615,.F.);
#2615 = EDGE_CURVE('',#1182,#1206,#2616,.T.);
#2616 = LINE('',#2617,#2618);
#2617 = CARTESIAN_POINT('',(0.1,-2.79,0.2));
#2618 = VECTOR('',#2619,1.);
#2619 = DIRECTION('',(-1.,2.334869823773E-16,0.));
#2620 = ORIENTED_EDGE('',*,*,#1189,.T.);
#2621 = ORIENTED_EDGE('',*,*,#1197,.T.);
#2622 = ORIENTED_EDGE('',*,*,#1205,.T.);
#2623 = PLANE('',#2624);
#2624 = AXIS2_PLACEMENT_3D('',#2625,#2626,#2627);
#2625 = CARTESIAN_POINT('',(0.1,-2.29,0.2));
#2626 = DIRECTION('',(0.,0.,-1.));
#2627 = DIRECTION('',(2.334869823773E-16,1.,0.));
#2628 = ADVANCED_FACE('',(#2629),#2670,.T.);
#2629 = FACE_BOUND('',#2630,.T.);
#2630 = EDGE_LOOP('',(#2631,#2639,#2640,#2648,#2656,#2664));
#2631 = ORIENTED_EDGE('',*,*,#2632,.T.);
#2632 = EDGE_CURVE('',#2633,#1174,#2635,.T.);
#2633 = VERTEX_POINT('',#2634);
#2634 = CARTESIAN_POINT('',(0.1,-2.29,-2.1));
#2635 = LINE('',#2636,#2637);
#2636 = CARTESIAN_POINT('',(0.1,-2.29,-2.1));
#2637 = VECTOR('',#2638,1.);
#2638 = DIRECTION('',(0.,0.,1.));
#2639 = ORIENTED_EDGE('',*,*,#1181,.F.);
#2640 = ORIENTED_EDGE('',*,*,#2641,.T.);
#2641 = EDGE_CURVE('',#1182,#2642,#2644,.T.);
#2642 = VERTEX_POINT('',#2643);
#2643 = CARTESIAN_POINT('',(0.1,-2.79,-2.1));
#2644 = LINE('',#2645,#2646);
#2645 = CARTESIAN_POINT('',(0.1,-2.79,0.2));
#2646 = VECTOR('',#2647,1.);
#2647 = DIRECTION('',(-0.,0.,-1.));
#2648 = ORIENTED_EDGE('',*,*,#2649,.T.);
#2649 = EDGE_CURVE('',#2642,#2650,#2652,.T.);
#2650 = VERTEX_POINT('',#2651);
#2651 = CARTESIAN_POINT('',(0.1,-2.665,-2.6));
#2652 = LINE('',#2653,#2654);
#2653 = CARTESIAN_POINT('',(0.1,-2.79,-2.1));
#2654 = VECTOR('',#2655,1.);
#2655 = DIRECTION('',(5.662891120873E-17,0.242535625036,-0.970142500145)
  );
#2656 = ORIENTED_EDGE('',*,*,#2657,.F.);
#2657 = EDGE_CURVE('',#2658,#2650,#2660,.T.);
#2658 = VERTEX_POINT('',#2659);
#2659 = CARTESIAN_POINT('',(0.1,-2.415,-2.6));
#2660 = LINE('',#2661,#2662);
#2661 = CARTESIAN_POINT('',(0.1,-2.415,-2.6));
#2662 = VECTOR('',#2663,1.);
#2663 = DIRECTION('',(-2.334869823773E-16,-1.,0.));
#2664 = ORIENTED_EDGE('',*,*,#2665,.T.);
#2665 = EDGE_CURVE('',#2658,#2633,#2666,.T.);
#2666 = LINE('',#2667,#2668);
#2667 = CARTESIAN_POINT('',(0.1,-2.415,-2.6));
#2668 = VECTOR('',#2669,1.);
#2669 = DIRECTION('',(5.662891120873E-17,0.242535625036,0.970142500145)
  );
#2670 = PLANE('',#2671);
#2671 = AXIS2_PLACEMENT_3D('',#2672,#2673,#2674);
#2672 = CARTESIAN_POINT('',(0.1,-2.54,1.92709124047));
#2673 = DIRECTION('',(1.,-2.334869823773E-16,0.));
#2674 = DIRECTION('',(0.,0.,1.));
#2675 = ADVANCED_FACE('',(#2676),#2687,.T.);
#2676 = FACE_BOUND('',#2677,.T.);
#2677 = EDGE_LOOP('',(#2678,#2679,#2680,#2686));
#2678 = ORIENTED_EDGE('',*,*,#1229,.F.);
#2679 = ORIENTED_EDGE('',*,*,#1239,.T.);
#2680 = ORIENTED_EDGE('',*,*,#2681,.T.);
#2681 = EDGE_CURVE('',#1240,#1280,#2682,.T.);
#2682 = LINE('',#2683,#2684);
#2683 = CARTESIAN_POINT('',(0.1,-1.02,0.2));
#2684 = VECTOR('',#2685,1.);
#2685 = DIRECTION('',(-1.,2.334869823773E-16,0.));
#2686 = ORIENTED_EDGE('',*,*,#1287,.T.);
#2687 = PLANE('',#2688);
#2688 = AXIS2_PLACEMENT_3D('',#2689,#2690,#2691);
#2689 = CARTESIAN_POINT('',(0.1,-1.02,0.2));
#2690 = DIRECTION('',(0.,0.,-1.));
#2691 = DIRECTION('',(2.334869823773E-16,1.,0.));
#2692 = ADVANCED_FACE('',(#2693),#2734,.F.);
#2693 = FACE_BOUND('',#2694,.F.);
#2694 = EDGE_LOOP('',(#2695,#2703,#2704,#2712,#2720,#2728));
#2695 = ORIENTED_EDGE('',*,*,#2696,.T.);
#2696 = EDGE_CURVE('',#2697,#1280,#2699,.T.);
#2697 = VERTEX_POINT('',#2698);
#2698 = CARTESIAN_POINT('',(-0.1,-1.02,-2.1));
#2699 = LINE('',#2700,#2701);
#2700 = CARTESIAN_POINT('',(-0.1,-1.02,-2.1));
#2701 = VECTOR('',#2702,1.);
#2702 = DIRECTION('',(0.,0.,1.));
#2703 = ORIENTED_EDGE('',*,*,#1279,.F.);
#2704 = ORIENTED_EDGE('',*,*,#2705,.T.);
#2705 = EDGE_CURVE('',#1272,#2706,#2708,.T.);
#2706 = VERTEX_POINT('',#2707);
#2707 = CARTESIAN_POINT('',(-0.1,-1.52,-2.1));
#2708 = LINE('',#2709,#2710);
#2709 = CARTESIAN_POINT('',(-0.1,-1.52,0.2));
#2710 = VECTOR('',#2711,1.);
#2711 = DIRECTION('',(-0.,0.,-1.));
#2712 = ORIENTED_EDGE('',*,*,#2713,.T.);
#2713 = EDGE_CURVE('',#2706,#2714,#2716,.T.);
#2714 = VERTEX_POINT('',#2715);
#2715 = CARTESIAN_POINT('',(-0.1,-1.395,-2.6));
#2716 = LINE('',#2717,#2718);
#2717 = CARTESIAN_POINT('',(-0.1,-1.52,-2.1));
#2718 = VECTOR('',#2719,1.);
#2719 = DIRECTION('',(5.662891120873E-17,0.242535625036,-0.970142500145)
  );
#2720 = ORIENTED_EDGE('',*,*,#2721,.T.);
#2721 = EDGE_CURVE('',#2714,#2722,#2724,.T.);
#2722 = VERTEX_POINT('',#2723);
#2723 = CARTESIAN_POINT('',(-0.1,-1.145,-2.6));
#2724 = LINE('',#2725,#2726);
#2725 = CARTESIAN_POINT('',(-0.1,-1.395,-2.6));
#2726 = VECTOR('',#2727,1.);
#2727 = DIRECTION('',(2.334869823773E-16,1.,0.));
#2728 = ORIENTED_EDGE('',*,*,#2729,.T.);
#2729 = EDGE_CURVE('',#2722,#2697,#2730,.T.);
#2730 = LINE('',#2731,#2732);
#2731 = CARTESIAN_POINT('',(-0.1,-1.145,-2.6));
#2732 = VECTOR('',#2733,1.);
#2733 = DIRECTION('',(5.662891120873E-17,0.242535625036,0.970142500145)
  );
#2734 = PLANE('',#2735);
#2735 = AXIS2_PLACEMENT_3D('',#2736,#2737,#2738);
#2736 = CARTESIAN_POINT('',(-0.1,-1.27,1.92709124047));
#2737 = DIRECTION('',(1.,-2.334869823773E-16,0.));
#2738 = DIRECTION('',(0.,0.,1.));
#2739 = ADVANCED_FACE('',(#2740),#2751,.T.);
#2740 = FACE_BOUND('',#2741,.T.);
#2741 = EDGE_LOOP('',(#2742,#2748,#2749,#2750));
#2742 = ORIENTED_EDGE('',*,*,#2743,.F.);
#2743 = EDGE_CURVE('',#1248,#1272,#2744,.T.);
#2744 = LINE('',#2745,#2746);
#2745 = CARTESIAN_POINT('',(0.1,-1.52,0.2));
#2746 = VECTOR('',#2747,1.);
#2747 = DIRECTION('',(-1.,2.334869823773E-16,0.));
#2748 = ORIENTED_EDGE('',*,*,#1255,.T.);
#2749 = ORIENTED_EDGE('',*,*,#1263,.T.);
#2750 = ORIENTED_EDGE('',*,*,#1271,.T.);
#2751 = PLANE('',#2752);
#2752 = AXIS2_PLACEMENT_3D('',#2753,#2754,#2755);
#2753 = CARTESIAN_POINT('',(0.1,-1.02,0.2));
#2754 = DIRECTION('',(0.,0.,-1.));
#2755 = DIRECTION('',(2.334869823773E-16,1.,0.));
#2756 = ADVANCED_FACE('',(#2757),#2798,.T.);
#2757 = FACE_BOUND('',#2758,.T.);
#2758 = EDGE_LOOP('',(#2759,#2767,#2768,#2776,#2784,#2792));
#2759 = ORIENTED_EDGE('',*,*,#2760,.T.);
#2760 = EDGE_CURVE('',#2761,#1240,#2763,.T.);
#2761 = VERTEX_POINT('',#2762);
#2762 = CARTESIAN_POINT('',(0.1,-1.02,-2.1));
#2763 = LINE('',#2764,#2765);
#2764 = CARTESIAN_POINT('',(0.1,-1.02,-2.1));
#2765 = VECTOR('',#2766,1.);
#2766 = DIRECTION('',(0.,0.,1.));
#2767 = ORIENTED_EDGE('',*,*,#1247,.F.);
#2768 = ORIENTED_EDGE('',*,*,#2769,.T.);
#2769 = EDGE_CURVE('',#1248,#2770,#2772,.T.);
#2770 = VERTEX_POINT('',#2771);
#2771 = CARTESIAN_POINT('',(0.1,-1.52,-2.1));
#2772 = LINE('',#2773,#2774);
#2773 = CARTESIAN_POINT('',(0.1,-1.52,0.2));
#2774 = VECTOR('',#2775,1.);
#2775 = DIRECTION('',(-0.,0.,-1.));
#2776 = ORIENTED_EDGE('',*,*,#2777,.T.);
#2777 = EDGE_CURVE('',#2770,#2778,#2780,.T.);
#2778 = VERTEX_POINT('',#2779);
#2779 = CARTESIAN_POINT('',(0.1,-1.395,-2.6));
#2780 = LINE('',#2781,#2782);
#2781 = CARTESIAN_POINT('',(0.1,-1.52,-2.1));
#2782 = VECTOR('',#2783,1.);
#2783 = DIRECTION('',(5.662891120873E-17,0.242535625036,-0.970142500145)
  );
#2784 = ORIENTED_EDGE('',*,*,#2785,.F.);
#2785 = EDGE_CURVE('',#2786,#2778,#2788,.T.);
#2786 = VERTEX_POINT('',#2787);
#2787 = CARTESIAN_POINT('',(0.1,-1.145,-2.6));
#2788 = LINE('',#2789,#2790);
#2789 = CARTESIAN_POINT('',(0.1,-1.145,-2.6));
#2790 = VECTOR('',#2791,1.);
#2791 = DIRECTION('',(-2.334869823773E-16,-1.,0.));
#2792 = ORIENTED_EDGE('',*,*,#2793,.T.);
#2793 = EDGE_CURVE('',#2786,#2761,#2794,.T.);
#2794 = LINE('',#2795,#2796);
#2795 = CARTESIAN_POINT('',(0.1,-1.145,-2.6));
#2796 = VECTOR('',#2797,1.);
#2797 = DIRECTION('',(5.662891120873E-17,0.242535625036,0.970142500145)
  );
#2798 = PLANE('',#2799);
#2799 = AXIS2_PLACEMENT_3D('',#2800,#2801,#2802);
#2800 = CARTESIAN_POINT('',(0.1,-1.27,1.92709124047));
#2801 = DIRECTION('',(1.,-2.334869823773E-16,0.));
#2802 = DIRECTION('',(0.,0.,1.));
#2803 = ADVANCED_FACE('',(#2804),#2815,.T.);
#2804 = FACE_BOUND('',#2805,.T.);
#2805 = EDGE_LOOP('',(#2806,#2807,#2808,#2814));
#2806 = ORIENTED_EDGE('',*,*,#1295,.F.);
#2807 = ORIENTED_EDGE('',*,*,#1305,.T.);
#2808 = ORIENTED_EDGE('',*,*,#2809,.T.);
#2809 = EDGE_CURVE('',#1306,#1346,#2810,.T.);
#2810 = LINE('',#2811,#2812);
#2811 = CARTESIAN_POINT('',(0.1,0.25,0.2));
#2812 = VECTOR('',#2813,1.);
#2813 = DIRECTION('',(-1.,2.334869823773E-16,0.));
#2814 = ORIENTED_EDGE('',*,*,#1353,.T.);
#2815 = PLANE('',#2816);
#2816 = AXIS2_PLACEMENT_3D('',#2817,#2818,#2819);
#2817 = CARTESIAN_POINT('',(0.1,0.25,0.2));
#2818 = DIRECTION('',(0.,0.,-1.));
#2819 = DIRECTION('',(2.334869823773E-16,1.,0.));
#2820 = ADVANCED_FACE('',(#2821),#2862,.F.);
#2821 = FACE_BOUND('',#2822,.F.);
#2822 = EDGE_LOOP('',(#2823,#2831,#2832,#2840,#2848,#2856));
#2823 = ORIENTED_EDGE('',*,*,#2824,.T.);
#2824 = EDGE_CURVE('',#2825,#1346,#2827,.T.);
#2825 = VERTEX_POINT('',#2826);
#2826 = CARTESIAN_POINT('',(-0.1,0.25,-2.1));
#2827 = LINE('',#2828,#2829);
#2828 = CARTESIAN_POINT('',(-0.1,0.25,-2.1));
#2829 = VECTOR('',#2830,1.);
#2830 = DIRECTION('',(0.,0.,1.));
#2831 = ORIENTED_EDGE('',*,*,#1345,.F.);
#2832 = ORIENTED_EDGE('',*,*,#2833,.T.);
#2833 = EDGE_CURVE('',#1338,#2834,#2836,.T.);
#2834 = VERTEX_POINT('',#2835);
#2835 = CARTESIAN_POINT('',(-0.1,-0.25,-2.1));
#2836 = LINE('',#2837,#2838);
#2837 = CARTESIAN_POINT('',(-0.1,-0.25,0.2));
#2838 = VECTOR('',#2839,1.);
#2839 = DIRECTION('',(-0.,0.,-1.));
#2840 = ORIENTED_EDGE('',*,*,#2841,.T.);
#2841 = EDGE_CURVE('',#2834,#2842,#2844,.T.);
#2842 = VERTEX_POINT('',#2843);
#2843 = CARTESIAN_POINT('',(-0.1,-0.125,-2.6));
#2844 = LINE('',#2845,#2846);
#2845 = CARTESIAN_POINT('',(-0.1,-0.25,-2.1));
#2846 = VECTOR('',#2847,1.);
#2847 = DIRECTION('',(5.662891120873E-17,0.242535625036,-0.970142500145)
  );
#2848 = ORIENTED_EDGE('',*,*,#2849,.T.);
#2849 = EDGE_CURVE('',#2842,#2850,#2852,.T.);
#2850 = VERTEX_POINT('',#2851);
#2851 = CARTESIAN_POINT('',(-0.1,0.125,-2.6));
#2852 = LINE('',#2853,#2854);
#2853 = CARTESIAN_POINT('',(-0.1,-0.125,-2.6));
#2854 = VECTOR('',#2855,1.);
#2855 = DIRECTION('',(2.334869823773E-16,1.,0.));
#2856 = ORIENTED_EDGE('',*,*,#2857,.T.);
#2857 = EDGE_CURVE('',#2850,#2825,#2858,.T.);
#2858 = LINE('',#2859,#2860);
#2859 = CARTESIAN_POINT('',(-0.1,0.125,-2.6));
#2860 = VECTOR('',#2861,1.);
#2861 = DIRECTION('',(5.662891120873E-17,0.242535625036,0.970142500145)
  );
#2862 = PLANE('',#2863);
#2863 = AXIS2_PLACEMENT_3D('',#2864,#2865,#2866);
#2864 = CARTESIAN_POINT('',(-0.1,1.110223024625E-17,1.92709124047));
#2865 = DIRECTION('',(1.,-2.334869823773E-16,0.));
#2866 = DIRECTION('',(0.,0.,1.));
#2867 = ADVANCED_FACE('',(#2868),#2879,.T.);
#2868 = FACE_BOUND('',#2869,.T.);
#2869 = EDGE_LOOP('',(#2870,#2876,#2877,#2878));
#2870 = ORIENTED_EDGE('',*,*,#2871,.F.);
#2871 = EDGE_CURVE('',#1314,#1338,#2872,.T.);
#2872 = LINE('',#2873,#2874);
#2873 = CARTESIAN_POINT('',(0.1,-0.25,0.2));
#2874 = VECTOR('',#2875,1.);
#2875 = DIRECTION('',(-1.,2.334869823773E-16,0.));
#2876 = ORIENTED_EDGE('',*,*,#1321,.T.);
#2877 = ORIENTED_EDGE('',*,*,#1329,.T.);
#2878 = ORIENTED_EDGE('',*,*,#1337,.T.);
#2879 = PLANE('',#2880);
#2880 = AXIS2_PLACEMENT_3D('',#2881,#2882,#2883);
#2881 = CARTESIAN_POINT('',(0.1,0.25,0.2));
#2882 = DIRECTION('',(0.,0.,-1.));
#2883 = DIRECTION('',(2.334869823773E-16,1.,0.));
#2884 = ADVANCED_FACE('',(#2885),#2926,.T.);
#2885 = FACE_BOUND('',#2886,.T.);
#2886 = EDGE_LOOP('',(#2887,#2895,#2896,#2904,#2912,#2920));
#2887 = ORIENTED_EDGE('',*,*,#2888,.T.);
#2888 = EDGE_CURVE('',#2889,#1306,#2891,.T.);
#2889 = VERTEX_POINT('',#2890);
#2890 = CARTESIAN_POINT('',(0.1,0.25,-2.1));
#2891 = LINE('',#2892,#2893);
#2892 = CARTESIAN_POINT('',(0.1,0.25,-2.1));
#2893 = VECTOR('',#2894,1.);
#2894 = DIRECTION('',(0.,0.,1.));
#2895 = ORIENTED_EDGE('',*,*,#1313,.F.);
#2896 = ORIENTED_EDGE('',*,*,#2897,.T.);
#2897 = EDGE_CURVE('',#1314,#2898,#2900,.T.);
#2898 = VERTEX_POINT('',#2899);
#2899 = CARTESIAN_POINT('',(0.1,-0.25,-2.1));
#2900 = LINE('',#2901,#2902);
#2901 = CARTESIAN_POINT('',(0.1,-0.25,0.2));
#2902 = VECTOR('',#2903,1.);
#2903 = DIRECTION('',(-0.,0.,-1.));
#2904 = ORIENTED_EDGE('',*,*,#2905,.T.);
#2905 = EDGE_CURVE('',#2898,#2906,#2908,.T.);
#2906 = VERTEX_POINT('',#2907);
#2907 = CARTESIAN_POINT('',(0.1,-0.125,-2.6));
#2908 = LINE('',#2909,#2910);
#2909 = CARTESIAN_POINT('',(0.1,-0.25,-2.1));
#2910 = VECTOR('',#2911,1.);
#2911 = DIRECTION('',(5.662891120873E-17,0.242535625036,-0.970142500145)
  );
#2912 = ORIENTED_EDGE('',*,*,#2913,.F.);
#2913 = EDGE_CURVE('',#2914,#2906,#2916,.T.);
#2914 = VERTEX_POINT('',#2915);
#2915 = CARTESIAN_POINT('',(0.1,0.125,-2.6));
#2916 = LINE('',#2917,#2918);
#2917 = CARTESIAN_POINT('',(0.1,0.125,-2.6));
#2918 = VECTOR('',#2919,1.);
#2919 = DIRECTION('',(-2.334869823773E-16,-1.,0.));
#2920 = ORIENTED_EDGE('',*,*,#2921,.T.);
#2921 = EDGE_CURVE('',#2914,#2889,#2922,.T.);
#2922 = LINE('',#2923,#2924);
#2923 = CARTESIAN_POINT('',(0.1,0.125,-2.6));
#2924 = VECTOR('',#2925,1.);
#2925 = DIRECTION('',(5.662891120873E-17,0.242535625036,0.970142500145)
  );
#2926 = PLANE('',#2927);
#2927 = AXIS2_PLACEMENT_3D('',#2928,#2929,#2930);
#2928 = CARTESIAN_POINT('',(0.1,-1.110223024625E-17,1.92709124047));
#2929 = DIRECTION('',(1.,-2.334869823773E-16,0.));
#2930 = DIRECTION('',(0.,0.,1.));
#2931 = ADVANCED_FACE('',(#2932),#2943,.T.);
#2932 = FACE_BOUND('',#2933,.T.);
#2933 = EDGE_LOOP('',(#2934,#2935,#2936,#2942));
#2934 = ORIENTED_EDGE('',*,*,#1361,.F.);
#2935 = ORIENTED_EDGE('',*,*,#1371,.T.);
#2936 = ORIENTED_EDGE('',*,*,#2937,.T.);
#2937 = EDGE_CURVE('',#1372,#1412,#2938,.T.);
#2938 = LINE('',#2939,#2940);
#2939 = CARTESIAN_POINT('',(-1.37,-4.06,0.2));
#2940 = VECTOR('',#2941,1.);
#2941 = DIRECTION('',(1.,-1.110223024625E-16,0.));
#2942 = ORIENTED_EDGE('',*,*,#1419,.T.);
#2943 = PLANE('',#2944);
#2944 = AXIS2_PLACEMENT_3D('',#2945,#2946,#2947);
#2945 = CARTESIAN_POINT('',(-1.37,-4.06,0.2));
#2946 = DIRECTION('',(0.,-0.,-1.));
#2947 = DIRECTION('',(-1.110223024625E-16,-1.,0.));
#2948 = ADVANCED_FACE('',(#2949),#2990,.F.);
#2949 = FACE_BOUND('',#2950,.F.);
#2950 = EDGE_LOOP('',(#2951,#2959,#2960,#2968,#2976,#2984));
#2951 = ORIENTED_EDGE('',*,*,#2952,.T.);
#2952 = EDGE_CURVE('',#2953,#1412,#2955,.T.);
#2953 = VERTEX_POINT('',#2954);
#2954 = CARTESIAN_POINT('',(-1.17,-4.06,-2.1));
#2955 = LINE('',#2956,#2957);
#2956 = CARTESIAN_POINT('',(-1.17,-4.06,-2.1));
#2957 = VECTOR('',#2958,1.);
#2958 = DIRECTION('',(0.,0.,1.));
#2959 = ORIENTED_EDGE('',*,*,#1411,.F.);
#2960 = ORIENTED_EDGE('',*,*,#2961,.T.);
#2961 = EDGE_CURVE('',#1404,#2962,#2964,.T.);
#2962 = VERTEX_POINT('',#2963);
#2963 = CARTESIAN_POINT('',(-1.17,-3.56,-2.1));
#2964 = LINE('',#2965,#2966);
#2965 = CARTESIAN_POINT('',(-1.17,-3.56,0.2));
#2966 = VECTOR('',#2967,1.);
#2967 = DIRECTION('',(0.,0.,-1.));
#2968 = ORIENTED_EDGE('',*,*,#2969,.T.);
#2969 = EDGE_CURVE('',#2962,#2970,#2972,.T.);
#2970 = VERTEX_POINT('',#2971);
#2971 = CARTESIAN_POINT('',(-1.17,-3.685,-2.6));
#2972 = LINE('',#2973,#2974);
#2973 = CARTESIAN_POINT('',(-1.17,-3.56,-2.1));
#2974 = VECTOR('',#2975,1.);
#2975 = DIRECTION('',(-2.692686352073E-17,-0.242535625036,
    -0.970142500145));
#2976 = ORIENTED_EDGE('',*,*,#2977,.T.);
#2977 = EDGE_CURVE('',#2970,#2978,#2980,.T.);
#2978 = VERTEX_POINT('',#2979);
#2979 = CARTESIAN_POINT('',(-1.17,-3.935,-2.6));
#2980 = LINE('',#2981,#2982);
#2981 = CARTESIAN_POINT('',(-1.17,-3.685,-2.6));
#2982 = VECTOR('',#2983,1.);
#2983 = DIRECTION('',(-1.110223024625E-16,-1.,0.));
#2984 = ORIENTED_EDGE('',*,*,#2985,.T.);
#2985 = EDGE_CURVE('',#2978,#2953,#2986,.T.);
#2986 = LINE('',#2987,#2988);
#2987 = CARTESIAN_POINT('',(-1.17,-3.935,-2.6));
#2988 = VECTOR('',#2989,1.);
#2989 = DIRECTION('',(-2.692686352073E-17,-0.242535625036,0.970142500145
    ));
#2990 = PLANE('',#2991);
#2991 = AXIS2_PLACEMENT_3D('',#2992,#2993,#2994);
#2992 = CARTESIAN_POINT('',(-1.17,-3.81,1.92709124047));
#2993 = DIRECTION('',(-1.,1.110223024625E-16,0.));
#2994 = DIRECTION('',(0.,0.,1.));
#2995 = ADVANCED_FACE('',(#2996),#3007,.T.);
#2996 = FACE_BOUND('',#2997,.T.);
#2997 = EDGE_LOOP('',(#2998,#3004,#3005,#3006));
#2998 = ORIENTED_EDGE('',*,*,#2999,.F.);
#2999 = EDGE_CURVE('',#1380,#1404,#3000,.T.);
#3000 = LINE('',#3001,#3002);
#3001 = CARTESIAN_POINT('',(-1.37,-3.56,0.2));
#3002 = VECTOR('',#3003,1.);
#3003 = DIRECTION('',(1.,-1.110223024625E-16,0.));
#3004 = ORIENTED_EDGE('',*,*,#1387,.T.);
#3005 = ORIENTED_EDGE('',*,*,#1395,.T.);
#3006 = ORIENTED_EDGE('',*,*,#1403,.T.);
#3007 = PLANE('',#3008);
#3008 = AXIS2_PLACEMENT_3D('',#3009,#3010,#3011);
#3009 = CARTESIAN_POINT('',(-1.37,-4.06,0.2));
#3010 = DIRECTION('',(0.,-0.,-1.));
#3011 = DIRECTION('',(-1.110223024625E-16,-1.,0.));
#3012 = ADVANCED_FACE('',(#3013),#3054,.T.);
#3013 = FACE_BOUND('',#3014,.T.);
#3014 = EDGE_LOOP('',(#3015,#3023,#3024,#3032,#3040,#3048));
#3015 = ORIENTED_EDGE('',*,*,#3016,.T.);
#3016 = EDGE_CURVE('',#3017,#1372,#3019,.T.);
#3017 = VERTEX_POINT('',#3018);
#3018 = CARTESIAN_POINT('',(-1.37,-4.06,-2.1));
#3019 = LINE('',#3020,#3021);
#3020 = CARTESIAN_POINT('',(-1.37,-4.06,-2.1));
#3021 = VECTOR('',#3022,1.);
#3022 = DIRECTION('',(0.,0.,1.));
#3023 = ORIENTED_EDGE('',*,*,#1379,.F.);
#3024 = ORIENTED_EDGE('',*,*,#3025,.T.);
#3025 = EDGE_CURVE('',#1380,#3026,#3028,.T.);
#3026 = VERTEX_POINT('',#3027);
#3027 = CARTESIAN_POINT('',(-1.37,-3.56,-2.1));
#3028 = LINE('',#3029,#3030);
#3029 = CARTESIAN_POINT('',(-1.37,-3.56,0.2));
#3030 = VECTOR('',#3031,1.);
#3031 = DIRECTION('',(0.,0.,-1.));
#3032 = ORIENTED_EDGE('',*,*,#3033,.T.);
#3033 = EDGE_CURVE('',#3026,#3034,#3036,.T.);
#3034 = VERTEX_POINT('',#3035);
#3035 = CARTESIAN_POINT('',(-1.37,-3.685,-2.6));
#3036 = LINE('',#3037,#3038);
#3037 = CARTESIAN_POINT('',(-1.37,-3.56,-2.1));
#3038 = VECTOR('',#3039,1.);
#3039 = DIRECTION('',(-2.692686352073E-17,-0.242535625036,
    -0.970142500145));
#3040 = ORIENTED_EDGE('',*,*,#3041,.F.);
#3041 = EDGE_CURVE('',#3042,#3034,#3044,.T.);
#3042 = VERTEX_POINT('',#3043);
#3043 = CARTESIAN_POINT('',(-1.37,-3.935,-2.6));
#3044 = LINE('',#3045,#3046);
#3045 = CARTESIAN_POINT('',(-1.37,-3.935,-2.6));
#3046 = VECTOR('',#3047,1.);
#3047 = DIRECTION('',(1.110223024625E-16,1.,0.));
#3048 = ORIENTED_EDGE('',*,*,#3049,.T.);
#3049 = EDGE_CURVE('',#3042,#3017,#3050,.T.);
#3050 = LINE('',#3051,#3052);
#3051 = CARTESIAN_POINT('',(-1.37,-3.935,-2.6));
#3052 = VECTOR('',#3053,1.);
#3053 = DIRECTION('',(-2.692686352073E-17,-0.242535625036,0.970142500145
    ));
#3054 = PLANE('',#3055);
#3055 = AXIS2_PLACEMENT_3D('',#3056,#3057,#3058);
#3056 = CARTESIAN_POINT('',(-1.37,-3.81,1.92709124047));
#3057 = DIRECTION('',(-1.,1.110223024625E-16,0.));
#3058 = DIRECTION('',(0.,0.,1.));
#3059 = ADVANCED_FACE('',(#3060),#3071,.T.);
#3060 = FACE_BOUND('',#3061,.T.);
#3061 = EDGE_LOOP('',(#3062,#3063,#3064,#3070));
#3062 = ORIENTED_EDGE('',*,*,#1427,.F.);
#3063 = ORIENTED_EDGE('',*,*,#1437,.T.);
#3064 = ORIENTED_EDGE('',*,*,#3065,.T.);
#3065 = EDGE_CURVE('',#1438,#1478,#3066,.T.);
#3066 = LINE('',#3067,#3068);
#3067 = CARTESIAN_POINT('',(-1.37,-2.79,0.2));
#3068 = VECTOR('',#3069,1.);
#3069 = DIRECTION('',(1.,-1.110223024625E-16,0.));
#3070 = ORIENTED_EDGE('',*,*,#1485,.T.);
#3071 = PLANE('',#3072);
#3072 = AXIS2_PLACEMENT_3D('',#3073,#3074,#3075);
#3073 = CARTESIAN_POINT('',(-1.37,-2.79,0.2));
#3074 = DIRECTION('',(0.,-0.,-1.));
#3075 = DIRECTION('',(-1.110223024625E-16,-1.,0.));
#3076 = ADVANCED_FACE('',(#3077),#3118,.F.);
#3077 = FACE_BOUND('',#3078,.F.);
#3078 = EDGE_LOOP('',(#3079,#3087,#3088,#3096,#3104,#3112));
#3079 = ORIENTED_EDGE('',*,*,#3080,.T.);
#3080 = EDGE_CURVE('',#3081,#1478,#3083,.T.);
#3081 = VERTEX_POINT('',#3082);
#3082 = CARTESIAN_POINT('',(-1.17,-2.79,-2.1));
#3083 = LINE('',#3084,#3085);
#3084 = CARTESIAN_POINT('',(-1.17,-2.79,-2.1));
#3085 = VECTOR('',#3086,1.);
#3086 = DIRECTION('',(0.,0.,1.));
#3087 = ORIENTED_EDGE('',*,*,#1477,.F.);
#3088 = ORIENTED_EDGE('',*,*,#3089,.T.);
#3089 = EDGE_CURVE('',#1470,#3090,#3092,.T.);
#3090 = VERTEX_POINT('',#3091);
#3091 = CARTESIAN_POINT('',(-1.17,-2.29,-2.1));
#3092 = LINE('',#3093,#3094);
#3093 = CARTESIAN_POINT('',(-1.17,-2.29,0.2));
#3094 = VECTOR('',#3095,1.);
#3095 = DIRECTION('',(0.,0.,-1.));
#3096 = ORIENTED_EDGE('',*,*,#3097,.T.);
#3097 = EDGE_CURVE('',#3090,#3098,#3100,.T.);
#3098 = VERTEX_POINT('',#3099);
#3099 = CARTESIAN_POINT('',(-1.17,-2.415,-2.6));
#3100 = LINE('',#3101,#3102);
#3101 = CARTESIAN_POINT('',(-1.17,-2.29,-2.1));
#3102 = VECTOR('',#3103,1.);
#3103 = DIRECTION('',(-2.692686352073E-17,-0.242535625036,
    -0.970142500145));
#3104 = ORIENTED_EDGE('',*,*,#3105,.T.);
#3105 = EDGE_CURVE('',#3098,#3106,#3108,.T.);
#3106 = VERTEX_POINT('',#3107);
#3107 = CARTESIAN_POINT('',(-1.17,-2.665,-2.6));
#3108 = LINE('',#3109,#3110);
#3109 = CARTESIAN_POINT('',(-1.17,-2.415,-2.6));
#3110 = VECTOR('',#3111,1.);
#3111 = DIRECTION('',(-1.110223024625E-16,-1.,0.));
#3112 = ORIENTED_EDGE('',*,*,#3113,.T.);
#3113 = EDGE_CURVE('',#3106,#3081,#3114,.T.);
#3114 = LINE('',#3115,#3116);
#3115 = CARTESIAN_POINT('',(-1.17,-2.665,-2.6));
#3116 = VECTOR('',#3117,1.);
#3117 = DIRECTION('',(-2.692686352073E-17,-0.242535625036,0.970142500145
    ));
#3118 = PLANE('',#3119);
#3119 = AXIS2_PLACEMENT_3D('',#3120,#3121,#3122);
#3120 = CARTESIAN_POINT('',(-1.17,-2.54,1.92709124047));
#3121 = DIRECTION('',(-1.,1.110223024625E-16,0.));
#3122 = DIRECTION('',(0.,0.,1.));
#3123 = ADVANCED_FACE('',(#3124),#3135,.T.);
#3124 = FACE_BOUND('',#3125,.T.);
#3125 = EDGE_LOOP('',(#3126,#3132,#3133,#3134));
#3126 = ORIENTED_EDGE('',*,*,#3127,.F.);
#3127 = EDGE_CURVE('',#1446,#1470,#3128,.T.);
#3128 = LINE('',#3129,#3130);
#3129 = CARTESIAN_POINT('',(-1.37,-2.29,0.2));
#3130 = VECTOR('',#3131,1.);
#3131 = DIRECTION('',(1.,-1.110223024625E-16,0.));
#3132 = ORIENTED_EDGE('',*,*,#1453,.T.);
#3133 = ORIENTED_EDGE('',*,*,#1461,.T.);
#3134 = ORIENTED_EDGE('',*,*,#1469,.T.);
#3135 = PLANE('',#3136);
#3136 = AXIS2_PLACEMENT_3D('',#3137,#3138,#3139);
#3137 = CARTESIAN_POINT('',(-1.37,-2.79,0.2));
#3138 = DIRECTION('',(0.,-0.,-1.));
#3139 = DIRECTION('',(-1.110223024625E-16,-1.,0.));
#3140 = ADVANCED_FACE('',(#3141),#3182,.T.);
#3141 = FACE_BOUND('',#3142,.T.);
#3142 = EDGE_LOOP('',(#3143,#3151,#3152,#3160,#3168,#3176));
#3143 = ORIENTED_EDGE('',*,*,#3144,.T.);
#3144 = EDGE_CURVE('',#3145,#1438,#3147,.T.);
#3145 = VERTEX_POINT('',#3146);
#3146 = CARTESIAN_POINT('',(-1.37,-2.79,-2.1));
#3147 = LINE('',#3148,#3149);
#3148 = CARTESIAN_POINT('',(-1.37,-2.79,-2.1));
#3149 = VECTOR('',#3150,1.);
#3150 = DIRECTION('',(0.,0.,1.));
#3151 = ORIENTED_EDGE('',*,*,#1445,.F.);
#3152 = ORIENTED_EDGE('',*,*,#3153,.T.);
#3153 = EDGE_CURVE('',#1446,#3154,#3156,.T.);
#3154 = VERTEX_POINT('',#3155);
#3155 = CARTESIAN_POINT('',(-1.37,-2.29,-2.1));
#3156 = LINE('',#3157,#3158);
#3157 = CARTESIAN_POINT('',(-1.37,-2.29,0.2));
#3158 = VECTOR('',#3159,1.);
#3159 = DIRECTION('',(0.,0.,-1.));
#3160 = ORIENTED_EDGE('',*,*,#3161,.T.);
#3161 = EDGE_CURVE('',#3154,#3162,#3164,.T.);
#3162 = VERTEX_POINT('',#3163);
#3163 = CARTESIAN_POINT('',(-1.37,-2.415,-2.6));
#3164 = LINE('',#3165,#3166);
#3165 = CARTESIAN_POINT('',(-1.37,-2.29,-2.1));
#3166 = VECTOR('',#3167,1.);
#3167 = DIRECTION('',(-2.692686352073E-17,-0.242535625036,
    -0.970142500145));
#3168 = ORIENTED_EDGE('',*,*,#3169,.F.);
#3169 = EDGE_CURVE('',#3170,#3162,#3172,.T.);
#3170 = VERTEX_POINT('',#3171);
#3171 = CARTESIAN_POINT('',(-1.37,-2.665,-2.6));
#3172 = LINE('',#3173,#3174);
#3173 = CARTESIAN_POINT('',(-1.37,-2.665,-2.6));
#3174 = VECTOR('',#3175,1.);
#3175 = DIRECTION('',(1.110223024625E-16,1.,0.));
#3176 = ORIENTED_EDGE('',*,*,#3177,.T.);
#3177 = EDGE_CURVE('',#3170,#3145,#3178,.T.);
#3178 = LINE('',#3179,#3180);
#3179 = CARTESIAN_POINT('',(-1.37,-2.665,-2.6));
#3180 = VECTOR('',#3181,1.);
#3181 = DIRECTION('',(-2.692686352073E-17,-0.242535625036,0.970142500145
    ));
#3182 = PLANE('',#3183);
#3183 = AXIS2_PLACEMENT_3D('',#3184,#3185,#3186);
#3184 = CARTESIAN_POINT('',(-1.37,-2.54,1.92709124047));
#3185 = DIRECTION('',(-1.,1.110223024625E-16,0.));
#3186 = DIRECTION('',(0.,0.,1.));
#3187 = ADVANCED_FACE('',(#3188),#3199,.T.);
#3188 = FACE_BOUND('',#3189,.T.);
#3189 = EDGE_LOOP('',(#3190,#3191,#3192,#3198));
#3190 = ORIENTED_EDGE('',*,*,#1493,.F.);
#3191 = ORIENTED_EDGE('',*,*,#1503,.T.);
#3192 = ORIENTED_EDGE('',*,*,#3193,.T.);
#3193 = EDGE_CURVE('',#1504,#1544,#3194,.T.);
#3194 = LINE('',#3195,#3196);
#3195 = CARTESIAN_POINT('',(-1.37,-1.52,0.2));
#3196 = VECTOR('',#3197,1.);
#3197 = DIRECTION('',(1.,-1.110223024625E-16,0.));
#3198 = ORIENTED_EDGE('',*,*,#1551,.T.);
#3199 = PLANE('',#3200);
#3200 = AXIS2_PLACEMENT_3D('',#3201,#3202,#3203);
#3201 = CARTESIAN_POINT('',(-1.37,-1.52,0.2));
#3202 = DIRECTION('',(0.,-0.,-1.));
#3203 = DIRECTION('',(-1.110223024625E-16,-1.,0.));
#3204 = ADVANCED_FACE('',(#3205),#3246,.F.);
#3205 = FACE_BOUND('',#3206,.F.);
#3206 = EDGE_LOOP('',(#3207,#3215,#3216,#3224,#3232,#3240));
#3207 = ORIENTED_EDGE('',*,*,#3208,.T.);
#3208 = EDGE_CURVE('',#3209,#1544,#3211,.T.);
#3209 = VERTEX_POINT('',#3210);
#3210 = CARTESIAN_POINT('',(-1.17,-1.52,-2.1));
#3211 = LINE('',#3212,#3213);
#3212 = CARTESIAN_POINT('',(-1.17,-1.52,-2.1));
#3213 = VECTOR('',#3214,1.);
#3214 = DIRECTION('',(0.,0.,1.));
#3215 = ORIENTED_EDGE('',*,*,#1543,.F.);
#3216 = ORIENTED_EDGE('',*,*,#3217,.T.);
#3217 = EDGE_CURVE('',#1536,#3218,#3220,.T.);
#3218 = VERTEX_POINT('',#3219);
#3219 = CARTESIAN_POINT('',(-1.17,-1.02,-2.1));
#3220 = LINE('',#3221,#3222);
#3221 = CARTESIAN_POINT('',(-1.17,-1.02,0.2));
#3222 = VECTOR('',#3223,1.);
#3223 = DIRECTION('',(0.,0.,-1.));
#3224 = ORIENTED_EDGE('',*,*,#3225,.T.);
#3225 = EDGE_CURVE('',#3218,#3226,#3228,.T.);
#3226 = VERTEX_POINT('',#3227);
#3227 = CARTESIAN_POINT('',(-1.17,-1.145,-2.6));
#3228 = LINE('',#3229,#3230);
#3229 = CARTESIAN_POINT('',(-1.17,-1.02,-2.1));
#3230 = VECTOR('',#3231,1.);
#3231 = DIRECTION('',(-2.692686352073E-17,-0.242535625036,
    -0.970142500145));
#3232 = ORIENTED_EDGE('',*,*,#3233,.T.);
#3233 = EDGE_CURVE('',#3226,#3234,#3236,.T.);
#3234 = VERTEX_POINT('',#3235);
#3235 = CARTESIAN_POINT('',(-1.17,-1.395,-2.6));
#3236 = LINE('',#3237,#3238);
#3237 = CARTESIAN_POINT('',(-1.17,-1.145,-2.6));
#3238 = VECTOR('',#3239,1.);
#3239 = DIRECTION('',(-1.110223024625E-16,-1.,0.));
#3240 = ORIENTED_EDGE('',*,*,#3241,.T.);
#3241 = EDGE_CURVE('',#3234,#3209,#3242,.T.);
#3242 = LINE('',#3243,#3244);
#3243 = CARTESIAN_POINT('',(-1.17,-1.395,-2.6));
#3244 = VECTOR('',#3245,1.);
#3245 = DIRECTION('',(-2.692686352073E-17,-0.242535625036,0.970142500145
    ));
#3246 = PLANE('',#3247);
#3247 = AXIS2_PLACEMENT_3D('',#3248,#3249,#3250);
#3248 = CARTESIAN_POINT('',(-1.17,-1.27,1.92709124047));
#3249 = DIRECTION('',(-1.,1.110223024625E-16,0.));
#3250 = DIRECTION('',(0.,0.,1.));
#3251 = ADVANCED_FACE('',(#3252),#3263,.T.);
#3252 = FACE_BOUND('',#3253,.T.);
#3253 = EDGE_LOOP('',(#3254,#3260,#3261,#3262));
#3254 = ORIENTED_EDGE('',*,*,#3255,.F.);
#3255 = EDGE_CURVE('',#1512,#1536,#3256,.T.);
#3256 = LINE('',#3257,#3258);
#3257 = CARTESIAN_POINT('',(-1.37,-1.02,0.2));
#3258 = VECTOR('',#3259,1.);
#3259 = DIRECTION('',(1.,-1.110223024625E-16,0.));
#3260 = ORIENTED_EDGE('',*,*,#1519,.T.);
#3261 = ORIENTED_EDGE('',*,*,#1527,.T.);
#3262 = ORIENTED_EDGE('',*,*,#1535,.T.);
#3263 = PLANE('',#3264);
#3264 = AXIS2_PLACEMENT_3D('',#3265,#3266,#3267);
#3265 = CARTESIAN_POINT('',(-1.37,-1.52,0.2));
#3266 = DIRECTION('',(0.,-0.,-1.));
#3267 = DIRECTION('',(-1.110223024625E-16,-1.,0.));
#3268 = ADVANCED_FACE('',(#3269),#3310,.T.);
#3269 = FACE_BOUND('',#3270,.T.);
#3270 = EDGE_LOOP('',(#3271,#3279,#3280,#3288,#3296,#3304));
#3271 = ORIENTED_EDGE('',*,*,#3272,.T.);
#3272 = EDGE_CURVE('',#3273,#1504,#3275,.T.);
#3273 = VERTEX_POINT('',#3274);
#3274 = CARTESIAN_POINT('',(-1.37,-1.52,-2.1));
#3275 = LINE('',#3276,#3277);
#3276 = CARTESIAN_POINT('',(-1.37,-1.52,-2.1));
#3277 = VECTOR('',#3278,1.);
#3278 = DIRECTION('',(0.,0.,1.));
#3279 = ORIENTED_EDGE('',*,*,#1511,.F.);
#3280 = ORIENTED_EDGE('',*,*,#3281,.T.);
#3281 = EDGE_CURVE('',#1512,#3282,#3284,.T.);
#3282 = VERTEX_POINT('',#3283);
#3283 = CARTESIAN_POINT('',(-1.37,-1.02,-2.1));
#3284 = LINE('',#3285,#3286);
#3285 = CARTESIAN_POINT('',(-1.37,-1.02,0.2));
#3286 = VECTOR('',#3287,1.);
#3287 = DIRECTION('',(0.,0.,-1.));
#3288 = ORIENTED_EDGE('',*,*,#3289,.T.);
#3289 = EDGE_CURVE('',#3282,#3290,#3292,.T.);
#3290 = VERTEX_POINT('',#3291);
#3291 = CARTESIAN_POINT('',(-1.37,-1.145,-2.6));
#3292 = LINE('',#3293,#3294);
#3293 = CARTESIAN_POINT('',(-1.37,-1.02,-2.1));
#3294 = VECTOR('',#3295,1.);
#3295 = DIRECTION('',(-2.692686352073E-17,-0.242535625036,
    -0.970142500145));
#3296 = ORIENTED_EDGE('',*,*,#3297,.F.);
#3297 = EDGE_CURVE('',#3298,#3290,#3300,.T.);
#3298 = VERTEX_POINT('',#3299);
#3299 = CARTESIAN_POINT('',(-1.37,-1.395,-2.6));
#3300 = LINE('',#3301,#3302);
#3301 = CARTESIAN_POINT('',(-1.37,-1.395,-2.6));
#3302 = VECTOR('',#3303,1.);
#3303 = DIRECTION('',(1.110223024625E-16,1.,0.));
#3304 = ORIENTED_EDGE('',*,*,#3305,.T.);
#3305 = EDGE_CURVE('',#3298,#3273,#3306,.T.);
#3306 = LINE('',#3307,#3308);
#3307 = CARTESIAN_POINT('',(-1.37,-1.395,-2.6));
#3308 = VECTOR('',#3309,1.);
#3309 = DIRECTION('',(-2.692686352073E-17,-0.242535625036,0.970142500145
    ));
#3310 = PLANE('',#3311);
#3311 = AXIS2_PLACEMENT_3D('',#3312,#3313,#3314);
#3312 = CARTESIAN_POINT('',(-1.37,-1.27,1.92709124047));
#3313 = DIRECTION('',(-1.,1.110223024625E-16,0.));
#3314 = DIRECTION('',(0.,0.,1.));
#3315 = ADVANCED_FACE('',(#3316),#3327,.T.);
#3316 = FACE_BOUND('',#3317,.T.);
#3317 = EDGE_LOOP('',(#3318,#3319,#3320,#3326));
#3318 = ORIENTED_EDGE('',*,*,#1559,.F.);
#3319 = ORIENTED_EDGE('',*,*,#1569,.T.);
#3320 = ORIENTED_EDGE('',*,*,#3321,.T.);
#3321 = EDGE_CURVE('',#1570,#1610,#3322,.T.);
#3322 = LINE('',#3323,#3324);
#3323 = CARTESIAN_POINT('',(-1.37,-0.25,0.2));
#3324 = VECTOR('',#3325,1.);
#3325 = DIRECTION('',(1.,-1.110223024625E-16,0.));
#3326 = ORIENTED_EDGE('',*,*,#1617,.T.);
#3327 = PLANE('',#3328);
#3328 = AXIS2_PLACEMENT_3D('',#3329,#3330,#3331);
#3329 = CARTESIAN_POINT('',(-1.37,-0.25,0.2));
#3330 = DIRECTION('',(0.,-0.,-1.));
#3331 = DIRECTION('',(-1.110223024625E-16,-1.,0.));
#3332 = ADVANCED_FACE('',(#3333),#3374,.F.);
#3333 = FACE_BOUND('',#3334,.F.);
#3334 = EDGE_LOOP('',(#3335,#3343,#3344,#3352,#3360,#3368));
#3335 = ORIENTED_EDGE('',*,*,#3336,.T.);
#3336 = EDGE_CURVE('',#3337,#1610,#3339,.T.);
#3337 = VERTEX_POINT('',#3338);
#3338 = CARTESIAN_POINT('',(-1.17,-0.25,-2.1));
#3339 = LINE('',#3340,#3341);
#3340 = CARTESIAN_POINT('',(-1.17,-0.25,-2.1));
#3341 = VECTOR('',#3342,1.);
#3342 = DIRECTION('',(0.,0.,1.));
#3343 = ORIENTED_EDGE('',*,*,#1609,.F.);
#3344 = ORIENTED_EDGE('',*,*,#3345,.T.);
#3345 = EDGE_CURVE('',#1602,#3346,#3348,.T.);
#3346 = VERTEX_POINT('',#3347);
#3347 = CARTESIAN_POINT('',(-1.17,0.25,-2.1));
#3348 = LINE('',#3349,#3350);
#3349 = CARTESIAN_POINT('',(-1.17,0.25,0.2));
#3350 = VECTOR('',#3351,1.);
#3351 = DIRECTION('',(0.,0.,-1.));
#3352 = ORIENTED_EDGE('',*,*,#3353,.T.);
#3353 = EDGE_CURVE('',#3346,#3354,#3356,.T.);
#3354 = VERTEX_POINT('',#3355);
#3355 = CARTESIAN_POINT('',(-1.17,0.125,-2.6));
#3356 = LINE('',#3357,#3358);
#3357 = CARTESIAN_POINT('',(-1.17,0.25,-2.1));
#3358 = VECTOR('',#3359,1.);
#3359 = DIRECTION('',(-2.692686352073E-17,-0.242535625036,
    -0.970142500145));
#3360 = ORIENTED_EDGE('',*,*,#3361,.T.);
#3361 = EDGE_CURVE('',#3354,#3362,#3364,.T.);
#3362 = VERTEX_POINT('',#3363);
#3363 = CARTESIAN_POINT('',(-1.17,-0.125,-2.6));
#3364 = LINE('',#3365,#3366);
#3365 = CARTESIAN_POINT('',(-1.17,0.125,-2.6));
#3366 = VECTOR('',#3367,1.);
#3367 = DIRECTION('',(-1.110223024625E-16,-1.,0.));
#3368 = ORIENTED_EDGE('',*,*,#3369,.T.);
#3369 = EDGE_CURVE('',#3362,#3337,#3370,.T.);
#3370 = LINE('',#3371,#3372);
#3371 = CARTESIAN_POINT('',(-1.17,-0.125,-2.6));
#3372 = VECTOR('',#3373,1.);
#3373 = DIRECTION('',(-2.692686352073E-17,-0.242535625036,0.970142500145
    ));
#3374 = PLANE('',#3375);
#3375 = AXIS2_PLACEMENT_3D('',#3376,#3377,#3378);
#3376 = CARTESIAN_POINT('',(-1.17,1.298960938811E-16,1.92709124047));
#3377 = DIRECTION('',(-1.,1.110223024625E-16,0.));
#3378 = DIRECTION('',(0.,0.,1.));
#3379 = ADVANCED_FACE('',(#3380),#3391,.T.);
#3380 = FACE_BOUND('',#3381,.T.);
#3381 = EDGE_LOOP('',(#3382,#3388,#3389,#3390));
#3382 = ORIENTED_EDGE('',*,*,#3383,.F.);
#3383 = EDGE_CURVE('',#1578,#1602,#3384,.T.);
#3384 = LINE('',#3385,#3386);
#3385 = CARTESIAN_POINT('',(-1.37,0.25,0.2));
#3386 = VECTOR('',#3387,1.);
#3387 = DIRECTION('',(1.,-1.110223024625E-16,0.));
#3388 = ORIENTED_EDGE('',*,*,#1585,.T.);
#3389 = ORIENTED_EDGE('',*,*,#1593,.T.);
#3390 = ORIENTED_EDGE('',*,*,#1601,.T.);
#3391 = PLANE('',#3392);
#3392 = AXIS2_PLACEMENT_3D('',#3393,#3394,#3395);
#3393 = CARTESIAN_POINT('',(-1.37,-0.25,0.2));
#3394 = DIRECTION('',(0.,-0.,-1.));
#3395 = DIRECTION('',(-1.110223024625E-16,-1.,0.));
#3396 = ADVANCED_FACE('',(#3397),#3438,.T.);
#3397 = FACE_BOUND('',#3398,.T.);
#3398 = EDGE_LOOP('',(#3399,#3407,#3408,#3416,#3424,#3432));
#3399 = ORIENTED_EDGE('',*,*,#3400,.T.);
#3400 = EDGE_CURVE('',#3401,#1570,#3403,.T.);
#3401 = VERTEX_POINT('',#3402);
#3402 = CARTESIAN_POINT('',(-1.37,-0.25,-2.1));
#3403 = LINE('',#3404,#3405);
#3404 = CARTESIAN_POINT('',(-1.37,-0.25,-2.1));
#3405 = VECTOR('',#3406,1.);
#3406 = DIRECTION('',(0.,0.,1.));
#3407 = ORIENTED_EDGE('',*,*,#1577,.F.);
#3408 = ORIENTED_EDGE('',*,*,#3409,.T.);
#3409 = EDGE_CURVE('',#1578,#3410,#3412,.T.);
#3410 = VERTEX_POINT('',#3411);
#3411 = CARTESIAN_POINT('',(-1.37,0.25,-2.1));
#3412 = LINE('',#3413,#3414);
#3413 = CARTESIAN_POINT('',(-1.37,0.25,0.2));
#3414 = VECTOR('',#3415,1.);
#3415 = DIRECTION('',(0.,0.,-1.));
#3416 = ORIENTED_EDGE('',*,*,#3417,.T.);
#3417 = EDGE_CURVE('',#3410,#3418,#3420,.T.);
#3418 = VERTEX_POINT('',#3419);
#3419 = CARTESIAN_POINT('',(-1.37,0.125,-2.6));
#3420 = LINE('',#3421,#3422);
#3421 = CARTESIAN_POINT('',(-1.37,0.25,-2.1));
#3422 = VECTOR('',#3423,1.);
#3423 = DIRECTION('',(-2.692686352073E-17,-0.242535625036,
    -0.970142500145));
#3424 = ORIENTED_EDGE('',*,*,#3425,.F.);
#3425 = EDGE_CURVE('',#3426,#3418,#3428,.T.);
#3426 = VERTEX_POINT('',#3427);
#3427 = CARTESIAN_POINT('',(-1.37,-0.125,-2.6));
#3428 = LINE('',#3429,#3430);
#3429 = CARTESIAN_POINT('',(-1.37,-0.125,-2.6));
#3430 = VECTOR('',#3431,1.);
#3431 = DIRECTION('',(1.110223024625E-16,1.,0.));
#3432 = ORIENTED_EDGE('',*,*,#3433,.T.);
#3433 = EDGE_CURVE('',#3426,#3401,#3434,.T.);
#3434 = LINE('',#3435,#3436);
#3435 = CARTESIAN_POINT('',(-1.37,-0.125,-2.6));
#3436 = VECTOR('',#3437,1.);
#3437 = DIRECTION('',(-2.692686352073E-17,-0.242535625036,0.970142500145
    ));
#3438 = PLANE('',#3439);
#3439 = AXIS2_PLACEMENT_3D('',#3440,#3441,#3442);
#3440 = CARTESIAN_POINT('',(-1.37,1.521005543736E-16,1.92709124047));
#3441 = DIRECTION('',(-1.,1.110223024625E-16,0.));
#3442 = DIRECTION('',(0.,0.,1.));
#3443 = ADVANCED_FACE('',(#3444),#3469,.F.);
#3444 = FACE_BOUND('',#3445,.F.);
#3445 = EDGE_LOOP('',(#3446,#3454,#3462,#3468));
#3446 = ORIENTED_EDGE('',*,*,#3447,.T.);
#3447 = EDGE_CURVE('',#1656,#3448,#3450,.T.);
#3448 = VERTEX_POINT('',#3449);
#3449 = CARTESIAN_POINT('',(-0.25,-3.56,0.75));
#3450 = LINE('',#3451,#3452);
#3451 = CARTESIAN_POINT('',(-0.25,-3.56,4.15));
#3452 = VECTOR('',#3453,1.);
#3453 = DIRECTION('',(0.,0.,-1.));
#3454 = ORIENTED_EDGE('',*,*,#3455,.T.);
#3455 = EDGE_CURVE('',#3448,#3456,#3458,.T.);
#3456 = VERTEX_POINT('',#3457);
#3457 = CARTESIAN_POINT('',(-0.25,-4.06,0.75));
#3458 = LINE('',#3459,#3460);
#3459 = CARTESIAN_POINT('',(-0.25,-3.56,0.75));
#3460 = VECTOR('',#3461,1.);
#3461 = DIRECTION('',(-2.334869823773E-16,-1.,0.));
#3462 = ORIENTED_EDGE('',*,*,#3463,.F.);
#3463 = EDGE_CURVE('',#1665,#3456,#3464,.T.);
#3464 = LINE('',#3465,#3466);
#3465 = CARTESIAN_POINT('',(-0.25,-4.06,4.15));
#3466 = VECTOR('',#3467,1.);
#3467 = DIRECTION('',(0.,0.,-1.));
#3468 = ORIENTED_EDGE('',*,*,#1672,.F.);
#3469 = PLANE('',#3470);
#3470 = AXIS2_PLACEMENT_3D('',#3471,#3472,#3473);
#3471 = CARTESIAN_POINT('',(-0.25,-3.56,4.15));
#3472 = DIRECTION('',(-1.,2.334869823773E-16,0.));
#3473 = DIRECTION('',(-2.334869823773E-16,-1.,0.));
#3474 = ADVANCED_FACE('',(#3475),#3525,.F.);
#3475 = FACE_BOUND('',#3476,.F.);
#3476 = EDGE_LOOP('',(#3477,#3478,#3479,#3487,#3495,#3503,#3511,#3519));
#3477 = ORIENTED_EDGE('',*,*,#1696,.F.);
#3478 = ORIENTED_EDGE('',*,*,#3463,.T.);
#3479 = ORIENTED_EDGE('',*,*,#3480,.T.);
#3480 = EDGE_CURVE('',#3456,#3481,#3483,.T.);
#3481 = VERTEX_POINT('',#3482);
#3482 = CARTESIAN_POINT('',(-0.1,-4.06,0.75));
#3483 = LINE('',#3484,#3485);
#3484 = CARTESIAN_POINT('',(-0.25,-4.06,0.75));
#3485 = VECTOR('',#3486,1.);
#3486 = DIRECTION('',(1.,-2.334869823773E-16,0.));
#3487 = ORIENTED_EDGE('',*,*,#3488,.T.);
#3488 = EDGE_CURVE('',#3481,#3489,#3491,.T.);
#3489 = VERTEX_POINT('',#3490);
#3490 = CARTESIAN_POINT('',(-0.1,-4.06,3.5));
#3491 = LINE('',#3492,#3493);
#3492 = CARTESIAN_POINT('',(-0.1,-4.06,3.038545620235));
#3493 = VECTOR('',#3494,1.);
#3494 = DIRECTION('',(0.,0.,1.));
#3495 = ORIENTED_EDGE('',*,*,#3496,.F.);
#3496 = EDGE_CURVE('',#3497,#3489,#3499,.T.);
#3497 = VERTEX_POINT('',#3498);
#3498 = CARTESIAN_POINT('',(0.1,-4.06,3.5));
#3499 = LINE('',#3500,#3501);
#3500 = CARTESIAN_POINT('',(0.1,-4.06,3.5));
#3501 = VECTOR('',#3502,1.);
#3502 = DIRECTION('',(-1.,2.334869823773E-16,0.));
#3503 = ORIENTED_EDGE('',*,*,#3504,.F.);
#3504 = EDGE_CURVE('',#3505,#3497,#3507,.T.);
#3505 = VERTEX_POINT('',#3506);
#3506 = CARTESIAN_POINT('',(0.1,-4.06,0.75));
#3507 = LINE('',#3508,#3509);
#3508 = CARTESIAN_POINT('',(0.1,-4.06,3.038545620235));
#3509 = VECTOR('',#3510,1.);
#3510 = DIRECTION('',(0.,0.,1.));
#3511 = ORIENTED_EDGE('',*,*,#3512,.T.);
#3512 = EDGE_CURVE('',#3505,#3513,#3515,.T.);
#3513 = VERTEX_POINT('',#3514);
#3514 = CARTESIAN_POINT('',(0.25,-4.06,0.75));
#3515 = LINE('',#3516,#3517);
#3516 = CARTESIAN_POINT('',(-0.25,-4.06,0.75));
#3517 = VECTOR('',#3518,1.);
#3518 = DIRECTION('',(1.,-2.334869823773E-16,0.));
#3519 = ORIENTED_EDGE('',*,*,#3520,.F.);
#3520 = EDGE_CURVE('',#1689,#3513,#3521,.T.);
#3521 = LINE('',#3522,#3523);
#3522 = CARTESIAN_POINT('',(0.25,-4.06,4.15));
#3523 = VECTOR('',#3524,1.);
#3524 = DIRECTION('',(0.,0.,-1.));
#3525 = PLANE('',#3526);
#3526 = AXIS2_PLACEMENT_3D('',#3527,#3528,#3529);
#3527 = CARTESIAN_POINT('',(-0.25,-4.06,4.15));
#3528 = DIRECTION('',(-2.334869823773E-16,-1.,0.));
#3529 = DIRECTION('',(1.,-2.334869823773E-16,0.));
#3530 = ADVANCED_FACE('',(#3531),#3549,.F.);
#3531 = FACE_BOUND('',#3532,.F.);
#3532 = EDGE_LOOP('',(#3533,#3534,#3542,#3548));
#3533 = ORIENTED_EDGE('',*,*,#3520,.T.);
#3534 = ORIENTED_EDGE('',*,*,#3535,.T.);
#3535 = EDGE_CURVE('',#3513,#3536,#3538,.T.);
#3536 = VERTEX_POINT('',#3537);
#3537 = CARTESIAN_POINT('',(0.25,-3.56,0.75));
#3538 = LINE('',#3539,#3540);
#3539 = CARTESIAN_POINT('',(0.25,-4.06,0.75));
#3540 = VECTOR('',#3541,1.);
#3541 = DIRECTION('',(2.334869823773E-16,1.,0.));
#3542 = ORIENTED_EDGE('',*,*,#3543,.F.);
#3543 = EDGE_CURVE('',#1713,#3536,#3544,.T.);
#3544 = LINE('',#3545,#3546);
#3545 = CARTESIAN_POINT('',(0.25,-3.56,4.15));
#3546 = VECTOR('',#3547,1.);
#3547 = DIRECTION('',(0.,0.,-1.));
#3548 = ORIENTED_EDGE('',*,*,#1720,.F.);
#3549 = PLANE('',#3550);
#3550 = AXIS2_PLACEMENT_3D('',#3551,#3552,#3553);
#3551 = CARTESIAN_POINT('',(0.25,-4.06,4.15));
#3552 = DIRECTION('',(1.,-2.334869823773E-16,0.));
#3553 = DIRECTION('',(2.334869823773E-16,1.,0.));
#3554 = ADVANCED_FACE('',(#3555),#3598,.F.);
#3555 = FACE_BOUND('',#3556,.F.);
#3556 = EDGE_LOOP('',(#3557,#3558,#3559,#3567,#3575,#3583,#3591,#3597));
#3557 = ORIENTED_EDGE('',*,*,#1737,.F.);
#3558 = ORIENTED_EDGE('',*,*,#3543,.T.);
#3559 = ORIENTED_EDGE('',*,*,#3560,.T.);
#3560 = EDGE_CURVE('',#3536,#3561,#3563,.T.);
#3561 = VERTEX_POINT('',#3562);
#3562 = CARTESIAN_POINT('',(0.1,-3.56,0.75));
#3563 = LINE('',#3564,#3565);
#3564 = CARTESIAN_POINT('',(0.25,-3.56,0.75));
#3565 = VECTOR('',#3566,1.);
#3566 = DIRECTION('',(-1.,2.334869823773E-16,0.));
#3567 = ORIENTED_EDGE('',*,*,#3568,.F.);
#3568 = EDGE_CURVE('',#3569,#3561,#3571,.T.);
#3569 = VERTEX_POINT('',#3570);
#3570 = CARTESIAN_POINT('',(0.1,-3.56,3.5));
#3571 = LINE('',#3572,#3573);
#3572 = CARTESIAN_POINT('',(0.1,-3.56,3.038545620235));
#3573 = VECTOR('',#3574,1.);
#3574 = DIRECTION('',(0.,0.,-1.));
#3575 = ORIENTED_EDGE('',*,*,#3576,.T.);
#3576 = EDGE_CURVE('',#3569,#3577,#3579,.T.);
#3577 = VERTEX_POINT('',#3578);
#3578 = CARTESIAN_POINT('',(-0.1,-3.56,3.5));
#3579 = LINE('',#3580,#3581);
#3580 = CARTESIAN_POINT('',(0.1,-3.56,3.5));
#3581 = VECTOR('',#3582,1.);
#3582 = DIRECTION('',(-1.,2.334869823773E-16,0.));
#3583 = ORIENTED_EDGE('',*,*,#3584,.T.);
#3584 = EDGE_CURVE('',#3577,#3585,#3587,.T.);
#3585 = VERTEX_POINT('',#3586);
#3586 = CARTESIAN_POINT('',(-0.1,-3.56,0.75));
#3587 = LINE('',#3588,#3589);
#3588 = CARTESIAN_POINT('',(-0.1,-3.56,3.038545620235));
#3589 = VECTOR('',#3590,1.);
#3590 = DIRECTION('',(0.,0.,-1.));
#3591 = ORIENTED_EDGE('',*,*,#3592,.T.);
#3592 = EDGE_CURVE('',#3585,#3448,#3593,.T.);
#3593 = LINE('',#3594,#3595);
#3594 = CARTESIAN_POINT('',(0.25,-3.56,0.75));
#3595 = VECTOR('',#3596,1.);
#3596 = DIRECTION('',(-1.,2.334869823773E-16,0.));
#3597 = ORIENTED_EDGE('',*,*,#3447,.F.);
#3598 = PLANE('',#3599);
#3599 = AXIS2_PLACEMENT_3D('',#3600,#3601,#3602);
#3600 = CARTESIAN_POINT('',(0.25,-3.56,4.15));
#3601 = DIRECTION('',(2.334869823773E-16,1.,0.));
#3602 = DIRECTION('',(-1.,2.334869823773E-16,0.));
#3603 = ADVANCED_FACE('',(#3604),#3629,.F.);
#3604 = FACE_BOUND('',#3605,.F.);
#3605 = EDGE_LOOP('',(#3606,#3614,#3622,#3628));
#3606 = ORIENTED_EDGE('',*,*,#3607,.T.);
#3607 = EDGE_CURVE('',#1752,#3608,#3610,.T.);
#3608 = VERTEX_POINT('',#3609);
#3609 = CARTESIAN_POINT('',(-0.25,-2.29,0.75));
#3610 = LINE('',#3611,#3612);
#3611 = CARTESIAN_POINT('',(-0.25,-2.29,4.15));
#3612 = VECTOR('',#3613,1.);
#3613 = DIRECTION('',(0.,0.,-1.));
#3614 = ORIENTED_EDGE('',*,*,#3615,.T.);
#3615 = EDGE_CURVE('',#3608,#3616,#3618,.T.);
#3616 = VERTEX_POINT('',#3617);
#3617 = CARTESIAN_POINT('',(-0.25,-2.79,0.75));
#3618 = LINE('',#3619,#3620);
#3619 = CARTESIAN_POINT('',(-0.25,-2.29,0.75));
#3620 = VECTOR('',#3621,1.);
#3621 = DIRECTION('',(-2.334869823773E-16,-1.,0.));
#3622 = ORIENTED_EDGE('',*,*,#3623,.F.);
#3623 = EDGE_CURVE('',#1761,#3616,#3624,.T.);
#3624 = LINE('',#3625,#3626);
#3625 = CARTESIAN_POINT('',(-0.25,-2.79,4.15));
#3626 = VECTOR('',#3627,1.);
#3627 = DIRECTION('',(0.,0.,-1.));
#3628 = ORIENTED_EDGE('',*,*,#1768,.F.);
#3629 = PLANE('',#3630);
#3630 = AXIS2_PLACEMENT_3D('',#3631,#3632,#3633);
#3631 = CARTESIAN_POINT('',(-0.25,-2.29,4.15));
#3632 = DIRECTION('',(-1.,2.334869823773E-16,0.));
#3633 = DIRECTION('',(-2.334869823773E-16,-1.,0.));
#3634 = ADVANCED_FACE('',(#3635),#3685,.F.);
#3635 = FACE_BOUND('',#3636,.F.);
#3636 = EDGE_LOOP('',(#3637,#3638,#3639,#3647,#3655,#3663,#3671,#3679));
#3637 = ORIENTED_EDGE('',*,*,#1792,.F.);
#3638 = ORIENTED_EDGE('',*,*,#3623,.T.);
#3639 = ORIENTED_EDGE('',*,*,#3640,.T.);
#3640 = EDGE_CURVE('',#3616,#3641,#3643,.T.);
#3641 = VERTEX_POINT('',#3642);
#3642 = CARTESIAN_POINT('',(-0.1,-2.79,0.75));
#3643 = LINE('',#3644,#3645);
#3644 = CARTESIAN_POINT('',(-0.25,-2.79,0.75));
#3645 = VECTOR('',#3646,1.);
#3646 = DIRECTION('',(1.,-2.334869823773E-16,0.));
#3647 = ORIENTED_EDGE('',*,*,#3648,.T.);
#3648 = EDGE_CURVE('',#3641,#3649,#3651,.T.);
#3649 = VERTEX_POINT('',#3650);
#3650 = CARTESIAN_POINT('',(-0.1,-2.79,3.5));
#3651 = LINE('',#3652,#3653);
#3652 = CARTESIAN_POINT('',(-0.1,-2.79,3.038545620235));
#3653 = VECTOR('',#3654,1.);
#3654 = DIRECTION('',(0.,0.,1.));
#3655 = ORIENTED_EDGE('',*,*,#3656,.F.);
#3656 = EDGE_CURVE('',#3657,#3649,#3659,.T.);
#3657 = VERTEX_POINT('',#3658);
#3658 = CARTESIAN_POINT('',(0.1,-2.79,3.5));
#3659 = LINE('',#3660,#3661);
#3660 = CARTESIAN_POINT('',(0.1,-2.79,3.5));
#3661 = VECTOR('',#3662,1.);
#3662 = DIRECTION('',(-1.,2.334869823773E-16,0.));
#3663 = ORIENTED_EDGE('',*,*,#3664,.F.);
#3664 = EDGE_CURVE('',#3665,#3657,#3667,.T.);
#3665 = VERTEX_POINT('',#3666);
#3666 = CARTESIAN_POINT('',(0.1,-2.79,0.75));
#3667 = LINE('',#3668,#3669);
#3668 = CARTESIAN_POINT('',(0.1,-2.79,3.038545620235));
#3669 = VECTOR('',#3670,1.);
#3670 = DIRECTION('',(0.,0.,1.));
#3671 = ORIENTED_EDGE('',*,*,#3672,.T.);
#3672 = EDGE_CURVE('',#3665,#3673,#3675,.T.);
#3673 = VERTEX_POINT('',#3674);
#3674 = CARTESIAN_POINT('',(0.25,-2.79,0.75));
#3675 = LINE('',#3676,#3677);
#3676 = CARTESIAN_POINT('',(-0.25,-2.79,0.75));
#3677 = VECTOR('',#3678,1.);
#3678 = DIRECTION('',(1.,-2.334869823773E-16,0.));
#3679 = ORIENTED_EDGE('',*,*,#3680,.F.);
#3680 = EDGE_CURVE('',#1785,#3673,#3681,.T.);
#3681 = LINE('',#3682,#3683);
#3682 = CARTESIAN_POINT('',(0.25,-2.79,4.15));
#3683 = VECTOR('',#3684,1.);
#3684 = DIRECTION('',(0.,0.,-1.));
#3685 = PLANE('',#3686);
#3686 = AXIS2_PLACEMENT_3D('',#3687,#3688,#3689);
#3687 = CARTESIAN_POINT('',(-0.25,-2.79,4.15));
#3688 = DIRECTION('',(-2.334869823773E-16,-1.,0.));
#3689 = DIRECTION('',(1.,-2.334869823773E-16,0.));
#3690 = ADVANCED_FACE('',(#3691),#3709,.F.);
#3691 = FACE_BOUND('',#3692,.F.);
#3692 = EDGE_LOOP('',(#3693,#3694,#3702,#3708));
#3693 = ORIENTED_EDGE('',*,*,#3680,.T.);
#3694 = ORIENTED_EDGE('',*,*,#3695,.T.);
#3695 = EDGE_CURVE('',#3673,#3696,#3698,.T.);
#3696 = VERTEX_POINT('',#3697);
#3697 = CARTESIAN_POINT('',(0.25,-2.29,0.75));
#3698 = LINE('',#3699,#3700);
#3699 = CARTESIAN_POINT('',(0.25,-2.79,0.75));
#3700 = VECTOR('',#3701,1.);
#3701 = DIRECTION('',(2.334869823773E-16,1.,0.));
#3702 = ORIENTED_EDGE('',*,*,#3703,.F.);
#3703 = EDGE_CURVE('',#1809,#3696,#3704,.T.);
#3704 = LINE('',#3705,#3706);
#3705 = CARTESIAN_POINT('',(0.25,-2.29,4.15));
#3706 = VECTOR('',#3707,1.);
#3707 = DIRECTION('',(0.,0.,-1.));
#3708 = ORIENTED_EDGE('',*,*,#1816,.F.);
#3709 = PLANE('',#3710);
#3710 = AXIS2_PLACEMENT_3D('',#3711,#3712,#3713);
#3711 = CARTESIAN_POINT('',(0.25,-2.79,4.15));
#3712 = DIRECTION('',(1.,-2.334869823773E-16,0.));
#3713 = DIRECTION('',(2.334869823773E-16,1.,0.));
#3714 = ADVANCED_FACE('',(#3715),#3758,.F.);
#3715 = FACE_BOUND('',#3716,.F.);
#3716 = EDGE_LOOP('',(#3717,#3718,#3719,#3727,#3735,#3743,#3751,#3757));
#3717 = ORIENTED_EDGE('',*,*,#1833,.F.);
#3718 = ORIENTED_EDGE('',*,*,#3703,.T.);
#3719 = ORIENTED_EDGE('',*,*,#3720,.T.);
#3720 = EDGE_CURVE('',#3696,#3721,#3723,.T.);
#3721 = VERTEX_POINT('',#3722);
#3722 = CARTESIAN_POINT('',(0.1,-2.29,0.75));
#3723 = LINE('',#3724,#3725);
#3724 = CARTESIAN_POINT('',(0.25,-2.29,0.75));
#3725 = VECTOR('',#3726,1.);
#3726 = DIRECTION('',(-1.,2.334869823773E-16,0.));
#3727 = ORIENTED_EDGE('',*,*,#3728,.F.);
#3728 = EDGE_CURVE('',#3729,#3721,#3731,.T.);
#3729 = VERTEX_POINT('',#3730);
#3730 = CARTESIAN_POINT('',(0.1,-2.29,3.5));
#3731 = LINE('',#3732,#3733);
#3732 = CARTESIAN_POINT('',(0.1,-2.29,3.038545620235));
#3733 = VECTOR('',#3734,1.);
#3734 = DIRECTION('',(0.,0.,-1.));
#3735 = ORIENTED_EDGE('',*,*,#3736,.T.);
#3736 = EDGE_CURVE('',#3729,#3737,#3739,.T.);
#3737 = VERTEX_POINT('',#3738);
#3738 = CARTESIAN_POINT('',(-0.1,-2.29,3.5));
#3739 = LINE('',#3740,#3741);
#3740 = CARTESIAN_POINT('',(0.1,-2.29,3.5));
#3741 = VECTOR('',#3742,1.);
#3742 = DIRECTION('',(-1.,2.334869823773E-16,0.));
#3743 = ORIENTED_EDGE('',*,*,#3744,.T.);
#3744 = EDGE_CURVE('',#3737,#3745,#3747,.T.);
#3745 = VERTEX_POINT('',#3746);
#3746 = CARTESIAN_POINT('',(-0.1,-2.29,0.75));
#3747 = LINE('',#3748,#3749);
#3748 = CARTESIAN_POINT('',(-0.1,-2.29,3.038545620235));
#3749 = VECTOR('',#3750,1.);
#3750 = DIRECTION('',(0.,0.,-1.));
#3751 = ORIENTED_EDGE('',*,*,#3752,.T.);
#3752 = EDGE_CURVE('',#3745,#3608,#3753,.T.);
#3753 = LINE('',#3754,#3755);
#3754 = CARTESIAN_POINT('',(0.25,-2.29,0.75));
#3755 = VECTOR('',#3756,1.);
#3756 = DIRECTION('',(-1.,2.334869823773E-16,0.));
#3757 = ORIENTED_EDGE('',*,*,#3607,.F.);
#3758 = PLANE('',#3759);
#3759 = AXIS2_PLACEMENT_3D('',#3760,#3761,#3762);
#3760 = CARTESIAN_POINT('',(0.25,-2.29,4.15));
#3761 = DIRECTION('',(2.334869823773E-16,1.,0.));
#3762 = DIRECTION('',(-1.,2.334869823773E-16,0.));
#3763 = ADVANCED_FACE('',(#3764),#3789,.F.);
#3764 = FACE_BOUND('',#3765,.F.);
#3765 = EDGE_LOOP('',(#3766,#3774,#3782,#3788));
#3766 = ORIENTED_EDGE('',*,*,#3767,.T.);
#3767 = EDGE_CURVE('',#1848,#3768,#3770,.T.);
#3768 = VERTEX_POINT('',#3769);
#3769 = CARTESIAN_POINT('',(-0.25,-1.02,0.75));
#3770 = LINE('',#3771,#3772);
#3771 = CARTESIAN_POINT('',(-0.25,-1.02,4.15));
#3772 = VECTOR('',#3773,1.);
#3773 = DIRECTION('',(0.,0.,-1.));
#3774 = ORIENTED_EDGE('',*,*,#3775,.T.);
#3775 = EDGE_CURVE('',#3768,#3776,#3778,.T.);
#3776 = VERTEX_POINT('',#3777);
#3777 = CARTESIAN_POINT('',(-0.25,-1.52,0.75));
#3778 = LINE('',#3779,#3780);
#3779 = CARTESIAN_POINT('',(-0.25,-1.02,0.75));
#3780 = VECTOR('',#3781,1.);
#3781 = DIRECTION('',(-2.334869823773E-16,-1.,0.));
#3782 = ORIENTED_EDGE('',*,*,#3783,.F.);
#3783 = EDGE_CURVE('',#1857,#3776,#3784,.T.);
#3784 = LINE('',#3785,#3786);
#3785 = CARTESIAN_POINT('',(-0.25,-1.52,4.15));
#3786 = VECTOR('',#3787,1.);
#3787 = DIRECTION('',(0.,0.,-1.));
#3788 = ORIENTED_EDGE('',*,*,#1864,.F.);
#3789 = PLANE('',#3790);
#3790 = AXIS2_PLACEMENT_3D('',#3791,#3792,#3793);
#3791 = CARTESIAN_POINT('',(-0.25,-1.02,4.15));
#3792 = DIRECTION('',(-1.,2.334869823773E-16,0.));
#3793 = DIRECTION('',(-2.334869823773E-16,-1.,0.));
#3794 = ADVANCED_FACE('',(#3795),#3845,.F.);
#3795 = FACE_BOUND('',#3796,.F.);
#3796 = EDGE_LOOP('',(#3797,#3798,#3799,#3807,#3815,#3823,#3831,#3839));
#3797 = ORIENTED_EDGE('',*,*,#1888,.F.);
#3798 = ORIENTED_EDGE('',*,*,#3783,.T.);
#3799 = ORIENTED_EDGE('',*,*,#3800,.T.);
#3800 = EDGE_CURVE('',#3776,#3801,#3803,.T.);
#3801 = VERTEX_POINT('',#3802);
#3802 = CARTESIAN_POINT('',(-0.1,-1.52,0.75));
#3803 = LINE('',#3804,#3805);
#3804 = CARTESIAN_POINT('',(-0.25,-1.52,0.75));
#3805 = VECTOR('',#3806,1.);
#3806 = DIRECTION('',(1.,-2.334869823773E-16,0.));
#3807 = ORIENTED_EDGE('',*,*,#3808,.T.);
#3808 = EDGE_CURVE('',#3801,#3809,#3811,.T.);
#3809 = VERTEX_POINT('',#3810);
#3810 = CARTESIAN_POINT('',(-0.1,-1.52,3.5));
#3811 = LINE('',#3812,#3813);
#3812 = CARTESIAN_POINT('',(-0.1,-1.52,3.038545620235));
#3813 = VECTOR('',#3814,1.);
#3814 = DIRECTION('',(0.,0.,1.));
#3815 = ORIENTED_EDGE('',*,*,#3816,.F.);
#3816 = EDGE_CURVE('',#3817,#3809,#3819,.T.);
#3817 = VERTEX_POINT('',#3818);
#3818 = CARTESIAN_POINT('',(0.1,-1.52,3.5));
#3819 = LINE('',#3820,#3821);
#3820 = CARTESIAN_POINT('',(0.1,-1.52,3.5));
#3821 = VECTOR('',#3822,1.);
#3822 = DIRECTION('',(-1.,2.334869823773E-16,0.));
#3823 = ORIENTED_EDGE('',*,*,#3824,.F.);
#3824 = EDGE_CURVE('',#3825,#3817,#3827,.T.);
#3825 = VERTEX_POINT('',#3826);
#3826 = CARTESIAN_POINT('',(0.1,-1.52,0.75));
#3827 = LINE('',#3828,#3829);
#3828 = CARTESIAN_POINT('',(0.1,-1.52,3.038545620235));
#3829 = VECTOR('',#3830,1.);
#3830 = DIRECTION('',(0.,0.,1.));
#3831 = ORIENTED_EDGE('',*,*,#3832,.T.);
#3832 = EDGE_CURVE('',#3825,#3833,#3835,.T.);
#3833 = VERTEX_POINT('',#3834);
#3834 = CARTESIAN_POINT('',(0.25,-1.52,0.75));
#3835 = LINE('',#3836,#3837);
#3836 = CARTESIAN_POINT('',(-0.25,-1.52,0.75));
#3837 = VECTOR('',#3838,1.);
#3838 = DIRECTION('',(1.,-2.334869823773E-16,0.));
#3839 = ORIENTED_EDGE('',*,*,#3840,.F.);
#3840 = EDGE_CURVE('',#1881,#3833,#3841,.T.);
#3841 = LINE('',#3842,#3843);
#3842 = CARTESIAN_POINT('',(0.25,-1.52,4.15));
#3843 = VECTOR('',#3844,1.);
#3844 = DIRECTION('',(0.,0.,-1.));
#3845 = PLANE('',#3846);
#3846 = AXIS2_PLACEMENT_3D('',#3847,#3848,#3849);
#3847 = CARTESIAN_POINT('',(-0.25,-1.52,4.15));
#3848 = DIRECTION('',(-2.334869823773E-16,-1.,0.));
#3849 = DIRECTION('',(1.,-2.334869823773E-16,0.));
#3850 = ADVANCED_FACE('',(#3851),#3869,.F.);
#3851 = FACE_BOUND('',#3852,.F.);
#3852 = EDGE_LOOP('',(#3853,#3854,#3862,#3868));
#3853 = ORIENTED_EDGE('',*,*,#3840,.T.);
#3854 = ORIENTED_EDGE('',*,*,#3855,.T.);
#3855 = EDGE_CURVE('',#3833,#3856,#3858,.T.);
#3856 = VERTEX_POINT('',#3857);
#3857 = CARTESIAN_POINT('',(0.25,-1.02,0.75));
#3858 = LINE('',#3859,#3860);
#3859 = CARTESIAN_POINT('',(0.25,-1.52,0.75));
#3860 = VECTOR('',#3861,1.);
#3861 = DIRECTION('',(2.334869823773E-16,1.,0.));
#3862 = ORIENTED_EDGE('',*,*,#3863,.F.);
#3863 = EDGE_CURVE('',#1905,#3856,#3864,.T.);
#3864 = LINE('',#3865,#3866);
#3865 = CARTESIAN_POINT('',(0.25,-1.02,4.15));
#3866 = VECTOR('',#3867,1.);
#3867 = DIRECTION('',(0.,0.,-1.));
#3868 = ORIENTED_EDGE('',*,*,#1912,.F.);
#3869 = PLANE('',#3870);
#3870 = AXIS2_PLACEMENT_3D('',#3871,#3872,#3873);
#3871 = CARTESIAN_POINT('',(0.25,-1.52,4.15));
#3872 = DIRECTION('',(1.,-2.334869823773E-16,0.));
#3873 = DIRECTION('',(2.334869823773E-16,1.,0.));
#3874 = ADVANCED_FACE('',(#3875),#3918,.F.);
#3875 = FACE_BOUND('',#3876,.F.);
#3876 = EDGE_LOOP('',(#3877,#3878,#3879,#3887,#3895,#3903,#3911,#3917));
#3877 = ORIENTED_EDGE('',*,*,#1929,.F.);
#3878 = ORIENTED_EDGE('',*,*,#3863,.T.);
#3879 = ORIENTED_EDGE('',*,*,#3880,.T.);
#3880 = EDGE_CURVE('',#3856,#3881,#3883,.T.);
#3881 = VERTEX_POINT('',#3882);
#3882 = CARTESIAN_POINT('',(0.1,-1.02,0.75));
#3883 = LINE('',#3884,#3885);
#3884 = CARTESIAN_POINT('',(0.25,-1.02,0.75));
#3885 = VECTOR('',#3886,1.);
#3886 = DIRECTION('',(-1.,2.334869823773E-16,0.));
#3887 = ORIENTED_EDGE('',*,*,#3888,.F.);
#3888 = EDGE_CURVE('',#3889,#3881,#3891,.T.);
#3889 = VERTEX_POINT('',#3890);
#3890 = CARTESIAN_POINT('',(0.1,-1.02,3.5));
#3891 = LINE('',#3892,#3893);
#3892 = CARTESIAN_POINT('',(0.1,-1.02,3.038545620235));
#3893 = VECTOR('',#3894,1.);
#3894 = DIRECTION('',(0.,0.,-1.));
#3895 = ORIENTED_EDGE('',*,*,#3896,.T.);
#3896 = EDGE_CURVE('',#3889,#3897,#3899,.T.);
#3897 = VERTEX_POINT('',#3898);
#3898 = CARTESIAN_POINT('',(-0.1,-1.02,3.5));
#3899 = LINE('',#3900,#3901);
#3900 = CARTESIAN_POINT('',(0.1,-1.02,3.5));
#3901 = VECTOR('',#3902,1.);
#3902 = DIRECTION('',(-1.,2.334869823773E-16,0.));
#3903 = ORIENTED_EDGE('',*,*,#3904,.T.);
#3904 = EDGE_CURVE('',#3897,#3905,#3907,.T.);
#3905 = VERTEX_POINT('',#3906);
#3906 = CARTESIAN_POINT('',(-0.1,-1.02,0.75));
#3907 = LINE('',#3908,#3909);
#3908 = CARTESIAN_POINT('',(-0.1,-1.02,3.038545620235));
#3909 = VECTOR('',#3910,1.);
#3910 = DIRECTION('',(0.,0.,-1.));
#3911 = ORIENTED_EDGE('',*,*,#3912,.T.);
#3912 = EDGE_CURVE('',#3905,#3768,#3913,.T.);
#3913 = LINE('',#3914,#3915);
#3914 = CARTESIAN_POINT('',(0.25,-1.02,0.75));
#3915 = VECTOR('',#3916,1.);
#3916 = DIRECTION('',(-1.,2.334869823773E-16,0.));
#3917 = ORIENTED_EDGE('',*,*,#3767,.F.);
#3918 = PLANE('',#3919);
#3919 = AXIS2_PLACEMENT_3D('',#3920,#3921,#3922);
#3920 = CARTESIAN_POINT('',(0.25,-1.02,4.15));
#3921 = DIRECTION('',(2.334869823773E-16,1.,0.));
#3922 = DIRECTION('',(-1.,2.334869823773E-16,0.));
#3923 = ADVANCED_FACE('',(#3924),#3949,.F.);
#3924 = FACE_BOUND('',#3925,.F.);
#3925 = EDGE_LOOP('',(#3926,#3934,#3942,#3948));
#3926 = ORIENTED_EDGE('',*,*,#3927,.T.);
#3927 = EDGE_CURVE('',#1944,#3928,#3930,.T.);
#3928 = VERTEX_POINT('',#3929);
#3929 = CARTESIAN_POINT('',(-0.25,0.25,0.75));
#3930 = LINE('',#3931,#3932);
#3931 = CARTESIAN_POINT('',(-0.25,0.25,4.15));
#3932 = VECTOR('',#3933,1.);
#3933 = DIRECTION('',(0.,0.,-1.));
#3934 = ORIENTED_EDGE('',*,*,#3935,.T.);
#3935 = EDGE_CURVE('',#3928,#3936,#3938,.T.);
#3936 = VERTEX_POINT('',#3937);
#3937 = CARTESIAN_POINT('',(-0.25,-0.25,0.75));
#3938 = LINE('',#3939,#3940);
#3939 = CARTESIAN_POINT('',(-0.25,0.25,0.75));
#3940 = VECTOR('',#3941,1.);
#3941 = DIRECTION('',(-2.334869823773E-16,-1.,0.));
#3942 = ORIENTED_EDGE('',*,*,#3943,.F.);
#3943 = EDGE_CURVE('',#1953,#3936,#3944,.T.);
#3944 = LINE('',#3945,#3946);
#3945 = CARTESIAN_POINT('',(-0.25,-0.25,4.15));
#3946 = VECTOR('',#3947,1.);
#3947 = DIRECTION('',(0.,0.,-1.));
#3948 = ORIENTED_EDGE('',*,*,#1960,.F.);
#3949 = PLANE('',#3950);
#3950 = AXIS2_PLACEMENT_3D('',#3951,#3952,#3953);
#3951 = CARTESIAN_POINT('',(-0.25,0.25,4.15));
#3952 = DIRECTION('',(-1.,2.334869823773E-16,0.));
#3953 = DIRECTION('',(-2.334869823773E-16,-1.,0.));
#3954 = ADVANCED_FACE('',(#3955),#4005,.F.);
#3955 = FACE_BOUND('',#3956,.F.);
#3956 = EDGE_LOOP('',(#3957,#3958,#3959,#3967,#3975,#3983,#3991,#3999));
#3957 = ORIENTED_EDGE('',*,*,#1984,.F.);
#3958 = ORIENTED_EDGE('',*,*,#3943,.T.);
#3959 = ORIENTED_EDGE('',*,*,#3960,.T.);
#3960 = EDGE_CURVE('',#3936,#3961,#3963,.T.);
#3961 = VERTEX_POINT('',#3962);
#3962 = CARTESIAN_POINT('',(-0.1,-0.25,0.75));
#3963 = LINE('',#3964,#3965);
#3964 = CARTESIAN_POINT('',(-0.25,-0.25,0.75));
#3965 = VECTOR('',#3966,1.);
#3966 = DIRECTION('',(1.,-2.334869823773E-16,0.));
#3967 = ORIENTED_EDGE('',*,*,#3968,.T.);
#3968 = EDGE_CURVE('',#3961,#3969,#3971,.T.);
#3969 = VERTEX_POINT('',#3970);
#3970 = CARTESIAN_POINT('',(-0.1,-0.25,3.5));
#3971 = LINE('',#3972,#3973);
#3972 = CARTESIAN_POINT('',(-0.1,-0.25,3.038545620235));
#3973 = VECTOR('',#3974,1.);
#3974 = DIRECTION('',(0.,0.,1.));
#3975 = ORIENTED_EDGE('',*,*,#3976,.F.);
#3976 = EDGE_CURVE('',#3977,#3969,#3979,.T.);
#3977 = VERTEX_POINT('',#3978);
#3978 = CARTESIAN_POINT('',(0.1,-0.25,3.5));
#3979 = LINE('',#3980,#3981);
#3980 = CARTESIAN_POINT('',(0.1,-0.25,3.5));
#3981 = VECTOR('',#3982,1.);
#3982 = DIRECTION('',(-1.,2.334869823773E-16,0.));
#3983 = ORIENTED_EDGE('',*,*,#3984,.F.);
#3984 = EDGE_CURVE('',#3985,#3977,#3987,.T.);
#3985 = VERTEX_POINT('',#3986);
#3986 = CARTESIAN_POINT('',(0.1,-0.25,0.75));
#3987 = LINE('',#3988,#3989);
#3988 = CARTESIAN_POINT('',(0.1,-0.25,3.038545620235));
#3989 = VECTOR('',#3990,1.);
#3990 = DIRECTION('',(0.,0.,1.));
#3991 = ORIENTED_EDGE('',*,*,#3992,.T.);
#3992 = EDGE_CURVE('',#3985,#3993,#3995,.T.);
#3993 = VERTEX_POINT('',#3994);
#3994 = CARTESIAN_POINT('',(0.25,-0.25,0.75));
#3995 = LINE('',#3996,#3997);
#3996 = CARTESIAN_POINT('',(-0.25,-0.25,0.75));
#3997 = VECTOR('',#3998,1.);
#3998 = DIRECTION('',(1.,-2.334869823773E-16,0.));
#3999 = ORIENTED_EDGE('',*,*,#4000,.F.);
#4000 = EDGE_CURVE('',#1977,#3993,#4001,.T.);
#4001 = LINE('',#4002,#4003);
#4002 = CARTESIAN_POINT('',(0.25,-0.25,4.15));
#4003 = VECTOR('',#4004,1.);
#4004 = DIRECTION('',(0.,0.,-1.));
#4005 = PLANE('',#4006);
#4006 = AXIS2_PLACEMENT_3D('',#4007,#4008,#4009);
#4007 = CARTESIAN_POINT('',(-0.25,-0.25,4.15));
#4008 = DIRECTION('',(-2.334869823773E-16,-1.,0.));
#4009 = DIRECTION('',(1.,-2.334869823773E-16,0.));
#4010 = ADVANCED_FACE('',(#4011),#4029,.F.);
#4011 = FACE_BOUND('',#4012,.F.);
#4012 = EDGE_LOOP('',(#4013,#4014,#4022,#4028));
#4013 = ORIENTED_EDGE('',*,*,#4000,.T.);
#4014 = ORIENTED_EDGE('',*,*,#4015,.T.);
#4015 = EDGE_CURVE('',#3993,#4016,#4018,.T.);
#4016 = VERTEX_POINT('',#4017);
#4017 = CARTESIAN_POINT('',(0.25,0.25,0.75));
#4018 = LINE('',#4019,#4020);
#4019 = CARTESIAN_POINT('',(0.25,-0.25,0.75));
#4020 = VECTOR('',#4021,1.);
#4021 = DIRECTION('',(2.334869823773E-16,1.,0.));
#4022 = ORIENTED_EDGE('',*,*,#4023,.F.);
#4023 = EDGE_CURVE('',#2001,#4016,#4024,.T.);
#4024 = LINE('',#4025,#4026);
#4025 = CARTESIAN_POINT('',(0.25,0.25,4.15));
#4026 = VECTOR('',#4027,1.);
#4027 = DIRECTION('',(0.,0.,-1.));
#4028 = ORIENTED_EDGE('',*,*,#2008,.F.);
#4029 = PLANE('',#4030);
#4030 = AXIS2_PLACEMENT_3D('',#4031,#4032,#4033);
#4031 = CARTESIAN_POINT('',(0.25,-0.25,4.15));
#4032 = DIRECTION('',(1.,-2.334869823773E-16,0.));
#4033 = DIRECTION('',(2.334869823773E-16,1.,0.));
#4034 = ADVANCED_FACE('',(#4035),#4078,.F.);
#4035 = FACE_BOUND('',#4036,.F.);
#4036 = EDGE_LOOP('',(#4037,#4038,#4039,#4047,#4055,#4063,#4071,#4077));
#4037 = ORIENTED_EDGE('',*,*,#2025,.F.);
#4038 = ORIENTED_EDGE('',*,*,#4023,.T.);
#4039 = ORIENTED_EDGE('',*,*,#4040,.T.);
#4040 = EDGE_CURVE('',#4016,#4041,#4043,.T.);
#4041 = VERTEX_POINT('',#4042);
#4042 = CARTESIAN_POINT('',(0.1,0.25,0.75));
#4043 = LINE('',#4044,#4045);
#4044 = CARTESIAN_POINT('',(0.25,0.25,0.75));
#4045 = VECTOR('',#4046,1.);
#4046 = DIRECTION('',(-1.,2.334869823773E-16,0.));
#4047 = ORIENTED_EDGE('',*,*,#4048,.F.);
#4048 = EDGE_CURVE('',#4049,#4041,#4051,.T.);
#4049 = VERTEX_POINT('',#4050);
#4050 = CARTESIAN_POINT('',(0.1,0.25,3.5));
#4051 = LINE('',#4052,#4053);
#4052 = CARTESIAN_POINT('',(0.1,0.25,3.038545620235));
#4053 = VECTOR('',#4054,1.);
#4054 = DIRECTION('',(0.,0.,-1.));
#4055 = ORIENTED_EDGE('',*,*,#4056,.T.);
#4056 = EDGE_CURVE('',#4049,#4057,#4059,.T.);
#4057 = VERTEX_POINT('',#4058);
#4058 = CARTESIAN_POINT('',(-0.1,0.25,3.5));
#4059 = LINE('',#4060,#4061);
#4060 = CARTESIAN_POINT('',(0.1,0.25,3.5));
#4061 = VECTOR('',#4062,1.);
#4062 = DIRECTION('',(-1.,2.334869823773E-16,0.));
#4063 = ORIENTED_EDGE('',*,*,#4064,.T.);
#4064 = EDGE_CURVE('',#4057,#4065,#4067,.T.);
#4065 = VERTEX_POINT('',#4066);
#4066 = CARTESIAN_POINT('',(-0.1,0.25,0.75));
#4067 = LINE('',#4068,#4069);
#4068 = CARTESIAN_POINT('',(-0.1,0.25,3.038545620235));
#4069 = VECTOR('',#4070,1.);
#4070 = DIRECTION('',(0.,0.,-1.));
#4071 = ORIENTED_EDGE('',*,*,#4072,.T.);
#4072 = EDGE_CURVE('',#4065,#3928,#4073,.T.);
#4073 = LINE('',#4074,#4075);
#4074 = CARTESIAN_POINT('',(0.25,0.25,0.75));
#4075 = VECTOR('',#4076,1.);
#4076 = DIRECTION('',(-1.,2.334869823773E-16,0.));
#4077 = ORIENTED_EDGE('',*,*,#3927,.F.);
#4078 = PLANE('',#4079);
#4079 = AXIS2_PLACEMENT_3D('',#4080,#4081,#4082);
#4080 = CARTESIAN_POINT('',(0.25,0.25,4.15));
#4081 = DIRECTION('',(2.334869823773E-16,1.,0.));
#4082 = DIRECTION('',(-1.,2.334869823773E-16,0.));
#4083 = ADVANCED_FACE('',(#4084),#4109,.F.);
#4084 = FACE_BOUND('',#4085,.F.);
#4085 = EDGE_LOOP('',(#4086,#4094,#4102,#4108));
#4086 = ORIENTED_EDGE('',*,*,#4087,.T.);
#4087 = EDGE_CURVE('',#2040,#4088,#4090,.T.);
#4088 = VERTEX_POINT('',#4089);
#4089 = CARTESIAN_POINT('',(-1.02,-4.06,0.75));
#4090 = LINE('',#4091,#4092);
#4091 = CARTESIAN_POINT('',(-1.02,-4.06,4.15));
#4092 = VECTOR('',#4093,1.);
#4093 = DIRECTION('',(0.,-0.,-1.));
#4094 = ORIENTED_EDGE('',*,*,#4095,.T.);
#4095 = EDGE_CURVE('',#4088,#4096,#4098,.T.);
#4096 = VERTEX_POINT('',#4097);
#4097 = CARTESIAN_POINT('',(-1.02,-3.56,0.75));
#4098 = LINE('',#4099,#4100);
#4099 = CARTESIAN_POINT('',(-1.02,-4.06,0.75));
#4100 = VECTOR('',#4101,1.);
#4101 = DIRECTION('',(1.110223024625E-16,1.,0.));
#4102 = ORIENTED_EDGE('',*,*,#4103,.F.);
#4103 = EDGE_CURVE('',#2049,#4096,#4104,.T.);
#4104 = LINE('',#4105,#4106);
#4105 = CARTESIAN_POINT('',(-1.02,-3.56,4.15));
#4106 = VECTOR('',#4107,1.);
#4107 = DIRECTION('',(0.,-0.,-1.));
#4108 = ORIENTED_EDGE('',*,*,#2056,.F.);
#4109 = PLANE('',#4110);
#4110 = AXIS2_PLACEMENT_3D('',#4111,#4112,#4113);
#4111 = CARTESIAN_POINT('',(-1.02,-4.06,4.15));
#4112 = DIRECTION('',(1.,-1.110223024625E-16,0.));
#4113 = DIRECTION('',(1.110223024625E-16,1.,0.));
#4114 = ADVANCED_FACE('',(#4115),#4165,.F.);
#4115 = FACE_BOUND('',#4116,.F.);
#4116 = EDGE_LOOP('',(#4117,#4118,#4119,#4127,#4135,#4143,#4151,#4159));
#4117 = ORIENTED_EDGE('',*,*,#2080,.F.);
#4118 = ORIENTED_EDGE('',*,*,#4103,.T.);
#4119 = ORIENTED_EDGE('',*,*,#4120,.T.);
#4120 = EDGE_CURVE('',#4096,#4121,#4123,.T.);
#4121 = VERTEX_POINT('',#4122);
#4122 = CARTESIAN_POINT('',(-1.17,-3.56,0.75));
#4123 = LINE('',#4124,#4125);
#4124 = CARTESIAN_POINT('',(-1.02,-3.56,0.75));
#4125 = VECTOR('',#4126,1.);
#4126 = DIRECTION('',(-1.,1.110223024625E-16,0.));
#4127 = ORIENTED_EDGE('',*,*,#4128,.T.);
#4128 = EDGE_CURVE('',#4121,#4129,#4131,.T.);
#4129 = VERTEX_POINT('',#4130);
#4130 = CARTESIAN_POINT('',(-1.17,-3.56,3.5));
#4131 = LINE('',#4132,#4133);
#4132 = CARTESIAN_POINT('',(-1.17,-3.56,3.038545620235));
#4133 = VECTOR('',#4134,1.);
#4134 = DIRECTION('',(0.,-0.,1.));
#4135 = ORIENTED_EDGE('',*,*,#4136,.F.);
#4136 = EDGE_CURVE('',#4137,#4129,#4139,.T.);
#4137 = VERTEX_POINT('',#4138);
#4138 = CARTESIAN_POINT('',(-1.37,-3.56,3.5));
#4139 = LINE('',#4140,#4141);
#4140 = CARTESIAN_POINT('',(-1.37,-3.56,3.5));
#4141 = VECTOR('',#4142,1.);
#4142 = DIRECTION('',(1.,-1.110223024625E-16,0.));
#4143 = ORIENTED_EDGE('',*,*,#4144,.F.);
#4144 = EDGE_CURVE('',#4145,#4137,#4147,.T.);
#4145 = VERTEX_POINT('',#4146);
#4146 = CARTESIAN_POINT('',(-1.37,-3.56,0.75));
#4147 = LINE('',#4148,#4149);
#4148 = CARTESIAN_POINT('',(-1.37,-3.56,3.038545620235));
#4149 = VECTOR('',#4150,1.);
#4150 = DIRECTION('',(0.,-0.,1.));
#4151 = ORIENTED_EDGE('',*,*,#4152,.T.);
#4152 = EDGE_CURVE('',#4145,#4153,#4155,.T.);
#4153 = VERTEX_POINT('',#4154);
#4154 = CARTESIAN_POINT('',(-1.52,-3.56,0.75));
#4155 = LINE('',#4156,#4157);
#4156 = CARTESIAN_POINT('',(-1.02,-3.56,0.75));
#4157 = VECTOR('',#4158,1.);
#4158 = DIRECTION('',(-1.,1.110223024625E-16,0.));
#4159 = ORIENTED_EDGE('',*,*,#4160,.F.);
#4160 = EDGE_CURVE('',#2073,#4153,#4161,.T.);
#4161 = LINE('',#4162,#4163);
#4162 = CARTESIAN_POINT('',(-1.52,-3.56,4.15));
#4163 = VECTOR('',#4164,1.);
#4164 = DIRECTION('',(0.,-0.,-1.));
#4165 = PLANE('',#4166);
#4166 = AXIS2_PLACEMENT_3D('',#4167,#4168,#4169);
#4167 = CARTESIAN_POINT('',(-1.02,-3.56,4.15));
#4168 = DIRECTION('',(1.110223024625E-16,1.,0.));
#4169 = DIRECTION('',(-1.,1.110223024625E-16,0.));
#4170 = ADVANCED_FACE('',(#4171),#4189,.F.);
#4171 = FACE_BOUND('',#4172,.F.);
#4172 = EDGE_LOOP('',(#4173,#4174,#4182,#4188));
#4173 = ORIENTED_EDGE('',*,*,#4160,.T.);
#4174 = ORIENTED_EDGE('',*,*,#4175,.T.);
#4175 = EDGE_CURVE('',#4153,#4176,#4178,.T.);
#4176 = VERTEX_POINT('',#4177);
#4177 = CARTESIAN_POINT('',(-1.52,-4.06,0.75));
#4178 = LINE('',#4179,#4180);
#4179 = CARTESIAN_POINT('',(-1.52,-3.56,0.75));
#4180 = VECTOR('',#4181,1.);
#4181 = DIRECTION('',(-1.110223024625E-16,-1.,0.));
#4182 = ORIENTED_EDGE('',*,*,#4183,.F.);
#4183 = EDGE_CURVE('',#2097,#4176,#4184,.T.);
#4184 = LINE('',#4185,#4186);
#4185 = CARTESIAN_POINT('',(-1.52,-4.06,4.15));
#4186 = VECTOR('',#4187,1.);
#4187 = DIRECTION('',(0.,-0.,-1.));
#4188 = ORIENTED_EDGE('',*,*,#2104,.F.);
#4189 = PLANE('',#4190);
#4190 = AXIS2_PLACEMENT_3D('',#4191,#4192,#4193);
#4191 = CARTESIAN_POINT('',(-1.52,-3.56,4.15));
#4192 = DIRECTION('',(-1.,1.110223024625E-16,0.));
#4193 = DIRECTION('',(-1.110223024625E-16,-1.,0.));
#4194 = ADVANCED_FACE('',(#4195),#4238,.F.);
#4195 = FACE_BOUND('',#4196,.F.);
#4196 = EDGE_LOOP('',(#4197,#4198,#4199,#4207,#4215,#4223,#4231,#4237));
#4197 = ORIENTED_EDGE('',*,*,#2121,.F.);
#4198 = ORIENTED_EDGE('',*,*,#4183,.T.);
#4199 = ORIENTED_EDGE('',*,*,#4200,.T.);
#4200 = EDGE_CURVE('',#4176,#4201,#4203,.T.);
#4201 = VERTEX_POINT('',#4202);
#4202 = CARTESIAN_POINT('',(-1.37,-4.06,0.75));
#4203 = LINE('',#4204,#4205);
#4204 = CARTESIAN_POINT('',(-1.52,-4.06,0.75));
#4205 = VECTOR('',#4206,1.);
#4206 = DIRECTION('',(1.,-1.110223024625E-16,0.));
#4207 = ORIENTED_EDGE('',*,*,#4208,.F.);
#4208 = EDGE_CURVE('',#4209,#4201,#4211,.T.);
#4209 = VERTEX_POINT('',#4210);
#4210 = CARTESIAN_POINT('',(-1.37,-4.06,3.5));
#4211 = LINE('',#4212,#4213);
#4212 = CARTESIAN_POINT('',(-1.37,-4.06,3.038545620235));
#4213 = VECTOR('',#4214,1.);
#4214 = DIRECTION('',(-0.,0.,-1.));
#4215 = ORIENTED_EDGE('',*,*,#4216,.T.);
#4216 = EDGE_CURVE('',#4209,#4217,#4219,.T.);
#4217 = VERTEX_POINT('',#4218);
#4218 = CARTESIAN_POINT('',(-1.17,-4.06,3.5));
#4219 = LINE('',#4220,#4221);
#4220 = CARTESIAN_POINT('',(-1.37,-4.06,3.5));
#4221 = VECTOR('',#4222,1.);
#4222 = DIRECTION('',(1.,-1.110223024625E-16,0.));
#4223 = ORIENTED_EDGE('',*,*,#4224,.T.);
#4224 = EDGE_CURVE('',#4217,#4225,#4227,.T.);
#4225 = VERTEX_POINT('',#4226);
#4226 = CARTESIAN_POINT('',(-1.17,-4.06,0.75));
#4227 = LINE('',#4228,#4229);
#4228 = CARTESIAN_POINT('',(-1.17,-4.06,3.038545620235));
#4229 = VECTOR('',#4230,1.);
#4230 = DIRECTION('',(-0.,0.,-1.));
#4231 = ORIENTED_EDGE('',*,*,#4232,.T.);
#4232 = EDGE_CURVE('',#4225,#4088,#4233,.T.);
#4233 = LINE('',#4234,#4235);
#4234 = CARTESIAN_POINT('',(-1.52,-4.06,0.75));
#4235 = VECTOR('',#4236,1.);
#4236 = DIRECTION('',(1.,-1.110223024625E-16,0.));
#4237 = ORIENTED_EDGE('',*,*,#4087,.F.);
#4238 = PLANE('',#4239);
#4239 = AXIS2_PLACEMENT_3D('',#4240,#4241,#4242);
#4240 = CARTESIAN_POINT('',(-1.52,-4.06,4.15));
#4241 = DIRECTION('',(-1.110223024625E-16,-1.,0.));
#4242 = DIRECTION('',(1.,-1.110223024625E-16,0.));
#4243 = ADVANCED_FACE('',(#4244),#4269,.F.);
#4244 = FACE_BOUND('',#4245,.F.);
#4245 = EDGE_LOOP('',(#4246,#4254,#4262,#4268));
#4246 = ORIENTED_EDGE('',*,*,#4247,.T.);
#4247 = EDGE_CURVE('',#2136,#4248,#4250,.T.);
#4248 = VERTEX_POINT('',#4249);
#4249 = CARTESIAN_POINT('',(-1.02,-2.79,0.75));
#4250 = LINE('',#4251,#4252);
#4251 = CARTESIAN_POINT('',(-1.02,-2.79,4.15));
#4252 = VECTOR('',#4253,1.);
#4253 = DIRECTION('',(0.,-0.,-1.));
#4254 = ORIENTED_EDGE('',*,*,#4255,.T.);
#4255 = EDGE_CURVE('',#4248,#4256,#4258,.T.);
#4256 = VERTEX_POINT('',#4257);
#4257 = CARTESIAN_POINT('',(-1.02,-2.29,0.75));
#4258 = LINE('',#4259,#4260);
#4259 = CARTESIAN_POINT('',(-1.02,-2.79,0.75));
#4260 = VECTOR('',#4261,1.);
#4261 = DIRECTION('',(1.110223024625E-16,1.,0.));
#4262 = ORIENTED_EDGE('',*,*,#4263,.F.);
#4263 = EDGE_CURVE('',#2145,#4256,#4264,.T.);
#4264 = LINE('',#4265,#4266);
#4265 = CARTESIAN_POINT('',(-1.02,-2.29,4.15));
#4266 = VECTOR('',#4267,1.);
#4267 = DIRECTION('',(0.,-0.,-1.));
#4268 = ORIENTED_EDGE('',*,*,#2152,.F.);
#4269 = PLANE('',#4270);
#4270 = AXIS2_PLACEMENT_3D('',#4271,#4272,#4273);
#4271 = CARTESIAN_POINT('',(-1.02,-2.79,4.15));
#4272 = DIRECTION('',(1.,-1.110223024625E-16,0.));
#4273 = DIRECTION('',(1.110223024625E-16,1.,0.));
#4274 = ADVANCED_FACE('',(#4275),#4325,.F.);
#4275 = FACE_BOUND('',#4276,.F.);
#4276 = EDGE_LOOP('',(#4277,#4278,#4279,#4287,#4295,#4303,#4311,#4319));
#4277 = ORIENTED_EDGE('',*,*,#2176,.F.);
#4278 = ORIENTED_EDGE('',*,*,#4263,.T.);
#4279 = ORIENTED_EDGE('',*,*,#4280,.T.);
#4280 = EDGE_CURVE('',#4256,#4281,#4283,.T.);
#4281 = VERTEX_POINT('',#4282);
#4282 = CARTESIAN_POINT('',(-1.17,-2.29,0.75));
#4283 = LINE('',#4284,#4285);
#4284 = CARTESIAN_POINT('',(-1.02,-2.29,0.75));
#4285 = VECTOR('',#4286,1.);
#4286 = DIRECTION('',(-1.,1.110223024625E-16,0.));
#4287 = ORIENTED_EDGE('',*,*,#4288,.T.);
#4288 = EDGE_CURVE('',#4281,#4289,#4291,.T.);
#4289 = VERTEX_POINT('',#4290);
#4290 = CARTESIAN_POINT('',(-1.17,-2.29,3.5));
#4291 = LINE('',#4292,#4293);
#4292 = CARTESIAN_POINT('',(-1.17,-2.29,3.038545620235));
#4293 = VECTOR('',#4294,1.);
#4294 = DIRECTION('',(0.,-0.,1.));
#4295 = ORIENTED_EDGE('',*,*,#4296,.F.);
#4296 = EDGE_CURVE('',#4297,#4289,#4299,.T.);
#4297 = VERTEX_POINT('',#4298);
#4298 = CARTESIAN_POINT('',(-1.37,-2.29,3.5));
#4299 = LINE('',#4300,#4301);
#4300 = CARTESIAN_POINT('',(-1.37,-2.29,3.5));
#4301 = VECTOR('',#4302,1.);
#4302 = DIRECTION('',(1.,-1.110223024625E-16,0.));
#4303 = ORIENTED_EDGE('',*,*,#4304,.F.);
#4304 = EDGE_CURVE('',#4305,#4297,#4307,.T.);
#4305 = VERTEX_POINT('',#4306);
#4306 = CARTESIAN_POINT('',(-1.37,-2.29,0.75));
#4307 = LINE('',#4308,#4309);
#4308 = CARTESIAN_POINT('',(-1.37,-2.29,3.038545620235));
#4309 = VECTOR('',#4310,1.);
#4310 = DIRECTION('',(0.,-0.,1.));
#4311 = ORIENTED_EDGE('',*,*,#4312,.T.);
#4312 = EDGE_CURVE('',#4305,#4313,#4315,.T.);
#4313 = VERTEX_POINT('',#4314);
#4314 = CARTESIAN_POINT('',(-1.52,-2.29,0.75));
#4315 = LINE('',#4316,#4317);
#4316 = CARTESIAN_POINT('',(-1.02,-2.29,0.75));
#4317 = VECTOR('',#4318,1.);
#4318 = DIRECTION('',(-1.,1.110223024625E-16,0.));
#4319 = ORIENTED_EDGE('',*,*,#4320,.F.);
#4320 = EDGE_CURVE('',#2169,#4313,#4321,.T.);
#4321 = LINE('',#4322,#4323);
#4322 = CARTESIAN_POINT('',(-1.52,-2.29,4.15));
#4323 = VECTOR('',#4324,1.);
#4324 = DIRECTION('',(0.,-0.,-1.));
#4325 = PLANE('',#4326);
#4326 = AXIS2_PLACEMENT_3D('',#4327,#4328,#4329);
#4327 = CARTESIAN_POINT('',(-1.02,-2.29,4.15));
#4328 = DIRECTION('',(1.110223024625E-16,1.,0.));
#4329 = DIRECTION('',(-1.,1.110223024625E-16,0.));
#4330 = ADVANCED_FACE('',(#4331),#4349,.F.);
#4331 = FACE_BOUND('',#4332,.F.);
#4332 = EDGE_LOOP('',(#4333,#4334,#4342,#4348));
#4333 = ORIENTED_EDGE('',*,*,#4320,.T.);
#4334 = ORIENTED_EDGE('',*,*,#4335,.T.);
#4335 = EDGE_CURVE('',#4313,#4336,#4338,.T.);
#4336 = VERTEX_POINT('',#4337);
#4337 = CARTESIAN_POINT('',(-1.52,-2.79,0.75));
#4338 = LINE('',#4339,#4340);
#4339 = CARTESIAN_POINT('',(-1.52,-2.29,0.75));
#4340 = VECTOR('',#4341,1.);
#4341 = DIRECTION('',(-1.110223024625E-16,-1.,0.));
#4342 = ORIENTED_EDGE('',*,*,#4343,.F.);
#4343 = EDGE_CURVE('',#2193,#4336,#4344,.T.);
#4344 = LINE('',#4345,#4346);
#4345 = CARTESIAN_POINT('',(-1.52,-2.79,4.15));
#4346 = VECTOR('',#4347,1.);
#4347 = DIRECTION('',(0.,-0.,-1.));
#4348 = ORIENTED_EDGE('',*,*,#2200,.F.);
#4349 = PLANE('',#4350);
#4350 = AXIS2_PLACEMENT_3D('',#4351,#4352,#4353);
#4351 = CARTESIAN_POINT('',(-1.52,-2.29,4.15));
#4352 = DIRECTION('',(-1.,1.110223024625E-16,0.));
#4353 = DIRECTION('',(-1.110223024625E-16,-1.,0.));
#4354 = ADVANCED_FACE('',(#4355),#4398,.F.);
#4355 = FACE_BOUND('',#4356,.F.);
#4356 = EDGE_LOOP('',(#4357,#4358,#4359,#4367,#4375,#4383,#4391,#4397));
#4357 = ORIENTED_EDGE('',*,*,#2217,.F.);
#4358 = ORIENTED_EDGE('',*,*,#4343,.T.);
#4359 = ORIENTED_EDGE('',*,*,#4360,.T.);
#4360 = EDGE_CURVE('',#4336,#4361,#4363,.T.);
#4361 = VERTEX_POINT('',#4362);
#4362 = CARTESIAN_POINT('',(-1.37,-2.79,0.75));
#4363 = LINE('',#4364,#4365);
#4364 = CARTESIAN_POINT('',(-1.52,-2.79,0.75));
#4365 = VECTOR('',#4366,1.);
#4366 = DIRECTION('',(1.,-1.110223024625E-16,0.));
#4367 = ORIENTED_EDGE('',*,*,#4368,.F.);
#4368 = EDGE_CURVE('',#4369,#4361,#4371,.T.);
#4369 = VERTEX_POINT('',#4370);
#4370 = CARTESIAN_POINT('',(-1.37,-2.79,3.5));
#4371 = LINE('',#4372,#4373);
#4372 = CARTESIAN_POINT('',(-1.37,-2.79,3.038545620235));
#4373 = VECTOR('',#4374,1.);
#4374 = DIRECTION('',(-0.,0.,-1.));
#4375 = ORIENTED_EDGE('',*,*,#4376,.T.);
#4376 = EDGE_CURVE('',#4369,#4377,#4379,.T.);
#4377 = VERTEX_POINT('',#4378);
#4378 = CARTESIAN_POINT('',(-1.17,-2.79,3.5));
#4379 = LINE('',#4380,#4381);
#4380 = CARTESIAN_POINT('',(-1.37,-2.79,3.5));
#4381 = VECTOR('',#4382,1.);
#4382 = DIRECTION('',(1.,-1.110223024625E-16,0.));
#4383 = ORIENTED_EDGE('',*,*,#4384,.T.);
#4384 = EDGE_CURVE('',#4377,#4385,#4387,.T.);
#4385 = VERTEX_POINT('',#4386);
#4386 = CARTESIAN_POINT('',(-1.17,-2.79,0.75));
#4387 = LINE('',#4388,#4389);
#4388 = CARTESIAN_POINT('',(-1.17,-2.79,3.038545620235));
#4389 = VECTOR('',#4390,1.);
#4390 = DIRECTION('',(-0.,0.,-1.));
#4391 = ORIENTED_EDGE('',*,*,#4392,.T.);
#4392 = EDGE_CURVE('',#4385,#4248,#4393,.T.);
#4393 = LINE('',#4394,#4395);
#4394 = CARTESIAN_POINT('',(-1.52,-2.79,0.75));
#4395 = VECTOR('',#4396,1.);
#4396 = DIRECTION('',(1.,-1.110223024625E-16,0.));
#4397 = ORIENTED_EDGE('',*,*,#4247,.F.);
#4398 = PLANE('',#4399);
#4399 = AXIS2_PLACEMENT_3D('',#4400,#4401,#4402);
#4400 = CARTESIAN_POINT('',(-1.52,-2.79,4.15));
#4401 = DIRECTION('',(-1.110223024625E-16,-1.,0.));
#4402 = DIRECTION('',(1.,-1.110223024625E-16,0.));
#4403 = ADVANCED_FACE('',(#4404),#4429,.F.);
#4404 = FACE_BOUND('',#4405,.F.);
#4405 = EDGE_LOOP('',(#4406,#4414,#4422,#4428));
#4406 = ORIENTED_EDGE('',*,*,#4407,.T.);
#4407 = EDGE_CURVE('',#2232,#4408,#4410,.T.);
#4408 = VERTEX_POINT('',#4409);
#4409 = CARTESIAN_POINT('',(-1.02,-1.52,0.75));
#4410 = LINE('',#4411,#4412);
#4411 = CARTESIAN_POINT('',(-1.02,-1.52,4.15));
#4412 = VECTOR('',#4413,1.);
#4413 = DIRECTION('',(0.,-0.,-1.));
#4414 = ORIENTED_EDGE('',*,*,#4415,.T.);
#4415 = EDGE_CURVE('',#4408,#4416,#4418,.T.);
#4416 = VERTEX_POINT('',#4417);
#4417 = CARTESIAN_POINT('',(-1.02,-1.02,0.75));
#4418 = LINE('',#4419,#4420);
#4419 = CARTESIAN_POINT('',(-1.02,-1.52,0.75));
#4420 = VECTOR('',#4421,1.);
#4421 = DIRECTION('',(1.110223024625E-16,1.,0.));
#4422 = ORIENTED_EDGE('',*,*,#4423,.F.);
#4423 = EDGE_CURVE('',#2241,#4416,#4424,.T.);
#4424 = LINE('',#4425,#4426);
#4425 = CARTESIAN_POINT('',(-1.02,-1.02,4.15));
#4426 = VECTOR('',#4427,1.);
#4427 = DIRECTION('',(0.,-0.,-1.));
#4428 = ORIENTED_EDGE('',*,*,#2248,.F.);
#4429 = PLANE('',#4430);
#4430 = AXIS2_PLACEMENT_3D('',#4431,#4432,#4433);
#4431 = CARTESIAN_POINT('',(-1.02,-1.52,4.15));
#4432 = DIRECTION('',(1.,-1.110223024625E-16,0.));
#4433 = DIRECTION('',(1.110223024625E-16,1.,0.));
#4434 = ADVANCED_FACE('',(#4435),#4485,.F.);
#4435 = FACE_BOUND('',#4436,.F.);
#4436 = EDGE_LOOP('',(#4437,#4438,#4439,#4447,#4455,#4463,#4471,#4479));
#4437 = ORIENTED_EDGE('',*,*,#2272,.F.);
#4438 = ORIENTED_EDGE('',*,*,#4423,.T.);
#4439 = ORIENTED_EDGE('',*,*,#4440,.T.);
#4440 = EDGE_CURVE('',#4416,#4441,#4443,.T.);
#4441 = VERTEX_POINT('',#4442);
#4442 = CARTESIAN_POINT('',(-1.17,-1.02,0.75));
#4443 = LINE('',#4444,#4445);
#4444 = CARTESIAN_POINT('',(-1.02,-1.02,0.75));
#4445 = VECTOR('',#4446,1.);
#4446 = DIRECTION('',(-1.,1.110223024625E-16,0.));
#4447 = ORIENTED_EDGE('',*,*,#4448,.T.);
#4448 = EDGE_CURVE('',#4441,#4449,#4451,.T.);
#4449 = VERTEX_POINT('',#4450);
#4450 = CARTESIAN_POINT('',(-1.17,-1.02,3.5));
#4451 = LINE('',#4452,#4453);
#4452 = CARTESIAN_POINT('',(-1.17,-1.02,3.038545620235));
#4453 = VECTOR('',#4454,1.);
#4454 = DIRECTION('',(0.,-0.,1.));
#4455 = ORIENTED_EDGE('',*,*,#4456,.F.);
#4456 = EDGE_CURVE('',#4457,#4449,#4459,.T.);
#4457 = VERTEX_POINT('',#4458);
#4458 = CARTESIAN_POINT('',(-1.37,-1.02,3.5));
#4459 = LINE('',#4460,#4461);
#4460 = CARTESIAN_POINT('',(-1.37,-1.02,3.5));
#4461 = VECTOR('',#4462,1.);
#4462 = DIRECTION('',(1.,-1.110223024625E-16,0.));
#4463 = ORIENTED_EDGE('',*,*,#4464,.F.);
#4464 = EDGE_CURVE('',#4465,#4457,#4467,.T.);
#4465 = VERTEX_POINT('',#4466);
#4466 = CARTESIAN_POINT('',(-1.37,-1.02,0.75));
#4467 = LINE('',#4468,#4469);
#4468 = CARTESIAN_POINT('',(-1.37,-1.02,3.038545620235));
#4469 = VECTOR('',#4470,1.);
#4470 = DIRECTION('',(0.,-0.,1.));
#4471 = ORIENTED_EDGE('',*,*,#4472,.T.);
#4472 = EDGE_CURVE('',#4465,#4473,#4475,.T.);
#4473 = VERTEX_POINT('',#4474);
#4474 = CARTESIAN_POINT('',(-1.52,-1.02,0.75));
#4475 = LINE('',#4476,#4477);
#4476 = CARTESIAN_POINT('',(-1.02,-1.02,0.75));
#4477 = VECTOR('',#4478,1.);
#4478 = DIRECTION('',(-1.,1.110223024625E-16,0.));
#4479 = ORIENTED_EDGE('',*,*,#4480,.F.);
#4480 = EDGE_CURVE('',#2265,#4473,#4481,.T.);
#4481 = LINE('',#4482,#4483);
#4482 = CARTESIAN_POINT('',(-1.52,-1.02,4.15));
#4483 = VECTOR('',#4484,1.);
#4484 = DIRECTION('',(0.,-0.,-1.));
#4485 = PLANE('',#4486);
#4486 = AXIS2_PLACEMENT_3D('',#4487,#4488,#4489);
#4487 = CARTESIAN_POINT('',(-1.02,-1.02,4.15));
#4488 = DIRECTION('',(1.110223024625E-16,1.,0.));
#4489 = DIRECTION('',(-1.,1.110223024625E-16,0.));
#4490 = ADVANCED_FACE('',(#4491),#4509,.F.);
#4491 = FACE_BOUND('',#4492,.F.);
#4492 = EDGE_LOOP('',(#4493,#4494,#4502,#4508));
#4493 = ORIENTED_EDGE('',*,*,#4480,.T.);
#4494 = ORIENTED_EDGE('',*,*,#4495,.T.);
#4495 = EDGE_CURVE('',#4473,#4496,#4498,.T.);
#4496 = VERTEX_POINT('',#4497);
#4497 = CARTESIAN_POINT('',(-1.52,-1.52,0.75));
#4498 = LINE('',#4499,#4500);
#4499 = CARTESIAN_POINT('',(-1.52,-1.02,0.75));
#4500 = VECTOR('',#4501,1.);
#4501 = DIRECTION('',(-1.110223024625E-16,-1.,0.));
#4502 = ORIENTED_EDGE('',*,*,#4503,.F.);
#4503 = EDGE_CURVE('',#2289,#4496,#4504,.T.);
#4504 = LINE('',#4505,#4506);
#4505 = CARTESIAN_POINT('',(-1.52,-1.52,4.15));
#4506 = VECTOR('',#4507,1.);
#4507 = DIRECTION('',(0.,-0.,-1.));
#4508 = ORIENTED_EDGE('',*,*,#2296,.F.);
#4509 = PLANE('',#4510);
#4510 = AXIS2_PLACEMENT_3D('',#4511,#4512,#4513);
#4511 = CARTESIAN_POINT('',(-1.52,-1.02,4.15));
#4512 = DIRECTION('',(-1.,1.110223024625E-16,0.));
#4513 = DIRECTION('',(-1.110223024625E-16,-1.,0.));
#4514 = ADVANCED_FACE('',(#4515),#4558,.F.);
#4515 = FACE_BOUND('',#4516,.F.);
#4516 = EDGE_LOOP('',(#4517,#4518,#4519,#4527,#4535,#4543,#4551,#4557));
#4517 = ORIENTED_EDGE('',*,*,#2313,.F.);
#4518 = ORIENTED_EDGE('',*,*,#4503,.T.);
#4519 = ORIENTED_EDGE('',*,*,#4520,.T.);
#4520 = EDGE_CURVE('',#4496,#4521,#4523,.T.);
#4521 = VERTEX_POINT('',#4522);
#4522 = CARTESIAN_POINT('',(-1.37,-1.52,0.75));
#4523 = LINE('',#4524,#4525);
#4524 = CARTESIAN_POINT('',(-1.52,-1.52,0.75));
#4525 = VECTOR('',#4526,1.);
#4526 = DIRECTION('',(1.,-1.110223024625E-16,0.));
#4527 = ORIENTED_EDGE('',*,*,#4528,.F.);
#4528 = EDGE_CURVE('',#4529,#4521,#4531,.T.);
#4529 = VERTEX_POINT('',#4530);
#4530 = CARTESIAN_POINT('',(-1.37,-1.52,3.5));
#4531 = LINE('',#4532,#4533);
#4532 = CARTESIAN_POINT('',(-1.37,-1.52,3.038545620235));
#4533 = VECTOR('',#4534,1.);
#4534 = DIRECTION('',(-0.,0.,-1.));
#4535 = ORIENTED_EDGE('',*,*,#4536,.T.);
#4536 = EDGE_CURVE('',#4529,#4537,#4539,.T.);
#4537 = VERTEX_POINT('',#4538);
#4538 = CARTESIAN_POINT('',(-1.17,-1.52,3.5));
#4539 = LINE('',#4540,#4541);
#4540 = CARTESIAN_POINT('',(-1.37,-1.52,3.5));
#4541 = VECTOR('',#4542,1.);
#4542 = DIRECTION('',(1.,-1.110223024625E-16,0.));
#4543 = ORIENTED_EDGE('',*,*,#4544,.T.);
#4544 = EDGE_CURVE('',#4537,#4545,#4547,.T.);
#4545 = VERTEX_POINT('',#4546);
#4546 = CARTESIAN_POINT('',(-1.17,-1.52,0.75));
#4547 = LINE('',#4548,#4549);
#4548 = CARTESIAN_POINT('',(-1.17,-1.52,3.038545620235));
#4549 = VECTOR('',#4550,1.);
#4550 = DIRECTION('',(-0.,0.,-1.));
#4551 = ORIENTED_EDGE('',*,*,#4552,.T.);
#4552 = EDGE_CURVE('',#4545,#4408,#4553,.T.);
#4553 = LINE('',#4554,#4555);
#4554 = CARTESIAN_POINT('',(-1.52,-1.52,0.75));
#4555 = VECTOR('',#4556,1.);
#4556 = DIRECTION('',(1.,-1.110223024625E-16,0.));
#4557 = ORIENTED_EDGE('',*,*,#4407,.F.);
#4558 = PLANE('',#4559);
#4559 = AXIS2_PLACEMENT_3D('',#4560,#4561,#4562);
#4560 = CARTESIAN_POINT('',(-1.52,-1.52,4.15));
#4561 = DIRECTION('',(-1.110223024625E-16,-1.,0.));
#4562 = DIRECTION('',(1.,-1.110223024625E-16,0.));
#4563 = ADVANCED_FACE('',(#4564),#4589,.F.);
#4564 = FACE_BOUND('',#4565,.F.);
#4565 = EDGE_LOOP('',(#4566,#4574,#4582,#4588));
#4566 = ORIENTED_EDGE('',*,*,#4567,.T.);
#4567 = EDGE_CURVE('',#2328,#4568,#4570,.T.);
#4568 = VERTEX_POINT('',#4569);
#4569 = CARTESIAN_POINT('',(-1.02,-0.25,0.75));
#4570 = LINE('',#4571,#4572);
#4571 = CARTESIAN_POINT('',(-1.02,-0.25,4.15));
#4572 = VECTOR('',#4573,1.);
#4573 = DIRECTION('',(0.,-0.,-1.));
#4574 = ORIENTED_EDGE('',*,*,#4575,.T.);
#4575 = EDGE_CURVE('',#4568,#4576,#4578,.T.);
#4576 = VERTEX_POINT('',#4577);
#4577 = CARTESIAN_POINT('',(-1.02,0.25,0.75));
#4578 = LINE('',#4579,#4580);
#4579 = CARTESIAN_POINT('',(-1.02,-0.25,0.75));
#4580 = VECTOR('',#4581,1.);
#4581 = DIRECTION('',(1.110223024625E-16,1.,0.));
#4582 = ORIENTED_EDGE('',*,*,#4583,.F.);
#4583 = EDGE_CURVE('',#2337,#4576,#4584,.T.);
#4584 = LINE('',#4585,#4586);
#4585 = CARTESIAN_POINT('',(-1.02,0.25,4.15));
#4586 = VECTOR('',#4587,1.);
#4587 = DIRECTION('',(0.,-0.,-1.));
#4588 = ORIENTED_EDGE('',*,*,#2344,.F.);
#4589 = PLANE('',#4590);
#4590 = AXIS2_PLACEMENT_3D('',#4591,#4592,#4593);
#4591 = CARTESIAN_POINT('',(-1.02,-0.25,4.15));
#4592 = DIRECTION('',(1.,-1.110223024625E-16,0.));
#4593 = DIRECTION('',(1.110223024625E-16,1.,0.));
#4594 = ADVANCED_FACE('',(#4595),#4645,.F.);
#4595 = FACE_BOUND('',#4596,.F.);
#4596 = EDGE_LOOP('',(#4597,#4598,#4599,#4607,#4615,#4623,#4631,#4639));
#4597 = ORIENTED_EDGE('',*,*,#2368,.F.);
#4598 = ORIENTED_EDGE('',*,*,#4583,.T.);
#4599 = ORIENTED_EDGE('',*,*,#4600,.T.);
#4600 = EDGE_CURVE('',#4576,#4601,#4603,.T.);
#4601 = VERTEX_POINT('',#4602);
#4602 = CARTESIAN_POINT('',(-1.17,0.25,0.75));
#4603 = LINE('',#4604,#4605);
#4604 = CARTESIAN_POINT('',(-1.02,0.25,0.75));
#4605 = VECTOR('',#4606,1.);
#4606 = DIRECTION('',(-1.,1.110223024625E-16,0.));
#4607 = ORIENTED_EDGE('',*,*,#4608,.T.);
#4608 = EDGE_CURVE('',#4601,#4609,#4611,.T.);
#4609 = VERTEX_POINT('',#4610);
#4610 = CARTESIAN_POINT('',(-1.17,0.25,3.5));
#4611 = LINE('',#4612,#4613);
#4612 = CARTESIAN_POINT('',(-1.17,0.25,3.038545620235));
#4613 = VECTOR('',#4614,1.);
#4614 = DIRECTION('',(0.,-0.,1.));
#4615 = ORIENTED_EDGE('',*,*,#4616,.F.);
#4616 = EDGE_CURVE('',#4617,#4609,#4619,.T.);
#4617 = VERTEX_POINT('',#4618);
#4618 = CARTESIAN_POINT('',(-1.37,0.25,3.5));
#4619 = LINE('',#4620,#4621);
#4620 = CARTESIAN_POINT('',(-1.37,0.25,3.5));
#4621 = VECTOR('',#4622,1.);
#4622 = DIRECTION('',(1.,-1.110223024625E-16,0.));
#4623 = ORIENTED_EDGE('',*,*,#4624,.F.);
#4624 = EDGE_CURVE('',#4625,#4617,#4627,.T.);
#4625 = VERTEX_POINT('',#4626);
#4626 = CARTESIAN_POINT('',(-1.37,0.25,0.75));
#4627 = LINE('',#4628,#4629);
#4628 = CARTESIAN_POINT('',(-1.37,0.25,3.038545620235));
#4629 = VECTOR('',#4630,1.);
#4630 = DIRECTION('',(0.,-0.,1.));
#4631 = ORIENTED_EDGE('',*,*,#4632,.T.);
#4632 = EDGE_CURVE('',#4625,#4633,#4635,.T.);
#4633 = VERTEX_POINT('',#4634);
#4634 = CARTESIAN_POINT('',(-1.52,0.25,0.75));
#4635 = LINE('',#4636,#4637);
#4636 = CARTESIAN_POINT('',(-1.02,0.25,0.75));
#4637 = VECTOR('',#4638,1.);
#4638 = DIRECTION('',(-1.,1.110223024625E-16,0.));
#4639 = ORIENTED_EDGE('',*,*,#4640,.F.);
#4640 = EDGE_CURVE('',#2361,#4633,#4641,.T.);
#4641 = LINE('',#4642,#4643);
#4642 = CARTESIAN_POINT('',(-1.52,0.25,4.15));
#4643 = VECTOR('',#4644,1.);
#4644 = DIRECTION('',(0.,-0.,-1.));
#4645 = PLANE('',#4646);
#4646 = AXIS2_PLACEMENT_3D('',#4647,#4648,#4649);
#4647 = CARTESIAN_POINT('',(-1.02,0.25,4.15));
#4648 = DIRECTION('',(1.110223024625E-16,1.,0.));
#4649 = DIRECTION('',(-1.,1.110223024625E-16,0.));
#4650 = ADVANCED_FACE('',(#4651),#4669,.F.);
#4651 = FACE_BOUND('',#4652,.F.);
#4652 = EDGE_LOOP('',(#4653,#4654,#4662,#4668));
#4653 = ORIENTED_EDGE('',*,*,#4640,.T.);
#4654 = ORIENTED_EDGE('',*,*,#4655,.T.);
#4655 = EDGE_CURVE('',#4633,#4656,#4658,.T.);
#4656 = VERTEX_POINT('',#4657);
#4657 = CARTESIAN_POINT('',(-1.52,-0.25,0.75));
#4658 = LINE('',#4659,#4660);
#4659 = CARTESIAN_POINT('',(-1.52,0.25,0.75));
#4660 = VECTOR('',#4661,1.);
#4661 = DIRECTION('',(-1.110223024625E-16,-1.,0.));
#4662 = ORIENTED_EDGE('',*,*,#4663,.F.);
#4663 = EDGE_CURVE('',#2385,#4656,#4664,.T.);
#4664 = LINE('',#4665,#4666);
#4665 = CARTESIAN_POINT('',(-1.52,-0.25,4.15));
#4666 = VECTOR('',#4667,1.);
#4667 = DIRECTION('',(0.,-0.,-1.));
#4668 = ORIENTED_EDGE('',*,*,#2392,.F.);
#4669 = PLANE('',#4670);
#4670 = AXIS2_PLACEMENT_3D('',#4671,#4672,#4673);
#4671 = CARTESIAN_POINT('',(-1.52,0.25,4.15));
#4672 = DIRECTION('',(-1.,1.110223024625E-16,0.));
#4673 = DIRECTION('',(-1.110223024625E-16,-1.,0.));
#4674 = ADVANCED_FACE('',(#4675),#4718,.F.);
#4675 = FACE_BOUND('',#4676,.F.);
#4676 = EDGE_LOOP('',(#4677,#4678,#4679,#4687,#4695,#4703,#4711,#4717));
#4677 = ORIENTED_EDGE('',*,*,#2409,.F.);
#4678 = ORIENTED_EDGE('',*,*,#4663,.T.);
#4679 = ORIENTED_EDGE('',*,*,#4680,.T.);
#4680 = EDGE_CURVE('',#4656,#4681,#4683,.T.);
#4681 = VERTEX_POINT('',#4682);
#4682 = CARTESIAN_POINT('',(-1.37,-0.25,0.75));
#4683 = LINE('',#4684,#4685);
#4684 = CARTESIAN_POINT('',(-1.52,-0.25,0.75));
#4685 = VECTOR('',#4686,1.);
#4686 = DIRECTION('',(1.,-1.110223024625E-16,0.));
#4687 = ORIENTED_EDGE('',*,*,#4688,.F.);
#4688 = EDGE_CURVE('',#4689,#4681,#4691,.T.);
#4689 = VERTEX_POINT('',#4690);
#4690 = CARTESIAN_POINT('',(-1.37,-0.25,3.5));
#4691 = LINE('',#4692,#4693);
#4692 = CARTESIAN_POINT('',(-1.37,-0.25,3.038545620235));
#4693 = VECTOR('',#4694,1.);
#4694 = DIRECTION('',(-0.,0.,-1.));
#4695 = ORIENTED_EDGE('',*,*,#4696,.T.);
#4696 = EDGE_CURVE('',#4689,#4697,#4699,.T.);
#4697 = VERTEX_POINT('',#4698);
#4698 = CARTESIAN_POINT('',(-1.17,-0.25,3.5));
#4699 = LINE('',#4700,#4701);
#4700 = CARTESIAN_POINT('',(-1.37,-0.25,3.5));
#4701 = VECTOR('',#4702,1.);
#4702 = DIRECTION('',(1.,-1.110223024625E-16,0.));
#4703 = ORIENTED_EDGE('',*,*,#4704,.T.);
#4704 = EDGE_CURVE('',#4697,#4705,#4707,.T.);
#4705 = VERTEX_POINT('',#4706);
#4706 = CARTESIAN_POINT('',(-1.17,-0.25,0.75));
#4707 = LINE('',#4708,#4709);
#4708 = CARTESIAN_POINT('',(-1.17,-0.25,3.038545620235));
#4709 = VECTOR('',#4710,1.);
#4710 = DIRECTION('',(-0.,0.,-1.));
#4711 = ORIENTED_EDGE('',*,*,#4712,.T.);
#4712 = EDGE_CURVE('',#4705,#4568,#4713,.T.);
#4713 = LINE('',#4714,#4715);
#4714 = CARTESIAN_POINT('',(-1.52,-0.25,0.75));
#4715 = VECTOR('',#4716,1.);
#4716 = DIRECTION('',(1.,-1.110223024625E-16,0.));
#4717 = ORIENTED_EDGE('',*,*,#4567,.F.);
#4718 = PLANE('',#4719);
#4719 = AXIS2_PLACEMENT_3D('',#4720,#4721,#4722);
#4720 = CARTESIAN_POINT('',(-1.52,-0.25,4.15));
#4721 = DIRECTION('',(-1.110223024625E-16,-1.,0.));
#4722 = DIRECTION('',(1.,-1.110223024625E-16,0.));
#4723 = ADVANCED_FACE('',(#4724),#4735,.T.);
#4724 = FACE_BOUND('',#4725,.T.);
#4725 = EDGE_LOOP('',(#4726,#4732,#4733,#4734));
#4726 = ORIENTED_EDGE('',*,*,#4727,.T.);
#4727 = EDGE_CURVE('',#2505,#2441,#4728,.T.);
#4728 = LINE('',#4729,#4730);
#4729 = CARTESIAN_POINT('',(0.1,-3.56,-2.1));
#4730 = VECTOR('',#4731,1.);
#4731 = DIRECTION('',(-1.,2.334869823773E-16,0.));
#4732 = ORIENTED_EDGE('',*,*,#2440,.T.);
#4733 = ORIENTED_EDGE('',*,*,#2425,.F.);
#4734 = ORIENTED_EDGE('',*,*,#2504,.F.);
#4735 = PLANE('',#4736);
#4736 = AXIS2_PLACEMENT_3D('',#4737,#4738,#4739);
#4737 = CARTESIAN_POINT('',(0.1,-3.56,-2.1));
#4738 = DIRECTION('',(2.334869823773E-16,1.,0.));
#4739 = DIRECTION('',(0.,-0.,1.));
#4740 = ADVANCED_FACE('',(#4741),#4752,.T.);
#4741 = FACE_BOUND('',#4742,.T.);
#4742 = EDGE_LOOP('',(#4743,#4749,#4750,#4751));
#4743 = ORIENTED_EDGE('',*,*,#4744,.T.);
#4744 = EDGE_CURVE('',#2530,#2466,#4745,.T.);
#4745 = LINE('',#4746,#4747);
#4746 = CARTESIAN_POINT('',(0.1,-3.685,-2.6));
#4747 = VECTOR('',#4748,1.);
#4748 = DIRECTION('',(-1.,2.334869823773E-16,0.));
#4749 = ORIENTED_EDGE('',*,*,#2473,.T.);
#4750 = ORIENTED_EDGE('',*,*,#4727,.F.);
#4751 = ORIENTED_EDGE('',*,*,#2537,.F.);
#4752 = PLANE('',#4753);
#4753 = AXIS2_PLACEMENT_3D('',#4754,#4755,#4756);
#4754 = CARTESIAN_POINT('',(0.1,-3.685,-2.6));
#4755 = DIRECTION('',(2.26515644835E-16,0.970142500145,-0.242535625036)
  );
#4756 = DIRECTION('',(5.662891120873E-17,0.242535625036,0.970142500145)
  );
#4757 = ADVANCED_FACE('',(#4758),#4769,.T.);
#4758 = FACE_BOUND('',#4759,.T.);
#4759 = EDGE_LOOP('',(#4760,#4766,#4767,#4768));
#4760 = ORIENTED_EDGE('',*,*,#4761,.T.);
#4761 = EDGE_CURVE('',#2522,#2458,#4762,.T.);
#4762 = LINE('',#4763,#4764);
#4763 = CARTESIAN_POINT('',(0.1,-3.935,-2.6));
#4764 = VECTOR('',#4765,1.);
#4765 = DIRECTION('',(-1.,2.334869823773E-16,0.));
#4766 = ORIENTED_EDGE('',*,*,#2465,.T.);
#4767 = ORIENTED_EDGE('',*,*,#4744,.F.);
#4768 = ORIENTED_EDGE('',*,*,#2529,.T.);
#4769 = PLANE('',#4770);
#4770 = AXIS2_PLACEMENT_3D('',#4771,#4772,#4773);
#4771 = CARTESIAN_POINT('',(0.1,-3.935,-2.6));
#4772 = DIRECTION('',(0.,0.,-1.));
#4773 = DIRECTION('',(2.334869823773E-16,1.,0.));
#4774 = ADVANCED_FACE('',(#4775),#4786,.T.);
#4775 = FACE_BOUND('',#4776,.T.);
#4776 = EDGE_LOOP('',(#4777,#4783,#4784,#4785));
#4777 = ORIENTED_EDGE('',*,*,#4778,.T.);
#4778 = EDGE_CURVE('',#2514,#2450,#4779,.T.);
#4779 = LINE('',#4780,#4781);
#4780 = CARTESIAN_POINT('',(0.1,-4.06,-2.1));
#4781 = VECTOR('',#4782,1.);
#4782 = DIRECTION('',(-1.,2.334869823773E-16,0.));
#4783 = ORIENTED_EDGE('',*,*,#2457,.T.);
#4784 = ORIENTED_EDGE('',*,*,#4761,.F.);
#4785 = ORIENTED_EDGE('',*,*,#2521,.F.);
#4786 = PLANE('',#4787);
#4787 = AXIS2_PLACEMENT_3D('',#4788,#4789,#4790);
#4788 = CARTESIAN_POINT('',(0.1,-4.06,-2.1));
#4789 = DIRECTION('',(-2.26515644835E-16,-0.970142500145,-0.242535625036
    ));
#4790 = DIRECTION('',(5.662891120873E-17,0.242535625036,-0.970142500145)
  );
#4791 = ADVANCED_FACE('',(#4792),#4798,.T.);
#4792 = FACE_BOUND('',#4793,.T.);
#4793 = EDGE_LOOP('',(#4794,#4795,#4796,#4797));
#4794 = ORIENTED_EDGE('',*,*,#2487,.T.);
#4795 = ORIENTED_EDGE('',*,*,#2449,.T.);
#4796 = ORIENTED_EDGE('',*,*,#4778,.F.);
#4797 = ORIENTED_EDGE('',*,*,#2513,.F.);
#4798 = PLANE('',#4799);
#4799 = AXIS2_PLACEMENT_3D('',#4800,#4801,#4802);
#4800 = CARTESIAN_POINT('',(0.1,-4.06,0.2));
#4801 = DIRECTION('',(-2.334869823773E-16,-1.,0.));
#4802 = DIRECTION('',(-0.,0.,-1.));
#4803 = ADVANCED_FACE('',(#4804),#4815,.T.);
#4804 = FACE_BOUND('',#4805,.T.);
#4805 = EDGE_LOOP('',(#4806,#4812,#4813,#4814));
#4806 = ORIENTED_EDGE('',*,*,#4807,.T.);
#4807 = EDGE_CURVE('',#2633,#2569,#4808,.T.);
#4808 = LINE('',#4809,#4810);
#4809 = CARTESIAN_POINT('',(0.1,-2.29,-2.1));
#4810 = VECTOR('',#4811,1.);
#4811 = DIRECTION('',(-1.,2.334869823773E-16,0.));
#4812 = ORIENTED_EDGE('',*,*,#2568,.T.);
#4813 = ORIENTED_EDGE('',*,*,#2553,.F.);
#4814 = ORIENTED_EDGE('',*,*,#2632,.F.);
#4815 = PLANE('',#4816);
#4816 = AXIS2_PLACEMENT_3D('',#4817,#4818,#4819);
#4817 = CARTESIAN_POINT('',(0.1,-2.29,-2.1));
#4818 = DIRECTION('',(2.334869823773E-16,1.,0.));
#4819 = DIRECTION('',(0.,-0.,1.));
#4820 = ADVANCED_FACE('',(#4821),#4832,.T.);
#4821 = FACE_BOUND('',#4822,.T.);
#4822 = EDGE_LOOP('',(#4823,#4829,#4830,#4831));
#4823 = ORIENTED_EDGE('',*,*,#4824,.T.);
#4824 = EDGE_CURVE('',#2658,#2594,#4825,.T.);
#4825 = LINE('',#4826,#4827);
#4826 = CARTESIAN_POINT('',(0.1,-2.415,-2.6));
#4827 = VECTOR('',#4828,1.);
#4828 = DIRECTION('',(-1.,2.334869823773E-16,0.));
#4829 = ORIENTED_EDGE('',*,*,#2601,.T.);
#4830 = ORIENTED_EDGE('',*,*,#4807,.F.);
#4831 = ORIENTED_EDGE('',*,*,#2665,.F.);
#4832 = PLANE('',#4833);
#4833 = AXIS2_PLACEMENT_3D('',#4834,#4835,#4836);
#4834 = CARTESIAN_POINT('',(0.1,-2.415,-2.6));
#4835 = DIRECTION('',(2.26515644835E-16,0.970142500145,-0.242535625036)
  );
#4836 = DIRECTION('',(5.662891120873E-17,0.242535625036,0.970142500145)
  );
#4837 = ADVANCED_FACE('',(#4838),#4849,.T.);
#4838 = FACE_BOUND('',#4839,.T.);
#4839 = EDGE_LOOP('',(#4840,#4846,#4847,#4848));
#4840 = ORIENTED_EDGE('',*,*,#4841,.T.);
#4841 = EDGE_CURVE('',#2650,#2586,#4842,.T.);
#4842 = LINE('',#4843,#4844);
#4843 = CARTESIAN_POINT('',(0.1,-2.665,-2.6));
#4844 = VECTOR('',#4845,1.);
#4845 = DIRECTION('',(-1.,2.334869823773E-16,0.));
#4846 = ORIENTED_EDGE('',*,*,#2593,.T.);
#4847 = ORIENTED_EDGE('',*,*,#4824,.F.);
#4848 = ORIENTED_EDGE('',*,*,#2657,.T.);
#4849 = PLANE('',#4850);
#4850 = AXIS2_PLACEMENT_3D('',#4851,#4852,#4853);
#4851 = CARTESIAN_POINT('',(0.1,-2.665,-2.6));
#4852 = DIRECTION('',(0.,0.,-1.));
#4853 = DIRECTION('',(2.334869823773E-16,1.,0.));
#4854 = ADVANCED_FACE('',(#4855),#4866,.T.);
#4855 = FACE_BOUND('',#4856,.T.);
#4856 = EDGE_LOOP('',(#4857,#4863,#4864,#4865));
#4857 = ORIENTED_EDGE('',*,*,#4858,.T.);
#4858 = EDGE_CURVE('',#2642,#2578,#4859,.T.);
#4859 = LINE('',#4860,#4861);
#4860 = CARTESIAN_POINT('',(0.1,-2.79,-2.1));
#4861 = VECTOR('',#4862,1.);
#4862 = DIRECTION('',(-1.,2.334869823773E-16,0.));
#4863 = ORIENTED_EDGE('',*,*,#2585,.T.);
#4864 = ORIENTED_EDGE('',*,*,#4841,.F.);
#4865 = ORIENTED_EDGE('',*,*,#2649,.F.);
#4866 = PLANE('',#4867);
#4867 = AXIS2_PLACEMENT_3D('',#4868,#4869,#4870);
#4868 = CARTESIAN_POINT('',(0.1,-2.79,-2.1));
#4869 = DIRECTION('',(-2.26515644835E-16,-0.970142500145,-0.242535625036
    ));
#4870 = DIRECTION('',(5.662891120873E-17,0.242535625036,-0.970142500145)
  );
#4871 = ADVANCED_FACE('',(#4872),#4878,.T.);
#4872 = FACE_BOUND('',#4873,.T.);
#4873 = EDGE_LOOP('',(#4874,#4875,#4876,#4877));
#4874 = ORIENTED_EDGE('',*,*,#2615,.T.);
#4875 = ORIENTED_EDGE('',*,*,#2577,.T.);
#4876 = ORIENTED_EDGE('',*,*,#4858,.F.);
#4877 = ORIENTED_EDGE('',*,*,#2641,.F.);
#4878 = PLANE('',#4879);
#4879 = AXIS2_PLACEMENT_3D('',#4880,#4881,#4882);
#4880 = CARTESIAN_POINT('',(0.1,-2.79,0.2));
#4881 = DIRECTION('',(-2.334869823773E-16,-1.,0.));
#4882 = DIRECTION('',(-0.,0.,-1.));
#4883 = ADVANCED_FACE('',(#4884),#4895,.T.);
#4884 = FACE_BOUND('',#4885,.T.);
#4885 = EDGE_LOOP('',(#4886,#4892,#4893,#4894));
#4886 = ORIENTED_EDGE('',*,*,#4887,.T.);
#4887 = EDGE_CURVE('',#2761,#2697,#4888,.T.);
#4888 = LINE('',#4889,#4890);
#4889 = CARTESIAN_POINT('',(0.1,-1.02,-2.1));
#4890 = VECTOR('',#4891,1.);
#4891 = DIRECTION('',(-1.,2.334869823773E-16,0.));
#4892 = ORIENTED_EDGE('',*,*,#2696,.T.);
#4893 = ORIENTED_EDGE('',*,*,#2681,.F.);
#4894 = ORIENTED_EDGE('',*,*,#2760,.F.);
#4895 = PLANE('',#4896);
#4896 = AXIS2_PLACEMENT_3D('',#4897,#4898,#4899);
#4897 = CARTESIAN_POINT('',(0.1,-1.02,-2.1));
#4898 = DIRECTION('',(2.334869823773E-16,1.,0.));
#4899 = DIRECTION('',(0.,-0.,1.));
#4900 = ADVANCED_FACE('',(#4901),#4912,.T.);
#4901 = FACE_BOUND('',#4902,.T.);
#4902 = EDGE_LOOP('',(#4903,#4909,#4910,#4911));
#4903 = ORIENTED_EDGE('',*,*,#4904,.T.);
#4904 = EDGE_CURVE('',#2786,#2722,#4905,.T.);
#4905 = LINE('',#4906,#4907);
#4906 = CARTESIAN_POINT('',(0.1,-1.145,-2.6));
#4907 = VECTOR('',#4908,1.);
#4908 = DIRECTION('',(-1.,2.334869823773E-16,0.));
#4909 = ORIENTED_EDGE('',*,*,#2729,.T.);
#4910 = ORIENTED_EDGE('',*,*,#4887,.F.);
#4911 = ORIENTED_EDGE('',*,*,#2793,.F.);
#4912 = PLANE('',#4913);
#4913 = AXIS2_PLACEMENT_3D('',#4914,#4915,#4916);
#4914 = CARTESIAN_POINT('',(0.1,-1.145,-2.6));
#4915 = DIRECTION('',(2.26515644835E-16,0.970142500145,-0.242535625036)
  );
#4916 = DIRECTION('',(5.662891120873E-17,0.242535625036,0.970142500145)
  );
#4917 = ADVANCED_FACE('',(#4918),#4929,.T.);
#4918 = FACE_BOUND('',#4919,.T.);
#4919 = EDGE_LOOP('',(#4920,#4926,#4927,#4928));
#4920 = ORIENTED_EDGE('',*,*,#4921,.T.);
#4921 = EDGE_CURVE('',#2778,#2714,#4922,.T.);
#4922 = LINE('',#4923,#4924);
#4923 = CARTESIAN_POINT('',(0.1,-1.395,-2.6));
#4924 = VECTOR('',#4925,1.);
#4925 = DIRECTION('',(-1.,2.334869823773E-16,0.));
#4926 = ORIENTED_EDGE('',*,*,#2721,.T.);
#4927 = ORIENTED_EDGE('',*,*,#4904,.F.);
#4928 = ORIENTED_EDGE('',*,*,#2785,.T.);
#4929 = PLANE('',#4930);
#4930 = AXIS2_PLACEMENT_3D('',#4931,#4932,#4933);
#4931 = CARTESIAN_POINT('',(0.1,-1.395,-2.6));
#4932 = DIRECTION('',(0.,0.,-1.));
#4933 = DIRECTION('',(2.334869823773E-16,1.,0.));
#4934 = ADVANCED_FACE('',(#4935),#4946,.T.);
#4935 = FACE_BOUND('',#4936,.T.);
#4936 = EDGE_LOOP('',(#4937,#4943,#4944,#4945));
#4937 = ORIENTED_EDGE('',*,*,#4938,.T.);
#4938 = EDGE_CURVE('',#2770,#2706,#4939,.T.);
#4939 = LINE('',#4940,#4941);
#4940 = CARTESIAN_POINT('',(0.1,-1.52,-2.1));
#4941 = VECTOR('',#4942,1.);
#4942 = DIRECTION('',(-1.,2.334869823773E-16,0.));
#4943 = ORIENTED_EDGE('',*,*,#2713,.T.);
#4944 = ORIENTED_EDGE('',*,*,#4921,.F.);
#4945 = ORIENTED_EDGE('',*,*,#2777,.F.);
#4946 = PLANE('',#4947);
#4947 = AXIS2_PLACEMENT_3D('',#4948,#4949,#4950);
#4948 = CARTESIAN_POINT('',(0.1,-1.52,-2.1));
#4949 = DIRECTION('',(-2.26515644835E-16,-0.970142500145,-0.242535625036
    ));
#4950 = DIRECTION('',(5.662891120873E-17,0.242535625036,-0.970142500145)
  );
#4951 = ADVANCED_FACE('',(#4952),#4958,.T.);
#4952 = FACE_BOUND('',#4953,.T.);
#4953 = EDGE_LOOP('',(#4954,#4955,#4956,#4957));
#4954 = ORIENTED_EDGE('',*,*,#2743,.T.);
#4955 = ORIENTED_EDGE('',*,*,#2705,.T.);
#4956 = ORIENTED_EDGE('',*,*,#4938,.F.);
#4957 = ORIENTED_EDGE('',*,*,#2769,.F.);
#4958 = PLANE('',#4959);
#4959 = AXIS2_PLACEMENT_3D('',#4960,#4961,#4962);
#4960 = CARTESIAN_POINT('',(0.1,-1.52,0.2));
#4961 = DIRECTION('',(-2.334869823773E-16,-1.,0.));
#4962 = DIRECTION('',(-0.,0.,-1.));
#4963 = ADVANCED_FACE('',(#4964),#4975,.T.);
#4964 = FACE_BOUND('',#4965,.T.);
#4965 = EDGE_LOOP('',(#4966,#4972,#4973,#4974));
#4966 = ORIENTED_EDGE('',*,*,#4967,.T.);
#4967 = EDGE_CURVE('',#2889,#2825,#4968,.T.);
#4968 = LINE('',#4969,#4970);
#4969 = CARTESIAN_POINT('',(0.1,0.25,-2.1));
#4970 = VECTOR('',#4971,1.);
#4971 = DIRECTION('',(-1.,2.334869823773E-16,0.));
#4972 = ORIENTED_EDGE('',*,*,#2824,.T.);
#4973 = ORIENTED_EDGE('',*,*,#2809,.F.);
#4974 = ORIENTED_EDGE('',*,*,#2888,.F.);
#4975 = PLANE('',#4976);
#4976 = AXIS2_PLACEMENT_3D('',#4977,#4978,#4979);
#4977 = CARTESIAN_POINT('',(0.1,0.25,-2.1));
#4978 = DIRECTION('',(2.334869823773E-16,1.,0.));
#4979 = DIRECTION('',(0.,-0.,1.));
#4980 = ADVANCED_FACE('',(#4981),#4992,.T.);
#4981 = FACE_BOUND('',#4982,.T.);
#4982 = EDGE_LOOP('',(#4983,#4989,#4990,#4991));
#4983 = ORIENTED_EDGE('',*,*,#4984,.T.);
#4984 = EDGE_CURVE('',#2914,#2850,#4985,.T.);
#4985 = LINE('',#4986,#4987);
#4986 = CARTESIAN_POINT('',(0.1,0.125,-2.6));
#4987 = VECTOR('',#4988,1.);
#4988 = DIRECTION('',(-1.,2.334869823773E-16,0.));
#4989 = ORIENTED_EDGE('',*,*,#2857,.T.);
#4990 = ORIENTED_EDGE('',*,*,#4967,.F.);
#4991 = ORIENTED_EDGE('',*,*,#2921,.F.);
#4992 = PLANE('',#4993);
#4993 = AXIS2_PLACEMENT_3D('',#4994,#4995,#4996);
#4994 = CARTESIAN_POINT('',(0.1,0.125,-2.6));
#4995 = DIRECTION('',(2.26515644835E-16,0.970142500145,-0.242535625036)
  );
#4996 = DIRECTION('',(5.662891120873E-17,0.242535625036,0.970142500145)
  );
#4997 = ADVANCED_FACE('',(#4998),#5009,.T.);
#4998 = FACE_BOUND('',#4999,.T.);
#4999 = EDGE_LOOP('',(#5000,#5006,#5007,#5008));
#5000 = ORIENTED_EDGE('',*,*,#5001,.T.);
#5001 = EDGE_CURVE('',#2906,#2842,#5002,.T.);
#5002 = LINE('',#5003,#5004);
#5003 = CARTESIAN_POINT('',(0.1,-0.125,-2.6));
#5004 = VECTOR('',#5005,1.);
#5005 = DIRECTION('',(-1.,2.334869823773E-16,0.));
#5006 = ORIENTED_EDGE('',*,*,#2849,.T.);
#5007 = ORIENTED_EDGE('',*,*,#4984,.F.);
#5008 = ORIENTED_EDGE('',*,*,#2913,.T.);
#5009 = PLANE('',#5010);
#5010 = AXIS2_PLACEMENT_3D('',#5011,#5012,#5013);
#5011 = CARTESIAN_POINT('',(0.1,-0.125,-2.6));
#5012 = DIRECTION('',(0.,0.,-1.));
#5013 = DIRECTION('',(2.334869823773E-16,1.,0.));
#5014 = ADVANCED_FACE('',(#5015),#5026,.T.);
#5015 = FACE_BOUND('',#5016,.T.);
#5016 = EDGE_LOOP('',(#5017,#5023,#5024,#5025));
#5017 = ORIENTED_EDGE('',*,*,#5018,.T.);
#5018 = EDGE_CURVE('',#2898,#2834,#5019,.T.);
#5019 = LINE('',#5020,#5021);
#5020 = CARTESIAN_POINT('',(0.1,-0.25,-2.1));
#5021 = VECTOR('',#5022,1.);
#5022 = DIRECTION('',(-1.,2.334869823773E-16,0.));
#5023 = ORIENTED_EDGE('',*,*,#2841,.T.);
#5024 = ORIENTED_EDGE('',*,*,#5001,.F.);
#5025 = ORIENTED_EDGE('',*,*,#2905,.F.);
#5026 = PLANE('',#5027);
#5027 = AXIS2_PLACEMENT_3D('',#5028,#5029,#5030);
#5028 = CARTESIAN_POINT('',(0.1,-0.25,-2.1));
#5029 = DIRECTION('',(-2.26515644835E-16,-0.970142500145,-0.242535625036
    ));
#5030 = DIRECTION('',(5.662891120873E-17,0.242535625036,-0.970142500145)
  );
#5031 = ADVANCED_FACE('',(#5032),#5038,.T.);
#5032 = FACE_BOUND('',#5033,.T.);
#5033 = EDGE_LOOP('',(#5034,#5035,#5036,#5037));
#5034 = ORIENTED_EDGE('',*,*,#2871,.T.);
#5035 = ORIENTED_EDGE('',*,*,#2833,.T.);
#5036 = ORIENTED_EDGE('',*,*,#5018,.F.);
#5037 = ORIENTED_EDGE('',*,*,#2897,.F.);
#5038 = PLANE('',#5039);
#5039 = AXIS2_PLACEMENT_3D('',#5040,#5041,#5042);
#5040 = CARTESIAN_POINT('',(0.1,-0.25,0.2));
#5041 = DIRECTION('',(-2.334869823773E-16,-1.,0.));
#5042 = DIRECTION('',(-0.,0.,-1.));
#5043 = ADVANCED_FACE('',(#5044),#5055,.T.);
#5044 = FACE_BOUND('',#5045,.T.);
#5045 = EDGE_LOOP('',(#5046,#5052,#5053,#5054));
#5046 = ORIENTED_EDGE('',*,*,#5047,.T.);
#5047 = EDGE_CURVE('',#3017,#2953,#5048,.T.);
#5048 = LINE('',#5049,#5050);
#5049 = CARTESIAN_POINT('',(-1.37,-4.06,-2.1));
#5050 = VECTOR('',#5051,1.);
#5051 = DIRECTION('',(1.,-1.110223024625E-16,0.));
#5052 = ORIENTED_EDGE('',*,*,#2952,.T.);
#5053 = ORIENTED_EDGE('',*,*,#2937,.F.);
#5054 = ORIENTED_EDGE('',*,*,#3016,.F.);
#5055 = PLANE('',#5056);
#5056 = AXIS2_PLACEMENT_3D('',#5057,#5058,#5059);
#5057 = CARTESIAN_POINT('',(-1.37,-4.06,-2.1));
#5058 = DIRECTION('',(-1.110223024625E-16,-1.,0.));
#5059 = DIRECTION('',(0.,0.,1.));
#5060 = ADVANCED_FACE('',(#5061),#5072,.T.);
#5061 = FACE_BOUND('',#5062,.T.);
#5062 = EDGE_LOOP('',(#5063,#5069,#5070,#5071));
#5063 = ORIENTED_EDGE('',*,*,#5064,.T.);
#5064 = EDGE_CURVE('',#3042,#2978,#5065,.T.);
#5065 = LINE('',#5066,#5067);
#5066 = CARTESIAN_POINT('',(-1.37,-3.935,-2.6));
#5067 = VECTOR('',#5068,1.);
#5068 = DIRECTION('',(1.,-1.110223024625E-16,0.));
#5069 = ORIENTED_EDGE('',*,*,#2985,.T.);
#5070 = ORIENTED_EDGE('',*,*,#5047,.F.);
#5071 = ORIENTED_EDGE('',*,*,#3049,.F.);
#5072 = PLANE('',#5073);
#5073 = AXIS2_PLACEMENT_3D('',#5074,#5075,#5076);
#5074 = CARTESIAN_POINT('',(-1.37,-3.935,-2.6));
#5075 = DIRECTION('',(-1.077074540829E-16,-0.970142500145,
    -0.242535625036));
#5076 = DIRECTION('',(-2.692686352073E-17,-0.242535625036,0.970142500145
    ));
#5077 = ADVANCED_FACE('',(#5078),#5089,.T.);
#5078 = FACE_BOUND('',#5079,.T.);
#5079 = EDGE_LOOP('',(#5080,#5086,#5087,#5088));
#5080 = ORIENTED_EDGE('',*,*,#5081,.T.);
#5081 = EDGE_CURVE('',#3034,#2970,#5082,.T.);
#5082 = LINE('',#5083,#5084);
#5083 = CARTESIAN_POINT('',(-1.37,-3.685,-2.6));
#5084 = VECTOR('',#5085,1.);
#5085 = DIRECTION('',(1.,-1.110223024625E-16,0.));
#5086 = ORIENTED_EDGE('',*,*,#2977,.T.);
#5087 = ORIENTED_EDGE('',*,*,#5064,.F.);
#5088 = ORIENTED_EDGE('',*,*,#3041,.T.);
#5089 = PLANE('',#5090);
#5090 = AXIS2_PLACEMENT_3D('',#5091,#5092,#5093);
#5091 = CARTESIAN_POINT('',(-1.37,-3.685,-2.6));
#5092 = DIRECTION('',(0.,-0.,-1.));
#5093 = DIRECTION('',(-1.110223024625E-16,-1.,0.));
#5094 = ADVANCED_FACE('',(#5095),#5106,.T.);
#5095 = FACE_BOUND('',#5096,.T.);
#5096 = EDGE_LOOP('',(#5097,#5103,#5104,#5105));
#5097 = ORIENTED_EDGE('',*,*,#5098,.T.);
#5098 = EDGE_CURVE('',#3026,#2962,#5099,.T.);
#5099 = LINE('',#5100,#5101);
#5100 = CARTESIAN_POINT('',(-1.37,-3.56,-2.1));
#5101 = VECTOR('',#5102,1.);
#5102 = DIRECTION('',(1.,-1.110223024625E-16,0.));
#5103 = ORIENTED_EDGE('',*,*,#2969,.T.);
#5104 = ORIENTED_EDGE('',*,*,#5081,.F.);
#5105 = ORIENTED_EDGE('',*,*,#3033,.F.);
#5106 = PLANE('',#5107);
#5107 = AXIS2_PLACEMENT_3D('',#5108,#5109,#5110);
#5108 = CARTESIAN_POINT('',(-1.37,-3.56,-2.1));
#5109 = DIRECTION('',(1.077074540829E-16,0.970142500145,-0.242535625036)
  );
#5110 = DIRECTION('',(-2.692686352073E-17,-0.242535625036,
    -0.970142500145));
#5111 = ADVANCED_FACE('',(#5112),#5118,.T.);
#5112 = FACE_BOUND('',#5113,.T.);
#5113 = EDGE_LOOP('',(#5114,#5115,#5116,#5117));
#5114 = ORIENTED_EDGE('',*,*,#2999,.T.);
#5115 = ORIENTED_EDGE('',*,*,#2961,.T.);
#5116 = ORIENTED_EDGE('',*,*,#5098,.F.);
#5117 = ORIENTED_EDGE('',*,*,#3025,.F.);
#5118 = PLANE('',#5119);
#5119 = AXIS2_PLACEMENT_3D('',#5120,#5121,#5122);
#5120 = CARTESIAN_POINT('',(-1.37,-3.56,0.2));
#5121 = DIRECTION('',(1.110223024625E-16,1.,0.));
#5122 = DIRECTION('',(0.,0.,-1.));
#5123 = ADVANCED_FACE('',(#5124),#5135,.T.);
#5124 = FACE_BOUND('',#5125,.T.);
#5125 = EDGE_LOOP('',(#5126,#5132,#5133,#5134));
#5126 = ORIENTED_EDGE('',*,*,#5127,.T.);
#5127 = EDGE_CURVE('',#3145,#3081,#5128,.T.);
#5128 = LINE('',#5129,#5130);
#5129 = CARTESIAN_POINT('',(-1.37,-2.79,-2.1));
#5130 = VECTOR('',#5131,1.);
#5131 = DIRECTION('',(1.,-1.110223024625E-16,0.));
#5132 = ORIENTED_EDGE('',*,*,#3080,.T.);
#5133 = ORIENTED_EDGE('',*,*,#3065,.F.);
#5134 = ORIENTED_EDGE('',*,*,#3144,.F.);
#5135 = PLANE('',#5136);
#5136 = AXIS2_PLACEMENT_3D('',#5137,#5138,#5139);
#5137 = CARTESIAN_POINT('',(-1.37,-2.79,-2.1));
#5138 = DIRECTION('',(-1.110223024625E-16,-1.,0.));
#5139 = DIRECTION('',(0.,0.,1.));
#5140 = ADVANCED_FACE('',(#5141),#5152,.T.);
#5141 = FACE_BOUND('',#5142,.T.);
#5142 = EDGE_LOOP('',(#5143,#5149,#5150,#5151));
#5143 = ORIENTED_EDGE('',*,*,#5144,.T.);
#5144 = EDGE_CURVE('',#3170,#3106,#5145,.T.);
#5145 = LINE('',#5146,#5147);
#5146 = CARTESIAN_POINT('',(-1.37,-2.665,-2.6));
#5147 = VECTOR('',#5148,1.);
#5148 = DIRECTION('',(1.,-1.110223024625E-16,0.));
#5149 = ORIENTED_EDGE('',*,*,#3113,.T.);
#5150 = ORIENTED_EDGE('',*,*,#5127,.F.);
#5151 = ORIENTED_EDGE('',*,*,#3177,.F.);
#5152 = PLANE('',#5153);
#5153 = AXIS2_PLACEMENT_3D('',#5154,#5155,#5156);
#5154 = CARTESIAN_POINT('',(-1.37,-2.665,-2.6));
#5155 = DIRECTION('',(-1.077074540829E-16,-0.970142500145,
    -0.242535625036));
#5156 = DIRECTION('',(-2.692686352073E-17,-0.242535625036,0.970142500145
    ));
#5157 = ADVANCED_FACE('',(#5158),#5169,.T.);
#5158 = FACE_BOUND('',#5159,.T.);
#5159 = EDGE_LOOP('',(#5160,#5166,#5167,#5168));
#5160 = ORIENTED_EDGE('',*,*,#5161,.T.);
#5161 = EDGE_CURVE('',#3162,#3098,#5162,.T.);
#5162 = LINE('',#5163,#5164);
#5163 = CARTESIAN_POINT('',(-1.37,-2.415,-2.6));
#5164 = VECTOR('',#5165,1.);
#5165 = DIRECTION('',(1.,-1.110223024625E-16,0.));
#5166 = ORIENTED_EDGE('',*,*,#3105,.T.);
#5167 = ORIENTED_EDGE('',*,*,#5144,.F.);
#5168 = ORIENTED_EDGE('',*,*,#3169,.T.);
#5169 = PLANE('',#5170);
#5170 = AXIS2_PLACEMENT_3D('',#5171,#5172,#5173);
#5171 = CARTESIAN_POINT('',(-1.37,-2.415,-2.6));
#5172 = DIRECTION('',(0.,-0.,-1.));
#5173 = DIRECTION('',(-1.110223024625E-16,-1.,0.));
#5174 = ADVANCED_FACE('',(#5175),#5186,.T.);
#5175 = FACE_BOUND('',#5176,.T.);
#5176 = EDGE_LOOP('',(#5177,#5183,#5184,#5185));
#5177 = ORIENTED_EDGE('',*,*,#5178,.T.);
#5178 = EDGE_CURVE('',#3154,#3090,#5179,.T.);
#5179 = LINE('',#5180,#5181);
#5180 = CARTESIAN_POINT('',(-1.37,-2.29,-2.1));
#5181 = VECTOR('',#5182,1.);
#5182 = DIRECTION('',(1.,-1.110223024625E-16,0.));
#5183 = ORIENTED_EDGE('',*,*,#3097,.T.);
#5184 = ORIENTED_EDGE('',*,*,#5161,.F.);
#5185 = ORIENTED_EDGE('',*,*,#3161,.F.);
#5186 = PLANE('',#5187);
#5187 = AXIS2_PLACEMENT_3D('',#5188,#5189,#5190);
#5188 = CARTESIAN_POINT('',(-1.37,-2.29,-2.1));
#5189 = DIRECTION('',(1.077074540829E-16,0.970142500145,-0.242535625036)
  );
#5190 = DIRECTION('',(-2.692686352073E-17,-0.242535625036,
    -0.970142500145));
#5191 = ADVANCED_FACE('',(#5192),#5198,.T.);
#5192 = FACE_BOUND('',#5193,.T.);
#5193 = EDGE_LOOP('',(#5194,#5195,#5196,#5197));
#5194 = ORIENTED_EDGE('',*,*,#3127,.T.);
#5195 = ORIENTED_EDGE('',*,*,#3089,.T.);
#5196 = ORIENTED_EDGE('',*,*,#5178,.F.);
#5197 = ORIENTED_EDGE('',*,*,#3153,.F.);
#5198 = PLANE('',#5199);
#5199 = AXIS2_PLACEMENT_3D('',#5200,#5201,#5202);
#5200 = CARTESIAN_POINT('',(-1.37,-2.29,0.2));
#5201 = DIRECTION('',(1.110223024625E-16,1.,0.));
#5202 = DIRECTION('',(0.,0.,-1.));
#5203 = ADVANCED_FACE('',(#5204),#5215,.T.);
#5204 = FACE_BOUND('',#5205,.T.);
#5205 = EDGE_LOOP('',(#5206,#5212,#5213,#5214));
#5206 = ORIENTED_EDGE('',*,*,#5207,.T.);
#5207 = EDGE_CURVE('',#3273,#3209,#5208,.T.);
#5208 = LINE('',#5209,#5210);
#5209 = CARTESIAN_POINT('',(-1.37,-1.52,-2.1));
#5210 = VECTOR('',#5211,1.);
#5211 = DIRECTION('',(1.,-1.110223024625E-16,0.));
#5212 = ORIENTED_EDGE('',*,*,#3208,.T.);
#5213 = ORIENTED_EDGE('',*,*,#3193,.F.);
#5214 = ORIENTED_EDGE('',*,*,#3272,.F.);
#5215 = PLANE('',#5216);
#5216 = AXIS2_PLACEMENT_3D('',#5217,#5218,#5219);
#5217 = CARTESIAN_POINT('',(-1.37,-1.52,-2.1));
#5218 = DIRECTION('',(-1.110223024625E-16,-1.,0.));
#5219 = DIRECTION('',(0.,0.,1.));
#5220 = ADVANCED_FACE('',(#5221),#5232,.T.);
#5221 = FACE_BOUND('',#5222,.T.);
#5222 = EDGE_LOOP('',(#5223,#5229,#5230,#5231));
#5223 = ORIENTED_EDGE('',*,*,#5224,.T.);
#5224 = EDGE_CURVE('',#3298,#3234,#5225,.T.);
#5225 = LINE('',#5226,#5227);
#5226 = CARTESIAN_POINT('',(-1.37,-1.395,-2.6));
#5227 = VECTOR('',#5228,1.);
#5228 = DIRECTION('',(1.,-1.110223024625E-16,0.));
#5229 = ORIENTED_EDGE('',*,*,#3241,.T.);
#5230 = ORIENTED_EDGE('',*,*,#5207,.F.);
#5231 = ORIENTED_EDGE('',*,*,#3305,.F.);
#5232 = PLANE('',#5233);
#5233 = AXIS2_PLACEMENT_3D('',#5234,#5235,#5236);
#5234 = CARTESIAN_POINT('',(-1.37,-1.395,-2.6));
#5235 = DIRECTION('',(-1.077074540829E-16,-0.970142500145,
    -0.242535625036));
#5236 = DIRECTION('',(-2.692686352073E-17,-0.242535625036,0.970142500145
    ));
#5237 = ADVANCED_FACE('',(#5238),#5249,.T.);
#5238 = FACE_BOUND('',#5239,.T.);
#5239 = EDGE_LOOP('',(#5240,#5246,#5247,#5248));
#5240 = ORIENTED_EDGE('',*,*,#5241,.T.);
#5241 = EDGE_CURVE('',#3290,#3226,#5242,.T.);
#5242 = LINE('',#5243,#5244);
#5243 = CARTESIAN_POINT('',(-1.37,-1.145,-2.6));
#5244 = VECTOR('',#5245,1.);
#5245 = DIRECTION('',(1.,-1.110223024625E-16,0.));
#5246 = ORIENTED_EDGE('',*,*,#3233,.T.);
#5247 = ORIENTED_EDGE('',*,*,#5224,.F.);
#5248 = ORIENTED_EDGE('',*,*,#3297,.T.);
#5249 = PLANE('',#5250);
#5250 = AXIS2_PLACEMENT_3D('',#5251,#5252,#5253);
#5251 = CARTESIAN_POINT('',(-1.37,-1.145,-2.6));
#5252 = DIRECTION('',(0.,-0.,-1.));
#5253 = DIRECTION('',(-1.110223024625E-16,-1.,0.));
#5254 = ADVANCED_FACE('',(#5255),#5266,.T.);
#5255 = FACE_BOUND('',#5256,.T.);
#5256 = EDGE_LOOP('',(#5257,#5263,#5264,#5265));
#5257 = ORIENTED_EDGE('',*,*,#5258,.T.);
#5258 = EDGE_CURVE('',#3282,#3218,#5259,.T.);
#5259 = LINE('',#5260,#5261);
#5260 = CARTESIAN_POINT('',(-1.37,-1.02,-2.1));
#5261 = VECTOR('',#5262,1.);
#5262 = DIRECTION('',(1.,-1.110223024625E-16,0.));
#5263 = ORIENTED_EDGE('',*,*,#3225,.T.);
#5264 = ORIENTED_EDGE('',*,*,#5241,.F.);
#5265 = ORIENTED_EDGE('',*,*,#3289,.F.);
#5266 = PLANE('',#5267);
#5267 = AXIS2_PLACEMENT_3D('',#5268,#5269,#5270);
#5268 = CARTESIAN_POINT('',(-1.37,-1.02,-2.1));
#5269 = DIRECTION('',(1.077074540829E-16,0.970142500145,-0.242535625036)
  );
#5270 = DIRECTION('',(-2.692686352073E-17,-0.242535625036,
    -0.970142500145));
#5271 = ADVANCED_FACE('',(#5272),#5278,.T.);
#5272 = FACE_BOUND('',#5273,.T.);
#5273 = EDGE_LOOP('',(#5274,#5275,#5276,#5277));
#5274 = ORIENTED_EDGE('',*,*,#3255,.T.);
#5275 = ORIENTED_EDGE('',*,*,#3217,.T.);
#5276 = ORIENTED_EDGE('',*,*,#5258,.F.);
#5277 = ORIENTED_EDGE('',*,*,#3281,.F.);
#5278 = PLANE('',#5279);
#5279 = AXIS2_PLACEMENT_3D('',#5280,#5281,#5282);
#5280 = CARTESIAN_POINT('',(-1.37,-1.02,0.2));
#5281 = DIRECTION('',(1.110223024625E-16,1.,0.));
#5282 = DIRECTION('',(0.,0.,-1.));
#5283 = ADVANCED_FACE('',(#5284),#5295,.T.);
#5284 = FACE_BOUND('',#5285,.T.);
#5285 = EDGE_LOOP('',(#5286,#5292,#5293,#5294));
#5286 = ORIENTED_EDGE('',*,*,#5287,.T.);
#5287 = EDGE_CURVE('',#3401,#3337,#5288,.T.);
#5288 = LINE('',#5289,#5290);
#5289 = CARTESIAN_POINT('',(-1.37,-0.25,-2.1));
#5290 = VECTOR('',#5291,1.);
#5291 = DIRECTION('',(1.,-1.110223024625E-16,0.));
#5292 = ORIENTED_EDGE('',*,*,#3336,.T.);
#5293 = ORIENTED_EDGE('',*,*,#3321,.F.);
#5294 = ORIENTED_EDGE('',*,*,#3400,.F.);
#5295 = PLANE('',#5296);
#5296 = AXIS2_PLACEMENT_3D('',#5297,#5298,#5299);
#5297 = CARTESIAN_POINT('',(-1.37,-0.25,-2.1));
#5298 = DIRECTION('',(-1.110223024625E-16,-1.,0.));
#5299 = DIRECTION('',(0.,0.,1.));
#5300 = ADVANCED_FACE('',(#5301),#5312,.T.);
#5301 = FACE_BOUND('',#5302,.T.);
#5302 = EDGE_LOOP('',(#5303,#5309,#5310,#5311));
#5303 = ORIENTED_EDGE('',*,*,#5304,.T.);
#5304 = EDGE_CURVE('',#3426,#3362,#5305,.T.);
#5305 = LINE('',#5306,#5307);
#5306 = CARTESIAN_POINT('',(-1.37,-0.125,-2.6));
#5307 = VECTOR('',#5308,1.);
#5308 = DIRECTION('',(1.,-1.110223024625E-16,0.));
#5309 = ORIENTED_EDGE('',*,*,#3369,.T.);
#5310 = ORIENTED_EDGE('',*,*,#5287,.F.);
#5311 = ORIENTED_EDGE('',*,*,#3433,.F.);
#5312 = PLANE('',#5313);
#5313 = AXIS2_PLACEMENT_3D('',#5314,#5315,#5316);
#5314 = CARTESIAN_POINT('',(-1.37,-0.125,-2.6));
#5315 = DIRECTION('',(-1.077074540829E-16,-0.970142500145,
    -0.242535625036));
#5316 = DIRECTION('',(-2.692686352073E-17,-0.242535625036,0.970142500145
    ));
#5317 = ADVANCED_FACE('',(#5318),#5329,.T.);
#5318 = FACE_BOUND('',#5319,.T.);
#5319 = EDGE_LOOP('',(#5320,#5326,#5327,#5328));
#5320 = ORIENTED_EDGE('',*,*,#5321,.T.);
#5321 = EDGE_CURVE('',#3418,#3354,#5322,.T.);
#5322 = LINE('',#5323,#5324);
#5323 = CARTESIAN_POINT('',(-1.37,0.125,-2.6));
#5324 = VECTOR('',#5325,1.);
#5325 = DIRECTION('',(1.,-1.110223024625E-16,0.));
#5326 = ORIENTED_EDGE('',*,*,#3361,.T.);
#5327 = ORIENTED_EDGE('',*,*,#5304,.F.);
#5328 = ORIENTED_EDGE('',*,*,#3425,.T.);
#5329 = PLANE('',#5330);
#5330 = AXIS2_PLACEMENT_3D('',#5331,#5332,#5333);
#5331 = CARTESIAN_POINT('',(-1.37,0.125,-2.6));
#5332 = DIRECTION('',(0.,-0.,-1.));
#5333 = DIRECTION('',(-1.110223024625E-16,-1.,0.));
#5334 = ADVANCED_FACE('',(#5335),#5346,.T.);
#5335 = FACE_BOUND('',#5336,.T.);
#5336 = EDGE_LOOP('',(#5337,#5343,#5344,#5345));
#5337 = ORIENTED_EDGE('',*,*,#5338,.T.);
#5338 = EDGE_CURVE('',#3410,#3346,#5339,.T.);
#5339 = LINE('',#5340,#5341);
#5340 = CARTESIAN_POINT('',(-1.37,0.25,-2.1));
#5341 = VECTOR('',#5342,1.);
#5342 = DIRECTION('',(1.,-1.110223024625E-16,0.));
#5343 = ORIENTED_EDGE('',*,*,#3353,.T.);
#5344 = ORIENTED_EDGE('',*,*,#5321,.F.);
#5345 = ORIENTED_EDGE('',*,*,#3417,.F.);
#5346 = PLANE('',#5347);
#5347 = AXIS2_PLACEMENT_3D('',#5348,#5349,#5350);
#5348 = CARTESIAN_POINT('',(-1.37,0.25,-2.1));
#5349 = DIRECTION('',(1.077074540829E-16,0.970142500145,-0.242535625036)
  );
#5350 = DIRECTION('',(-2.692686352073E-17,-0.242535625036,
    -0.970142500145));
#5351 = ADVANCED_FACE('',(#5352),#5358,.T.);
#5352 = FACE_BOUND('',#5353,.T.);
#5353 = EDGE_LOOP('',(#5354,#5355,#5356,#5357));
#5354 = ORIENTED_EDGE('',*,*,#3383,.T.);
#5355 = ORIENTED_EDGE('',*,*,#3345,.T.);
#5356 = ORIENTED_EDGE('',*,*,#5338,.F.);
#5357 = ORIENTED_EDGE('',*,*,#3409,.F.);
#5358 = PLANE('',#5359);
#5359 = AXIS2_PLACEMENT_3D('',#5360,#5361,#5362);
#5360 = CARTESIAN_POINT('',(-1.37,0.25,0.2));
#5361 = DIRECTION('',(1.110223024625E-16,1.,0.));
#5362 = DIRECTION('',(0.,0.,-1.));
#5363 = ADVANCED_FACE('',(#5364),#5375,.T.);
#5364 = FACE_BOUND('',#5365,.T.);
#5365 = EDGE_LOOP('',(#5366,#5367,#5368,#5369));
#5366 = ORIENTED_EDGE('',*,*,#3592,.T.);
#5367 = ORIENTED_EDGE('',*,*,#3455,.T.);
#5368 = ORIENTED_EDGE('',*,*,#3480,.T.);
#5369 = ORIENTED_EDGE('',*,*,#5370,.T.);
#5370 = EDGE_CURVE('',#3481,#3585,#5371,.T.);
#5371 = LINE('',#5372,#5373);
#5372 = CARTESIAN_POINT('',(-0.1,-3.81,0.75));
#5373 = VECTOR('',#5374,1.);
#5374 = DIRECTION('',(2.334869823773E-16,1.,-0.));
#5375 = PLANE('',#5376);
#5376 = AXIS2_PLACEMENT_3D('',#5377,#5378,#5379);
#5377 = CARTESIAN_POINT('',(-6.450395773072E-16,-3.81,0.75));
#5378 = DIRECTION('',(0.,0.,1.));
#5379 = DIRECTION('',(-2.334869823773E-16,-1.,0.));
#5380 = ADVANCED_FACE('',(#5381),#5392,.T.);
#5381 = FACE_BOUND('',#5382,.T.);
#5382 = EDGE_LOOP('',(#5383,#5384,#5390,#5391));
#5383 = ORIENTED_EDGE('',*,*,#3560,.T.);
#5384 = ORIENTED_EDGE('',*,*,#5385,.F.);
#5385 = EDGE_CURVE('',#3505,#3561,#5386,.T.);
#5386 = LINE('',#5387,#5388);
#5387 = CARTESIAN_POINT('',(0.1,-3.81,0.75));
#5388 = VECTOR('',#5389,1.);
#5389 = DIRECTION('',(2.334869823773E-16,1.,-0.));
#5390 = ORIENTED_EDGE('',*,*,#3512,.T.);
#5391 = ORIENTED_EDGE('',*,*,#3535,.T.);
#5392 = PLANE('',#5393);
#5393 = AXIS2_PLACEMENT_3D('',#5394,#5395,#5396);
#5394 = CARTESIAN_POINT('',(-6.450395773072E-16,-3.81,0.75));
#5395 = DIRECTION('',(0.,0.,1.));
#5396 = DIRECTION('',(-2.334869823773E-16,-1.,0.));
#5397 = ADVANCED_FACE('',(#5398),#5441,.T.);
#5398 = FACE_BOUND('',#5399,.T.);
#5399 = EDGE_LOOP('',(#5400,#5401,#5409,#5417,#5425,#5433,#5439,#5440));
#5400 = ORIENTED_EDGE('',*,*,#3568,.F.);
#5401 = ORIENTED_EDGE('',*,*,#5402,.T.);
#5402 = EDGE_CURVE('',#3569,#5403,#5405,.T.);
#5403 = VERTEX_POINT('',#5404);
#5404 = CARTESIAN_POINT('',(0.1,-3.601666666667,3.458333333333));
#5405 = LINE('',#5406,#5407);
#5406 = CARTESIAN_POINT('',(0.1,-3.56,3.5));
#5407 = VECTOR('',#5408,1.);
#5408 = DIRECTION('',(-1.651002285576E-16,-0.707106781187,
    -0.707106781187));
#5409 = ORIENTED_EDGE('',*,*,#5410,.T.);
#5410 = EDGE_CURVE('',#5403,#5411,#5413,.T.);
#5411 = VERTEX_POINT('',#5412);
#5412 = CARTESIAN_POINT('',(0.1,-3.601666666667,1.058333333333));
#5413 = LINE('',#5414,#5415);
#5414 = CARTESIAN_POINT('',(0.1,-3.601666666667,3.458333333333));
#5415 = VECTOR('',#5416,1.);
#5416 = DIRECTION('',(-0.,0.,-1.));
#5417 = ORIENTED_EDGE('',*,*,#5418,.T.);
#5418 = EDGE_CURVE('',#5411,#5419,#5421,.T.);
#5419 = VERTEX_POINT('',#5420);
#5420 = CARTESIAN_POINT('',(0.1,-4.018333333333,1.058333333333));
#5421 = LINE('',#5422,#5423);
#5422 = CARTESIAN_POINT('',(0.1,-3.601666666667,1.058333333333));
#5423 = VECTOR('',#5424,1.);
#5424 = DIRECTION('',(-2.334869823773E-16,-1.,0.));
#5425 = ORIENTED_EDGE('',*,*,#5426,.T.);
#5426 = EDGE_CURVE('',#5419,#5427,#5429,.T.);
#5427 = VERTEX_POINT('',#5428);
#5428 = CARTESIAN_POINT('',(0.1,-4.018333333333,3.458333333333));
#5429 = LINE('',#5430,#5431);
#5430 = CARTESIAN_POINT('',(0.1,-4.018333333333,1.058333333333));
#5431 = VECTOR('',#5432,1.);
#5432 = DIRECTION('',(0.,0.,1.));
#5433 = ORIENTED_EDGE('',*,*,#5434,.T.);
#5434 = EDGE_CURVE('',#5427,#3497,#5435,.T.);
#5435 = LINE('',#5436,#5437);
#5436 = CARTESIAN_POINT('',(0.1,-4.018333333333,3.458333333333));
#5437 = VECTOR('',#5438,1.);
#5438 = DIRECTION('',(-1.651002285576E-16,-0.707106781187,0.707106781187
    ));
#5439 = ORIENTED_EDGE('',*,*,#3504,.F.);
#5440 = ORIENTED_EDGE('',*,*,#5385,.T.);
#5441 = PLANE('',#5442);
#5442 = AXIS2_PLACEMENT_3D('',#5443,#5444,#5445);
#5443 = CARTESIAN_POINT('',(0.1,-3.81,1.92709124047));
#5444 = DIRECTION('',(1.,-2.334869823773E-16,0.));
#5445 = DIRECTION('',(0.,0.,1.));
#5446 = ADVANCED_FACE('',(#5447),#5465,.T.);
#5447 = FACE_BOUND('',#5448,.T.);
#5448 = EDGE_LOOP('',(#5449,#5457,#5463,#5464));
#5449 = ORIENTED_EDGE('',*,*,#5450,.T.);
#5450 = EDGE_CURVE('',#5427,#5451,#5453,.T.);
#5451 = VERTEX_POINT('',#5452);
#5452 = CARTESIAN_POINT('',(-0.1,-4.018333333333,3.458333333333));
#5453 = LINE('',#5454,#5455);
#5454 = CARTESIAN_POINT('',(0.1,-4.018333333333,3.458333333333));
#5455 = VECTOR('',#5456,1.);
#5456 = DIRECTION('',(-1.,2.334869823773E-16,0.));
#5457 = ORIENTED_EDGE('',*,*,#5458,.T.);
#5458 = EDGE_CURVE('',#5451,#3489,#5459,.T.);
#5459 = LINE('',#5460,#5461);
#5460 = CARTESIAN_POINT('',(-0.1,-4.018333333333,3.458333333333));
#5461 = VECTOR('',#5462,1.);
#5462 = DIRECTION('',(-1.651002285576E-16,-0.707106781187,0.707106781187
    ));
#5463 = ORIENTED_EDGE('',*,*,#3496,.F.);
#5464 = ORIENTED_EDGE('',*,*,#5434,.F.);
#5465 = PLANE('',#5466);
#5466 = AXIS2_PLACEMENT_3D('',#5467,#5468,#5469);
#5467 = CARTESIAN_POINT('',(0.1,-4.018333333333,3.458333333333));
#5468 = DIRECTION('',(1.651002285576E-16,0.707106781187,0.707106781187)
  );
#5469 = DIRECTION('',(-1.651002285576E-16,-0.707106781187,0.707106781187
    ));
#5470 = ADVANCED_FACE('',(#5471),#5507,.F.);
#5471 = FACE_BOUND('',#5472,.F.);
#5472 = EDGE_LOOP('',(#5473,#5474,#5482,#5490,#5498,#5504,#5505,#5506));
#5473 = ORIENTED_EDGE('',*,*,#3584,.F.);
#5474 = ORIENTED_EDGE('',*,*,#5475,.T.);
#5475 = EDGE_CURVE('',#3577,#5476,#5478,.T.);
#5476 = VERTEX_POINT('',#5477);
#5477 = CARTESIAN_POINT('',(-0.1,-3.601666666667,3.458333333333));
#5478 = LINE('',#5479,#5480);
#5479 = CARTESIAN_POINT('',(-0.1,-3.56,3.5));
#5480 = VECTOR('',#5481,1.);
#5481 = DIRECTION('',(-1.651002285576E-16,-0.707106781187,
    -0.707106781187));
#5482 = ORIENTED_EDGE('',*,*,#5483,.T.);
#5483 = EDGE_CURVE('',#5476,#5484,#5486,.T.);
#5484 = VERTEX_POINT('',#5485);
#5485 = CARTESIAN_POINT('',(-0.1,-3.601666666667,1.058333333333));
#5486 = LINE('',#5487,#5488);
#5487 = CARTESIAN_POINT('',(-0.1,-3.601666666667,3.458333333333));
#5488 = VECTOR('',#5489,1.);
#5489 = DIRECTION('',(-0.,0.,-1.));
#5490 = ORIENTED_EDGE('',*,*,#5491,.T.);
#5491 = EDGE_CURVE('',#5484,#5492,#5494,.T.);
#5492 = VERTEX_POINT('',#5493);
#5493 = CARTESIAN_POINT('',(-0.1,-4.018333333333,1.058333333333));
#5494 = LINE('',#5495,#5496);
#5495 = CARTESIAN_POINT('',(-0.1,-3.601666666667,1.058333333333));
#5496 = VECTOR('',#5497,1.);
#5497 = DIRECTION('',(-2.334869823773E-16,-1.,0.));
#5498 = ORIENTED_EDGE('',*,*,#5499,.T.);
#5499 = EDGE_CURVE('',#5492,#5451,#5500,.T.);
#5500 = LINE('',#5501,#5502);
#5501 = CARTESIAN_POINT('',(-0.1,-4.018333333333,1.058333333333));
#5502 = VECTOR('',#5503,1.);
#5503 = DIRECTION('',(0.,0.,1.));
#5504 = ORIENTED_EDGE('',*,*,#5458,.T.);
#5505 = ORIENTED_EDGE('',*,*,#3488,.F.);
#5506 = ORIENTED_EDGE('',*,*,#5370,.T.);
#5507 = PLANE('',#5508);
#5508 = AXIS2_PLACEMENT_3D('',#5509,#5510,#5511);
#5509 = CARTESIAN_POINT('',(-0.1,-3.81,1.92709124047));
#5510 = DIRECTION('',(1.,-2.334869823773E-16,0.));
#5511 = DIRECTION('',(0.,0.,1.));
#5512 = ADVANCED_FACE('',(#5513),#5524,.T.);
#5513 = FACE_BOUND('',#5514,.T.);
#5514 = EDGE_LOOP('',(#5515,#5516,#5517,#5523));
#5515 = ORIENTED_EDGE('',*,*,#3576,.T.);
#5516 = ORIENTED_EDGE('',*,*,#5475,.T.);
#5517 = ORIENTED_EDGE('',*,*,#5518,.F.);
#5518 = EDGE_CURVE('',#5403,#5476,#5519,.T.);
#5519 = LINE('',#5520,#5521);
#5520 = CARTESIAN_POINT('',(0.1,-3.601666666667,3.458333333333));
#5521 = VECTOR('',#5522,1.);
#5522 = DIRECTION('',(-1.,2.334869823773E-16,0.));
#5523 = ORIENTED_EDGE('',*,*,#5402,.F.);
#5524 = PLANE('',#5525);
#5525 = AXIS2_PLACEMENT_3D('',#5526,#5527,#5528);
#5526 = CARTESIAN_POINT('',(0.1,-3.56,3.5));
#5527 = DIRECTION('',(-1.651002285576E-16,-0.707106781187,0.707106781187
    ));
#5528 = DIRECTION('',(-1.651002285576E-16,-0.707106781187,
    -0.707106781187));
#5529 = ADVANCED_FACE('',(#5530),#5541,.T.);
#5530 = FACE_BOUND('',#5531,.T.);
#5531 = EDGE_LOOP('',(#5532,#5533,#5534,#5535));
#5532 = ORIENTED_EDGE('',*,*,#3752,.T.);
#5533 = ORIENTED_EDGE('',*,*,#3615,.T.);
#5534 = ORIENTED_EDGE('',*,*,#3640,.T.);
#5535 = ORIENTED_EDGE('',*,*,#5536,.T.);
#5536 = EDGE_CURVE('',#3641,#3745,#5537,.T.);
#5537 = LINE('',#5538,#5539);
#5538 = CARTESIAN_POINT('',(-0.1,-2.54,0.75));
#5539 = VECTOR('',#5540,1.);
#5540 = DIRECTION('',(2.334869823773E-16,1.,-0.));
#5541 = PLANE('',#5542);
#5542 = AXIS2_PLACEMENT_3D('',#5543,#5544,#5545);
#5543 = CARTESIAN_POINT('',(-3.930189507173E-16,-2.54,0.75));
#5544 = DIRECTION('',(0.,0.,1.));
#5545 = DIRECTION('',(-2.334869823773E-16,-1.,0.));
#5546 = ADVANCED_FACE('',(#5547),#5558,.T.);
#5547 = FACE_BOUND('',#5548,.T.);
#5548 = EDGE_LOOP('',(#5549,#5550,#5556,#5557));
#5549 = ORIENTED_EDGE('',*,*,#3720,.T.);
#5550 = ORIENTED_EDGE('',*,*,#5551,.F.);
#5551 = EDGE_CURVE('',#3665,#3721,#5552,.T.);
#5552 = LINE('',#5553,#5554);
#5553 = CARTESIAN_POINT('',(0.1,-2.54,0.75));
#5554 = VECTOR('',#5555,1.);
#5555 = DIRECTION('',(2.334869823773E-16,1.,-0.));
#5556 = ORIENTED_EDGE('',*,*,#3672,.T.);
#5557 = ORIENTED_EDGE('',*,*,#3695,.T.);
#5558 = PLANE('',#5559);
#5559 = AXIS2_PLACEMENT_3D('',#5560,#5561,#5562);
#5560 = CARTESIAN_POINT('',(-3.930189507173E-16,-2.54,0.75));
#5561 = DIRECTION('',(0.,0.,1.));
#5562 = DIRECTION('',(-2.334869823773E-16,-1.,0.));
#5563 = ADVANCED_FACE('',(#5564),#5607,.T.);
#5564 = FACE_BOUND('',#5565,.T.);
#5565 = EDGE_LOOP('',(#5566,#5567,#5575,#5583,#5591,#5599,#5605,#5606));
#5566 = ORIENTED_EDGE('',*,*,#3728,.F.);
#5567 = ORIENTED_EDGE('',*,*,#5568,.T.);
#5568 = EDGE_CURVE('',#3729,#5569,#5571,.T.);
#5569 = VERTEX_POINT('',#5570);
#5570 = CARTESIAN_POINT('',(0.1,-2.331666666667,3.458333333333));
#5571 = LINE('',#5572,#5573);
#5572 = CARTESIAN_POINT('',(0.1,-2.29,3.5));
#5573 = VECTOR('',#5574,1.);
#5574 = DIRECTION('',(-1.651002285576E-16,-0.707106781187,
    -0.707106781187));
#5575 = ORIENTED_EDGE('',*,*,#5576,.T.);
#5576 = EDGE_CURVE('',#5569,#5577,#5579,.T.);
#5577 = VERTEX_POINT('',#5578);
#5578 = CARTESIAN_POINT('',(0.1,-2.331666666667,1.058333333333));
#5579 = LINE('',#5580,#5581);
#5580 = CARTESIAN_POINT('',(0.1,-2.331666666667,3.458333333333));
#5581 = VECTOR('',#5582,1.);
#5582 = DIRECTION('',(-0.,0.,-1.));
#5583 = ORIENTED_EDGE('',*,*,#5584,.T.);
#5584 = EDGE_CURVE('',#5577,#5585,#5587,.T.);
#5585 = VERTEX_POINT('',#5586);
#5586 = CARTESIAN_POINT('',(0.1,-2.748333333333,1.058333333333));
#5587 = LINE('',#5588,#5589);
#5588 = CARTESIAN_POINT('',(0.1,-2.331666666667,1.058333333333));
#5589 = VECTOR('',#5590,1.);
#5590 = DIRECTION('',(-2.334869823773E-16,-1.,0.));
#5591 = ORIENTED_EDGE('',*,*,#5592,.T.);
#5592 = EDGE_CURVE('',#5585,#5593,#5595,.T.);
#5593 = VERTEX_POINT('',#5594);
#5594 = CARTESIAN_POINT('',(0.1,-2.748333333333,3.458333333333));
#5595 = LINE('',#5596,#5597);
#5596 = CARTESIAN_POINT('',(0.1,-2.748333333333,1.058333333333));
#5597 = VECTOR('',#5598,1.);
#5598 = DIRECTION('',(0.,0.,1.));
#5599 = ORIENTED_EDGE('',*,*,#5600,.T.);
#5600 = EDGE_CURVE('',#5593,#3657,#5601,.T.);
#5601 = LINE('',#5602,#5603);
#5602 = CARTESIAN_POINT('',(0.1,-2.748333333333,3.458333333333));
#5603 = VECTOR('',#5604,1.);
#5604 = DIRECTION('',(-1.651002285576E-16,-0.707106781187,0.707106781187
    ));
#5605 = ORIENTED_EDGE('',*,*,#3664,.F.);
#5606 = ORIENTED_EDGE('',*,*,#5551,.T.);
#5607 = PLANE('',#5608);
#5608 = AXIS2_PLACEMENT_3D('',#5609,#5610,#5611);
#5609 = CARTESIAN_POINT('',(0.1,-2.54,1.92709124047));
#5610 = DIRECTION('',(1.,-2.334869823773E-16,0.));
#5611 = DIRECTION('',(0.,0.,1.));
#5612 = ADVANCED_FACE('',(#5613),#5631,.T.);
#5613 = FACE_BOUND('',#5614,.T.);
#5614 = EDGE_LOOP('',(#5615,#5623,#5629,#5630));
#5615 = ORIENTED_EDGE('',*,*,#5616,.T.);
#5616 = EDGE_CURVE('',#5593,#5617,#5619,.T.);
#5617 = VERTEX_POINT('',#5618);
#5618 = CARTESIAN_POINT('',(-0.1,-2.748333333333,3.458333333333));
#5619 = LINE('',#5620,#5621);
#5620 = CARTESIAN_POINT('',(0.1,-2.748333333333,3.458333333333));
#5621 = VECTOR('',#5622,1.);
#5622 = DIRECTION('',(-1.,2.334869823773E-16,0.));
#5623 = ORIENTED_EDGE('',*,*,#5624,.T.);
#5624 = EDGE_CURVE('',#5617,#3649,#5625,.T.);
#5625 = LINE('',#5626,#5627);
#5626 = CARTESIAN_POINT('',(-0.1,-2.748333333333,3.458333333333));
#5627 = VECTOR('',#5628,1.);
#5628 = DIRECTION('',(-1.651002285576E-16,-0.707106781187,0.707106781187
    ));
#5629 = ORIENTED_EDGE('',*,*,#3656,.F.);
#5630 = ORIENTED_EDGE('',*,*,#5600,.F.);
#5631 = PLANE('',#5632);
#5632 = AXIS2_PLACEMENT_3D('',#5633,#5634,#5635);
#5633 = CARTESIAN_POINT('',(0.1,-2.748333333333,3.458333333333));
#5634 = DIRECTION('',(1.651002285576E-16,0.707106781187,0.707106781187)
  );
#5635 = DIRECTION('',(-1.651002285576E-16,-0.707106781187,0.707106781187
    ));
#5636 = ADVANCED_FACE('',(#5637),#5673,.F.);
#5637 = FACE_BOUND('',#5638,.F.);
#5638 = EDGE_LOOP('',(#5639,#5640,#5648,#5656,#5664,#5670,#5671,#5672));
#5639 = ORIENTED_EDGE('',*,*,#3744,.F.);
#5640 = ORIENTED_EDGE('',*,*,#5641,.T.);
#5641 = EDGE_CURVE('',#3737,#5642,#5644,.T.);
#5642 = VERTEX_POINT('',#5643);
#5643 = CARTESIAN_POINT('',(-0.1,-2.331666666667,3.458333333333));
#5644 = LINE('',#5645,#5646);
#5645 = CARTESIAN_POINT('',(-0.1,-2.29,3.5));
#5646 = VECTOR('',#5647,1.);
#5647 = DIRECTION('',(-1.651002285576E-16,-0.707106781187,
    -0.707106781187));
#5648 = ORIENTED_EDGE('',*,*,#5649,.T.);
#5649 = EDGE_CURVE('',#5642,#5650,#5652,.T.);
#5650 = VERTEX_POINT('',#5651);
#5651 = CARTESIAN_POINT('',(-0.1,-2.331666666667,1.058333333333));
#5652 = LINE('',#5653,#5654);
#5653 = CARTESIAN_POINT('',(-0.1,-2.331666666667,3.458333333333));
#5654 = VECTOR('',#5655,1.);
#5655 = DIRECTION('',(-0.,0.,-1.));
#5656 = ORIENTED_EDGE('',*,*,#5657,.T.);
#5657 = EDGE_CURVE('',#5650,#5658,#5660,.T.);
#5658 = VERTEX_POINT('',#5659);
#5659 = CARTESIAN_POINT('',(-0.1,-2.748333333333,1.058333333333));
#5660 = LINE('',#5661,#5662);
#5661 = CARTESIAN_POINT('',(-0.1,-2.331666666667,1.058333333333));
#5662 = VECTOR('',#5663,1.);
#5663 = DIRECTION('',(-2.334869823773E-16,-1.,0.));
#5664 = ORIENTED_EDGE('',*,*,#5665,.T.);
#5665 = EDGE_CURVE('',#5658,#5617,#5666,.T.);
#5666 = LINE('',#5667,#5668);
#5667 = CARTESIAN_POINT('',(-0.1,-2.748333333333,1.058333333333));
#5668 = VECTOR('',#5669,1.);
#5669 = DIRECTION('',(0.,0.,1.));
#5670 = ORIENTED_EDGE('',*,*,#5624,.T.);
#5671 = ORIENTED_EDGE('',*,*,#3648,.F.);
#5672 = ORIENTED_EDGE('',*,*,#5536,.T.);
#5673 = PLANE('',#5674);
#5674 = AXIS2_PLACEMENT_3D('',#5675,#5676,#5677);
#5675 = CARTESIAN_POINT('',(-0.1,-2.54,1.92709124047));
#5676 = DIRECTION('',(1.,-2.334869823773E-16,0.));
#5677 = DIRECTION('',(0.,0.,1.));
#5678 = ADVANCED_FACE('',(#5679),#5690,.T.);
#5679 = FACE_BOUND('',#5680,.T.);
#5680 = EDGE_LOOP('',(#5681,#5682,#5683,#5689));
#5681 = ORIENTED_EDGE('',*,*,#3736,.T.);
#5682 = ORIENTED_EDGE('',*,*,#5641,.T.);
#5683 = ORIENTED_EDGE('',*,*,#5684,.F.);
#5684 = EDGE_CURVE('',#5569,#5642,#5685,.T.);
#5685 = LINE('',#5686,#5687);
#5686 = CARTESIAN_POINT('',(0.1,-2.331666666667,3.458333333333));
#5687 = VECTOR('',#5688,1.);
#5688 = DIRECTION('',(-1.,2.334869823773E-16,0.));
#5689 = ORIENTED_EDGE('',*,*,#5568,.F.);
#5690 = PLANE('',#5691);
#5691 = AXIS2_PLACEMENT_3D('',#5692,#5693,#5694);
#5692 = CARTESIAN_POINT('',(0.1,-2.29,3.5));
#5693 = DIRECTION('',(-1.651002285576E-16,-0.707106781187,0.707106781187
    ));
#5694 = DIRECTION('',(-1.651002285576E-16,-0.707106781187,
    -0.707106781187));
#5695 = ADVANCED_FACE('',(#5696),#5707,.T.);
#5696 = FACE_BOUND('',#5697,.T.);
#5697 = EDGE_LOOP('',(#5698,#5699,#5700,#5701));
#5698 = ORIENTED_EDGE('',*,*,#3912,.T.);
#5699 = ORIENTED_EDGE('',*,*,#3775,.T.);
#5700 = ORIENTED_EDGE('',*,*,#3800,.T.);
#5701 = ORIENTED_EDGE('',*,*,#5702,.T.);
#5702 = EDGE_CURVE('',#3801,#3905,#5703,.T.);
#5703 = LINE('',#5704,#5705);
#5704 = CARTESIAN_POINT('',(-0.1,-1.27,0.75));
#5705 = VECTOR('',#5706,1.);
#5706 = DIRECTION('',(2.334869823773E-16,1.,-0.));
#5707 = PLANE('',#5708);
#5708 = AXIS2_PLACEMENT_3D('',#5709,#5710,#5711);
#5709 = CARTESIAN_POINT('',(-2.997602166488E-17,-1.27,0.75));
#5710 = DIRECTION('',(0.,0.,1.));
#5711 = DIRECTION('',(-2.334869823773E-16,-1.,0.));
#5712 = ADVANCED_FACE('',(#5713),#5724,.T.);
#5713 = FACE_BOUND('',#5714,.T.);
#5714 = EDGE_LOOP('',(#5715,#5716,#5722,#5723));
#5715 = ORIENTED_EDGE('',*,*,#3880,.T.);
#5716 = ORIENTED_EDGE('',*,*,#5717,.F.);
#5717 = EDGE_CURVE('',#3825,#3881,#5718,.T.);
#5718 = LINE('',#5719,#5720);
#5719 = CARTESIAN_POINT('',(0.1,-1.27,0.75));
#5720 = VECTOR('',#5721,1.);
#5721 = DIRECTION('',(2.334869823773E-16,1.,-0.));
#5722 = ORIENTED_EDGE('',*,*,#3832,.T.);
#5723 = ORIENTED_EDGE('',*,*,#3855,.T.);
#5724 = PLANE('',#5725);
#5725 = AXIS2_PLACEMENT_3D('',#5726,#5727,#5728);
#5726 = CARTESIAN_POINT('',(-2.997602166488E-17,-1.27,0.75));
#5727 = DIRECTION('',(0.,0.,1.));
#5728 = DIRECTION('',(-2.334869823773E-16,-1.,0.));
#5729 = ADVANCED_FACE('',(#5730),#5773,.T.);
#5730 = FACE_BOUND('',#5731,.T.);
#5731 = EDGE_LOOP('',(#5732,#5733,#5741,#5749,#5757,#5765,#5771,#5772));
#5732 = ORIENTED_EDGE('',*,*,#3888,.F.);
#5733 = ORIENTED_EDGE('',*,*,#5734,.T.);
#5734 = EDGE_CURVE('',#3889,#5735,#5737,.T.);
#5735 = VERTEX_POINT('',#5736);
#5736 = CARTESIAN_POINT('',(0.1,-1.061666666667,3.458333333333));
#5737 = LINE('',#5738,#5739);
#5738 = CARTESIAN_POINT('',(0.1,-1.02,3.5));
#5739 = VECTOR('',#5740,1.);
#5740 = DIRECTION('',(-1.651002285576E-16,-0.707106781187,
    -0.707106781187));
#5741 = ORIENTED_EDGE('',*,*,#5742,.T.);
#5742 = EDGE_CURVE('',#5735,#5743,#5745,.T.);
#5743 = VERTEX_POINT('',#5744);
#5744 = CARTESIAN_POINT('',(0.1,-1.061666666667,1.058333333333));
#5745 = LINE('',#5746,#5747);
#5746 = CARTESIAN_POINT('',(0.1,-1.061666666667,3.458333333333));
#5747 = VECTOR('',#5748,1.);
#5748 = DIRECTION('',(-0.,0.,-1.));
#5749 = ORIENTED_EDGE('',*,*,#5750,.T.);
#5750 = EDGE_CURVE('',#5743,#5751,#5753,.T.);
#5751 = VERTEX_POINT('',#5752);
#5752 = CARTESIAN_POINT('',(0.1,-1.478333333333,1.058333333333));
#5753 = LINE('',#5754,#5755);
#5754 = CARTESIAN_POINT('',(0.1,-1.061666666667,1.058333333333));
#5755 = VECTOR('',#5756,1.);
#5756 = DIRECTION('',(-2.334869823773E-16,-1.,0.));
#5757 = ORIENTED_EDGE('',*,*,#5758,.T.);
#5758 = EDGE_CURVE('',#5751,#5759,#5761,.T.);
#5759 = VERTEX_POINT('',#5760);
#5760 = CARTESIAN_POINT('',(0.1,-1.478333333333,3.458333333333));
#5761 = LINE('',#5762,#5763);
#5762 = CARTESIAN_POINT('',(0.1,-1.478333333333,1.058333333333));
#5763 = VECTOR('',#5764,1.);
#5764 = DIRECTION('',(0.,0.,1.));
#5765 = ORIENTED_EDGE('',*,*,#5766,.T.);
#5766 = EDGE_CURVE('',#5759,#3817,#5767,.T.);
#5767 = LINE('',#5768,#5769);
#5768 = CARTESIAN_POINT('',(0.1,-1.478333333333,3.458333333333));
#5769 = VECTOR('',#5770,1.);
#5770 = DIRECTION('',(-1.651002285576E-16,-0.707106781187,0.707106781187
    ));
#5771 = ORIENTED_EDGE('',*,*,#3824,.F.);
#5772 = ORIENTED_EDGE('',*,*,#5717,.T.);
#5773 = PLANE('',#5774);
#5774 = AXIS2_PLACEMENT_3D('',#5775,#5776,#5777);
#5775 = CARTESIAN_POINT('',(0.1,-1.27,1.92709124047));
#5776 = DIRECTION('',(1.,-2.334869823773E-16,0.));
#5777 = DIRECTION('',(0.,0.,1.));
#5778 = ADVANCED_FACE('',(#5779),#5797,.T.);
#5779 = FACE_BOUND('',#5780,.T.);
#5780 = EDGE_LOOP('',(#5781,#5789,#5795,#5796));
#5781 = ORIENTED_EDGE('',*,*,#5782,.T.);
#5782 = EDGE_CURVE('',#5759,#5783,#5785,.T.);
#5783 = VERTEX_POINT('',#5784);
#5784 = CARTESIAN_POINT('',(-0.1,-1.478333333333,3.458333333333));
#5785 = LINE('',#5786,#5787);
#5786 = CARTESIAN_POINT('',(0.1,-1.478333333333,3.458333333333));
#5787 = VECTOR('',#5788,1.);
#5788 = DIRECTION('',(-1.,2.334869823773E-16,0.));
#5789 = ORIENTED_EDGE('',*,*,#5790,.T.);
#5790 = EDGE_CURVE('',#5783,#3809,#5791,.T.);
#5791 = LINE('',#5792,#5793);
#5792 = CARTESIAN_POINT('',(-0.1,-1.478333333333,3.458333333333));
#5793 = VECTOR('',#5794,1.);
#5794 = DIRECTION('',(-1.651002285576E-16,-0.707106781187,0.707106781187
    ));
#5795 = ORIENTED_EDGE('',*,*,#3816,.F.);
#5796 = ORIENTED_EDGE('',*,*,#5766,.F.);
#5797 = PLANE('',#5798);
#5798 = AXIS2_PLACEMENT_3D('',#5799,#5800,#5801);
#5799 = CARTESIAN_POINT('',(0.1,-1.478333333333,3.458333333333));
#5800 = DIRECTION('',(1.651002285576E-16,0.707106781187,0.707106781187)
  );
#5801 = DIRECTION('',(-1.651002285576E-16,-0.707106781187,0.707106781187
    ));
#5802 = ADVANCED_FACE('',(#5803),#5839,.F.);
#5803 = FACE_BOUND('',#5804,.F.);
#5804 = EDGE_LOOP('',(#5805,#5806,#5814,#5822,#5830,#5836,#5837,#5838));
#5805 = ORIENTED_EDGE('',*,*,#3904,.F.);
#5806 = ORIENTED_EDGE('',*,*,#5807,.T.);
#5807 = EDGE_CURVE('',#3897,#5808,#5810,.T.);
#5808 = VERTEX_POINT('',#5809);
#5809 = CARTESIAN_POINT('',(-0.1,-1.061666666667,3.458333333333));
#5810 = LINE('',#5811,#5812);
#5811 = CARTESIAN_POINT('',(-0.1,-1.02,3.5));
#5812 = VECTOR('',#5813,1.);
#5813 = DIRECTION('',(-1.651002285576E-16,-0.707106781187,
    -0.707106781187));
#5814 = ORIENTED_EDGE('',*,*,#5815,.T.);
#5815 = EDGE_CURVE('',#5808,#5816,#5818,.T.);
#5816 = VERTEX_POINT('',#5817);
#5817 = CARTESIAN_POINT('',(-0.1,-1.061666666667,1.058333333333));
#5818 = LINE('',#5819,#5820);
#5819 = CARTESIAN_POINT('',(-0.1,-1.061666666667,3.458333333333));
#5820 = VECTOR('',#5821,1.);
#5821 = DIRECTION('',(-0.,0.,-1.));
#5822 = ORIENTED_EDGE('',*,*,#5823,.T.);
#5823 = EDGE_CURVE('',#5816,#5824,#5826,.T.);
#5824 = VERTEX_POINT('',#5825);
#5825 = CARTESIAN_POINT('',(-0.1,-1.478333333333,1.058333333333));
#5826 = LINE('',#5827,#5828);
#5827 = CARTESIAN_POINT('',(-0.1,-1.061666666667,1.058333333333));
#5828 = VECTOR('',#5829,1.);
#5829 = DIRECTION('',(-2.334869823773E-16,-1.,0.));
#5830 = ORIENTED_EDGE('',*,*,#5831,.T.);
#5831 = EDGE_CURVE('',#5824,#5783,#5832,.T.);
#5832 = LINE('',#5833,#5834);
#5833 = CARTESIAN_POINT('',(-0.1,-1.478333333333,1.058333333333));
#5834 = VECTOR('',#5835,1.);
#5835 = DIRECTION('',(0.,0.,1.));
#5836 = ORIENTED_EDGE('',*,*,#5790,.T.);
#5837 = ORIENTED_EDGE('',*,*,#3808,.F.);
#5838 = ORIENTED_EDGE('',*,*,#5702,.T.);
#5839 = PLANE('',#5840);
#5840 = AXIS2_PLACEMENT_3D('',#5841,#5842,#5843);
#5841 = CARTESIAN_POINT('',(-0.1,-1.27,1.92709124047));
#5842 = DIRECTION('',(1.,-2.334869823773E-16,0.));
#5843 = DIRECTION('',(0.,0.,1.));
#5844 = ADVANCED_FACE('',(#5845),#5856,.T.);
#5845 = FACE_BOUND('',#5846,.T.);
#5846 = EDGE_LOOP('',(#5847,#5848,#5849,#5855));
#5847 = ORIENTED_EDGE('',*,*,#3896,.T.);
#5848 = ORIENTED_EDGE('',*,*,#5807,.T.);
#5849 = ORIENTED_EDGE('',*,*,#5850,.F.);
#5850 = EDGE_CURVE('',#5735,#5808,#5851,.T.);
#5851 = LINE('',#5852,#5853);
#5852 = CARTESIAN_POINT('',(0.1,-1.061666666667,3.458333333333));
#5853 = VECTOR('',#5854,1.);
#5854 = DIRECTION('',(-1.,2.334869823773E-16,0.));
#5855 = ORIENTED_EDGE('',*,*,#5734,.F.);
#5856 = PLANE('',#5857);
#5857 = AXIS2_PLACEMENT_3D('',#5858,#5859,#5860);
#5858 = CARTESIAN_POINT('',(0.1,-1.02,3.5));
#5859 = DIRECTION('',(-1.651002285576E-16,-0.707106781187,0.707106781187
    ));
#5860 = DIRECTION('',(-1.651002285576E-16,-0.707106781187,
    -0.707106781187));
#5861 = ADVANCED_FACE('',(#5862),#5873,.T.);
#5862 = FACE_BOUND('',#5863,.T.);
#5863 = EDGE_LOOP('',(#5864,#5865,#5866,#5867));
#5864 = ORIENTED_EDGE('',*,*,#4072,.T.);
#5865 = ORIENTED_EDGE('',*,*,#3935,.T.);
#5866 = ORIENTED_EDGE('',*,*,#3960,.T.);
#5867 = ORIENTED_EDGE('',*,*,#5868,.T.);
#5868 = EDGE_CURVE('',#3961,#4065,#5869,.T.);
#5869 = LINE('',#5870,#5871);
#5870 = CARTESIAN_POINT('',(-0.1,1.282477667045E-16,0.75));
#5871 = VECTOR('',#5872,1.);
#5872 = DIRECTION('',(2.334869823773E-16,1.,-0.));
#5873 = PLANE('',#5874);
#5874 = AXIS2_PLACEMENT_3D('',#5875,#5876,#5877);
#5875 = CARTESIAN_POINT('',(2.22044604925E-16,2.22044604925E-16,0.75));
#5876 = DIRECTION('',(0.,0.,1.));
#5877 = DIRECTION('',(-2.334869823773E-16,-1.,0.));
#5878 = ADVANCED_FACE('',(#5879),#5890,.T.);
#5879 = FACE_BOUND('',#5880,.T.);
#5880 = EDGE_LOOP('',(#5881,#5882,#5888,#5889));
#5881 = ORIENTED_EDGE('',*,*,#4040,.T.);
#5882 = ORIENTED_EDGE('',*,*,#5883,.F.);
#5883 = EDGE_CURVE('',#3985,#4041,#5884,.T.);
#5884 = LINE('',#5885,#5886);
#5885 = CARTESIAN_POINT('',(0.1,9.379683822053E-17,0.75));
#5886 = VECTOR('',#5887,1.);
#5887 = DIRECTION('',(2.334869823773E-16,1.,-0.));
#5888 = ORIENTED_EDGE('',*,*,#3992,.T.);
#5889 = ORIENTED_EDGE('',*,*,#4015,.T.);
#5890 = PLANE('',#5891);
#5891 = AXIS2_PLACEMENT_3D('',#5892,#5893,#5894);
#5892 = CARTESIAN_POINT('',(2.22044604925E-16,2.22044604925E-16,0.75));
#5893 = DIRECTION('',(0.,0.,1.));
#5894 = DIRECTION('',(-2.334869823773E-16,-1.,0.));
#5895 = ADVANCED_FACE('',(#5896),#5939,.T.);
#5896 = FACE_BOUND('',#5897,.T.);
#5897 = EDGE_LOOP('',(#5898,#5899,#5907,#5915,#5923,#5931,#5937,#5938));
#5898 = ORIENTED_EDGE('',*,*,#4048,.F.);
#5899 = ORIENTED_EDGE('',*,*,#5900,.T.);
#5900 = EDGE_CURVE('',#4049,#5901,#5903,.T.);
#5901 = VERTEX_POINT('',#5902);
#5902 = CARTESIAN_POINT('',(0.1,0.208333333333,3.458333333333));
#5903 = LINE('',#5904,#5905);
#5904 = CARTESIAN_POINT('',(0.1,0.25,3.5));
#5905 = VECTOR('',#5906,1.);
#5906 = DIRECTION('',(-1.651002285576E-16,-0.707106781187,
    -0.707106781187));
#5907 = ORIENTED_EDGE('',*,*,#5908,.T.);
#5908 = EDGE_CURVE('',#5901,#5909,#5911,.T.);
#5909 = VERTEX_POINT('',#5910);
#5910 = CARTESIAN_POINT('',(0.1,0.208333333333,1.058333333333));
#5911 = LINE('',#5912,#5913);
#5912 = CARTESIAN_POINT('',(0.1,0.208333333333,3.458333333333));
#5913 = VECTOR('',#5914,1.);
#5914 = DIRECTION('',(-0.,0.,-1.));
#5915 = ORIENTED_EDGE('',*,*,#5916,.T.);
#5916 = EDGE_CURVE('',#5909,#5917,#5919,.T.);
#5917 = VERTEX_POINT('',#5918);
#5918 = CARTESIAN_POINT('',(0.1,-0.208333333333,1.058333333333));
#5919 = LINE('',#5920,#5921);
#5920 = CARTESIAN_POINT('',(0.1,0.208333333333,1.058333333333));
#5921 = VECTOR('',#5922,1.);
#5922 = DIRECTION('',(-2.334869823773E-16,-1.,0.));
#5923 = ORIENTED_EDGE('',*,*,#5924,.T.);
#5924 = EDGE_CURVE('',#5917,#5925,#5927,.T.);
#5925 = VERTEX_POINT('',#5926);
#5926 = CARTESIAN_POINT('',(0.1,-0.208333333333,3.458333333333));
#5927 = LINE('',#5928,#5929);
#5928 = CARTESIAN_POINT('',(0.1,-0.208333333333,1.058333333333));
#5929 = VECTOR('',#5930,1.);
#5930 = DIRECTION('',(0.,0.,1.));
#5931 = ORIENTED_EDGE('',*,*,#5932,.T.);
#5932 = EDGE_CURVE('',#5925,#3977,#5933,.T.);
#5933 = LINE('',#5934,#5935);
#5934 = CARTESIAN_POINT('',(0.1,-0.208333333333,3.458333333333));
#5935 = VECTOR('',#5936,1.);
#5936 = DIRECTION('',(-1.651002285576E-16,-0.707106781187,0.707106781187
    ));
#5937 = ORIENTED_EDGE('',*,*,#3984,.F.);
#5938 = ORIENTED_EDGE('',*,*,#5883,.T.);
#5939 = PLANE('',#5940);
#5940 = AXIS2_PLACEMENT_3D('',#5941,#5942,#5943);
#5941 = CARTESIAN_POINT('',(0.1,-1.110223024625E-17,1.92709124047));
#5942 = DIRECTION('',(1.,-2.334869823773E-16,0.));
#5943 = DIRECTION('',(0.,0.,1.));
#5944 = ADVANCED_FACE('',(#5945),#5963,.T.);
#5945 = FACE_BOUND('',#5946,.T.);
#5946 = EDGE_LOOP('',(#5947,#5955,#5961,#5962));
#5947 = ORIENTED_EDGE('',*,*,#5948,.T.);
#5948 = EDGE_CURVE('',#5925,#5949,#5951,.T.);
#5949 = VERTEX_POINT('',#5950);
#5950 = CARTESIAN_POINT('',(-0.1,-0.208333333333,3.458333333333));
#5951 = LINE('',#5952,#5953);
#5952 = CARTESIAN_POINT('',(0.1,-0.208333333333,3.458333333333));
#5953 = VECTOR('',#5954,1.);
#5954 = DIRECTION('',(-1.,2.334869823773E-16,0.));
#5955 = ORIENTED_EDGE('',*,*,#5956,.T.);
#5956 = EDGE_CURVE('',#5949,#3969,#5957,.T.);
#5957 = LINE('',#5958,#5959);
#5958 = CARTESIAN_POINT('',(-0.1,-0.208333333333,3.458333333333));
#5959 = VECTOR('',#5960,1.);
#5960 = DIRECTION('',(-1.651002285576E-16,-0.707106781187,0.707106781187
    ));
#5961 = ORIENTED_EDGE('',*,*,#3976,.F.);
#5962 = ORIENTED_EDGE('',*,*,#5932,.F.);
#5963 = PLANE('',#5964);
#5964 = AXIS2_PLACEMENT_3D('',#5965,#5966,#5967);
#5965 = CARTESIAN_POINT('',(0.1,-0.208333333333,3.458333333333));
#5966 = DIRECTION('',(1.651002285576E-16,0.707106781187,0.707106781187)
  );
#5967 = DIRECTION('',(-1.651002285576E-16,-0.707106781187,0.707106781187
    ));
#5968 = ADVANCED_FACE('',(#5969),#6005,.F.);
#5969 = FACE_BOUND('',#5970,.F.);
#5970 = EDGE_LOOP('',(#5971,#5972,#5980,#5988,#5996,#6002,#6003,#6004));
#5971 = ORIENTED_EDGE('',*,*,#4064,.F.);
#5972 = ORIENTED_EDGE('',*,*,#5973,.T.);
#5973 = EDGE_CURVE('',#4057,#5974,#5976,.T.);
#5974 = VERTEX_POINT('',#5975);
#5975 = CARTESIAN_POINT('',(-0.1,0.208333333333,3.458333333333));
#5976 = LINE('',#5977,#5978);
#5977 = CARTESIAN_POINT('',(-0.1,0.25,3.5));
#5978 = VECTOR('',#5979,1.);
#5979 = DIRECTION('',(-1.651002285576E-16,-0.707106781187,
    -0.707106781187));
#5980 = ORIENTED_EDGE('',*,*,#5981,.T.);
#5981 = EDGE_CURVE('',#5974,#5982,#5984,.T.);
#5982 = VERTEX_POINT('',#5983);
#5983 = CARTESIAN_POINT('',(-0.1,0.208333333333,1.058333333333));
#5984 = LINE('',#5985,#5986);
#5985 = CARTESIAN_POINT('',(-0.1,0.208333333333,3.458333333333));
#5986 = VECTOR('',#5987,1.);
#5987 = DIRECTION('',(-0.,0.,-1.));
#5988 = ORIENTED_EDGE('',*,*,#5989,.T.);
#5989 = EDGE_CURVE('',#5982,#5990,#5992,.T.);
#5990 = VERTEX_POINT('',#5991);
#5991 = CARTESIAN_POINT('',(-0.1,-0.208333333333,1.058333333333));
#5992 = LINE('',#5993,#5994);
#5993 = CARTESIAN_POINT('',(-0.1,0.208333333333,1.058333333333));
#5994 = VECTOR('',#5995,1.);
#5995 = DIRECTION('',(-2.334869823773E-16,-1.,0.));
#5996 = ORIENTED_EDGE('',*,*,#5997,.T.);
#5997 = EDGE_CURVE('',#5990,#5949,#5998,.T.);
#5998 = LINE('',#5999,#6000);
#5999 = CARTESIAN_POINT('',(-0.1,-0.208333333333,1.058333333333));
#6000 = VECTOR('',#6001,1.);
#6001 = DIRECTION('',(0.,0.,1.));
#6002 = ORIENTED_EDGE('',*,*,#5956,.T.);
#6003 = ORIENTED_EDGE('',*,*,#3968,.F.);
#6004 = ORIENTED_EDGE('',*,*,#5868,.T.);
#6005 = PLANE('',#6006);
#6006 = AXIS2_PLACEMENT_3D('',#6007,#6008,#6009);
#6007 = CARTESIAN_POINT('',(-0.1,1.110223024625E-17,1.92709124047));
#6008 = DIRECTION('',(1.,-2.334869823773E-16,0.));
#6009 = DIRECTION('',(0.,0.,1.));
#6010 = ADVANCED_FACE('',(#6011),#6022,.T.);
#6011 = FACE_BOUND('',#6012,.T.);
#6012 = EDGE_LOOP('',(#6013,#6014,#6015,#6021));
#6013 = ORIENTED_EDGE('',*,*,#4056,.T.);
#6014 = ORIENTED_EDGE('',*,*,#5973,.T.);
#6015 = ORIENTED_EDGE('',*,*,#6016,.F.);
#6016 = EDGE_CURVE('',#5901,#5974,#6017,.T.);
#6017 = LINE('',#6018,#6019);
#6018 = CARTESIAN_POINT('',(0.1,0.208333333333,3.458333333333));
#6019 = VECTOR('',#6020,1.);
#6020 = DIRECTION('',(-1.,2.334869823773E-16,0.));
#6021 = ORIENTED_EDGE('',*,*,#5900,.F.);
#6022 = PLANE('',#6023);
#6023 = AXIS2_PLACEMENT_3D('',#6024,#6025,#6026);
#6024 = CARTESIAN_POINT('',(0.1,0.25,3.5));
#6025 = DIRECTION('',(-1.651002285576E-16,-0.707106781187,0.707106781187
    ));
#6026 = DIRECTION('',(-1.651002285576E-16,-0.707106781187,
    -0.707106781187));
#6027 = ADVANCED_FACE('',(#6028),#6039,.T.);
#6028 = FACE_BOUND('',#6029,.T.);
#6029 = EDGE_LOOP('',(#6030,#6031,#6032,#6033));
#6030 = ORIENTED_EDGE('',*,*,#4232,.T.);
#6031 = ORIENTED_EDGE('',*,*,#4095,.T.);
#6032 = ORIENTED_EDGE('',*,*,#4120,.T.);
#6033 = ORIENTED_EDGE('',*,*,#6034,.T.);
#6034 = EDGE_CURVE('',#4121,#4225,#6035,.T.);
#6035 = LINE('',#6036,#6037);
#6036 = CARTESIAN_POINT('',(-1.17,-3.81,0.75));
#6037 = VECTOR('',#6038,1.);
#6038 = DIRECTION('',(-1.110223024625E-16,-1.,0.));
#6039 = PLANE('',#6040);
#6040 = AXIS2_PLACEMENT_3D('',#6041,#6042,#6043);
#6041 = CARTESIAN_POINT('',(-1.27,-3.81,0.75));
#6042 = DIRECTION('',(0.,0.,1.));
#6043 = DIRECTION('',(1.110223024625E-16,1.,-0.));
#6044 = ADVANCED_FACE('',(#6045),#6056,.T.);
#6045 = FACE_BOUND('',#6046,.T.);
#6046 = EDGE_LOOP('',(#6047,#6048,#6054,#6055));
#6047 = ORIENTED_EDGE('',*,*,#4200,.T.);
#6048 = ORIENTED_EDGE('',*,*,#6049,.F.);
#6049 = EDGE_CURVE('',#4145,#4201,#6050,.T.);
#6050 = LINE('',#6051,#6052);
#6051 = CARTESIAN_POINT('',(-1.37,-3.81,0.75));
#6052 = VECTOR('',#6053,1.);
#6053 = DIRECTION('',(-1.110223024625E-16,-1.,0.));
#6054 = ORIENTED_EDGE('',*,*,#4152,.T.);
#6055 = ORIENTED_EDGE('',*,*,#4175,.T.);
#6056 = PLANE('',#6057);
#6057 = AXIS2_PLACEMENT_3D('',#6058,#6059,#6060);
#6058 = CARTESIAN_POINT('',(-1.27,-3.81,0.75));
#6059 = DIRECTION('',(0.,0.,1.));
#6060 = DIRECTION('',(1.110223024625E-16,1.,-0.));
#6061 = ADVANCED_FACE('',(#6062),#6105,.T.);
#6062 = FACE_BOUND('',#6063,.T.);
#6063 = EDGE_LOOP('',(#6064,#6065,#6073,#6081,#6089,#6097,#6103,#6104));
#6064 = ORIENTED_EDGE('',*,*,#4208,.F.);
#6065 = ORIENTED_EDGE('',*,*,#6066,.T.);
#6066 = EDGE_CURVE('',#4209,#6067,#6069,.T.);
#6067 = VERTEX_POINT('',#6068);
#6068 = CARTESIAN_POINT('',(-1.37,-4.018333333333,3.458333333333));
#6069 = LINE('',#6070,#6071);
#6070 = CARTESIAN_POINT('',(-1.37,-4.06,3.5));
#6071 = VECTOR('',#6072,1.);
#6072 = DIRECTION('',(7.850462293414E-17,0.707106781187,-0.707106781187)
  );
#6073 = ORIENTED_EDGE('',*,*,#6074,.T.);
#6074 = EDGE_CURVE('',#6067,#6075,#6077,.T.);
#6075 = VERTEX_POINT('',#6076);
#6076 = CARTESIAN_POINT('',(-1.37,-4.018333333333,1.058333333333));
#6077 = LINE('',#6078,#6079);
#6078 = CARTESIAN_POINT('',(-1.37,-4.018333333333,3.458333333333));
#6079 = VECTOR('',#6080,1.);
#6080 = DIRECTION('',(0.,0.,-1.));
#6081 = ORIENTED_EDGE('',*,*,#6082,.T.);
#6082 = EDGE_CURVE('',#6075,#6083,#6085,.T.);
#6083 = VERTEX_POINT('',#6084);
#6084 = CARTESIAN_POINT('',(-1.37,-3.601666666667,1.058333333333));
#6085 = LINE('',#6086,#6087);
#6086 = CARTESIAN_POINT('',(-1.37,-4.018333333333,1.058333333333));
#6087 = VECTOR('',#6088,1.);
#6088 = DIRECTION('',(1.110223024625E-16,1.,0.));
#6089 = ORIENTED_EDGE('',*,*,#6090,.T.);
#6090 = EDGE_CURVE('',#6083,#6091,#6093,.T.);
#6091 = VERTEX_POINT('',#6092);
#6092 = CARTESIAN_POINT('',(-1.37,-3.601666666667,3.458333333333));
#6093 = LINE('',#6094,#6095);
#6094 = CARTESIAN_POINT('',(-1.37,-3.601666666667,1.058333333333));
#6095 = VECTOR('',#6096,1.);
#6096 = DIRECTION('',(0.,0.,1.));
#6097 = ORIENTED_EDGE('',*,*,#6098,.T.);
#6098 = EDGE_CURVE('',#6091,#4137,#6099,.T.);
#6099 = LINE('',#6100,#6101);
#6100 = CARTESIAN_POINT('',(-1.37,-3.601666666667,3.458333333333));
#6101 = VECTOR('',#6102,1.);
#6102 = DIRECTION('',(7.850462293414E-17,0.707106781187,0.707106781187)
  );
#6103 = ORIENTED_EDGE('',*,*,#4144,.F.);
#6104 = ORIENTED_EDGE('',*,*,#6049,.T.);
#6105 = PLANE('',#6106);
#6106 = AXIS2_PLACEMENT_3D('',#6107,#6108,#6109);
#6107 = CARTESIAN_POINT('',(-1.37,-3.81,1.92709124047));
#6108 = DIRECTION('',(-1.,1.110223024625E-16,0.));
#6109 = DIRECTION('',(0.,0.,1.));
#6110 = ADVANCED_FACE('',(#6111),#6129,.T.);
#6111 = FACE_BOUND('',#6112,.T.);
#6112 = EDGE_LOOP('',(#6113,#6121,#6127,#6128));
#6113 = ORIENTED_EDGE('',*,*,#6114,.T.);
#6114 = EDGE_CURVE('',#6091,#6115,#6117,.T.);
#6115 = VERTEX_POINT('',#6116);
#6116 = CARTESIAN_POINT('',(-1.17,-3.601666666667,3.458333333333));
#6117 = LINE('',#6118,#6119);
#6118 = CARTESIAN_POINT('',(-1.37,-3.601666666667,3.458333333333));
#6119 = VECTOR('',#6120,1.);
#6120 = DIRECTION('',(1.,-1.110223024625E-16,0.));
#6121 = ORIENTED_EDGE('',*,*,#6122,.T.);
#6122 = EDGE_CURVE('',#6115,#4129,#6123,.T.);
#6123 = LINE('',#6124,#6125);
#6124 = CARTESIAN_POINT('',(-1.17,-3.601666666667,3.458333333333));
#6125 = VECTOR('',#6126,1.);
#6126 = DIRECTION('',(7.850462293414E-17,0.707106781187,0.707106781187)
  );
#6127 = ORIENTED_EDGE('',*,*,#4136,.F.);
#6128 = ORIENTED_EDGE('',*,*,#6098,.F.);
#6129 = PLANE('',#6130);
#6130 = AXIS2_PLACEMENT_3D('',#6131,#6132,#6133);
#6131 = CARTESIAN_POINT('',(-1.37,-3.601666666667,3.458333333333));
#6132 = DIRECTION('',(-7.850462293414E-17,-0.707106781187,0.707106781187
    ));
#6133 = DIRECTION('',(7.850462293414E-17,0.707106781187,0.707106781187)
  );
#6134 = ADVANCED_FACE('',(#6135),#6171,.F.);
#6135 = FACE_BOUND('',#6136,.F.);
#6136 = EDGE_LOOP('',(#6137,#6138,#6146,#6154,#6162,#6168,#6169,#6170));
#6137 = ORIENTED_EDGE('',*,*,#4224,.F.);
#6138 = ORIENTED_EDGE('',*,*,#6139,.T.);
#6139 = EDGE_CURVE('',#4217,#6140,#6142,.T.);
#6140 = VERTEX_POINT('',#6141);
#6141 = CARTESIAN_POINT('',(-1.17,-4.018333333333,3.458333333333));
#6142 = LINE('',#6143,#6144);
#6143 = CARTESIAN_POINT('',(-1.17,-4.06,3.5));
#6144 = VECTOR('',#6145,1.);
#6145 = DIRECTION('',(7.850462293414E-17,0.707106781187,-0.707106781187)
  );
#6146 = ORIENTED_EDGE('',*,*,#6147,.T.);
#6147 = EDGE_CURVE('',#6140,#6148,#6150,.T.);
#6148 = VERTEX_POINT('',#6149);
#6149 = CARTESIAN_POINT('',(-1.17,-4.018333333333,1.058333333333));
#6150 = LINE('',#6151,#6152);
#6151 = CARTESIAN_POINT('',(-1.17,-4.018333333333,3.458333333333));
#6152 = VECTOR('',#6153,1.);
#6153 = DIRECTION('',(0.,0.,-1.));
#6154 = ORIENTED_EDGE('',*,*,#6155,.T.);
#6155 = EDGE_CURVE('',#6148,#6156,#6158,.T.);
#6156 = VERTEX_POINT('',#6157);
#6157 = CARTESIAN_POINT('',(-1.17,-3.601666666667,1.058333333333));
#6158 = LINE('',#6159,#6160);
#6159 = CARTESIAN_POINT('',(-1.17,-4.018333333333,1.058333333333));
#6160 = VECTOR('',#6161,1.);
#6161 = DIRECTION('',(1.110223024625E-16,1.,0.));
#6162 = ORIENTED_EDGE('',*,*,#6163,.T.);
#6163 = EDGE_CURVE('',#6156,#6115,#6164,.T.);
#6164 = LINE('',#6165,#6166);
#6165 = CARTESIAN_POINT('',(-1.17,-3.601666666667,1.058333333333));
#6166 = VECTOR('',#6167,1.);
#6167 = DIRECTION('',(0.,0.,1.));
#6168 = ORIENTED_EDGE('',*,*,#6122,.T.);
#6169 = ORIENTED_EDGE('',*,*,#4128,.F.);
#6170 = ORIENTED_EDGE('',*,*,#6034,.T.);
#6171 = PLANE('',#6172);
#6172 = AXIS2_PLACEMENT_3D('',#6173,#6174,#6175);
#6173 = CARTESIAN_POINT('',(-1.17,-3.81,1.92709124047));
#6174 = DIRECTION('',(-1.,1.110223024625E-16,0.));
#6175 = DIRECTION('',(0.,0.,1.));
#6176 = ADVANCED_FACE('',(#6177),#6188,.T.);
#6177 = FACE_BOUND('',#6178,.T.);
#6178 = EDGE_LOOP('',(#6179,#6180,#6181,#6187));
#6179 = ORIENTED_EDGE('',*,*,#4216,.T.);
#6180 = ORIENTED_EDGE('',*,*,#6139,.T.);
#6181 = ORIENTED_EDGE('',*,*,#6182,.F.);
#6182 = EDGE_CURVE('',#6067,#6140,#6183,.T.);
#6183 = LINE('',#6184,#6185);
#6184 = CARTESIAN_POINT('',(-1.37,-4.018333333333,3.458333333333));
#6185 = VECTOR('',#6186,1.);
#6186 = DIRECTION('',(1.,-1.110223024625E-16,0.));
#6187 = ORIENTED_EDGE('',*,*,#6066,.F.);
#6188 = PLANE('',#6189);
#6189 = AXIS2_PLACEMENT_3D('',#6190,#6191,#6192);
#6190 = CARTESIAN_POINT('',(-1.37,-4.06,3.5));
#6191 = DIRECTION('',(7.850462293414E-17,0.707106781187,0.707106781187)
  );
#6192 = DIRECTION('',(7.850462293414E-17,0.707106781187,-0.707106781187)
  );
#6193 = ADVANCED_FACE('',(#6194),#6205,.T.);
#6194 = FACE_BOUND('',#6195,.T.);
#6195 = EDGE_LOOP('',(#6196,#6197,#6198,#6199));
#6196 = ORIENTED_EDGE('',*,*,#4392,.T.);
#6197 = ORIENTED_EDGE('',*,*,#4255,.T.);
#6198 = ORIENTED_EDGE('',*,*,#4280,.T.);
#6199 = ORIENTED_EDGE('',*,*,#6200,.T.);
#6200 = EDGE_CURVE('',#4281,#4385,#6201,.T.);
#6201 = LINE('',#6202,#6203);
#6202 = CARTESIAN_POINT('',(-1.17,-2.54,0.75));
#6203 = VECTOR('',#6204,1.);
#6204 = DIRECTION('',(-1.110223024625E-16,-1.,0.));
#6205 = PLANE('',#6206);
#6206 = AXIS2_PLACEMENT_3D('',#6207,#6208,#6209);
#6207 = CARTESIAN_POINT('',(-1.27,-2.54,0.75));
#6208 = DIRECTION('',(0.,0.,1.));
#6209 = DIRECTION('',(1.110223024625E-16,1.,-0.));
#6210 = ADVANCED_FACE('',(#6211),#6222,.T.);
#6211 = FACE_BOUND('',#6212,.T.);
#6212 = EDGE_LOOP('',(#6213,#6214,#6220,#6221));
#6213 = ORIENTED_EDGE('',*,*,#4360,.T.);
#6214 = ORIENTED_EDGE('',*,*,#6215,.F.);
#6215 = EDGE_CURVE('',#4305,#4361,#6216,.T.);
#6216 = LINE('',#6217,#6218);
#6217 = CARTESIAN_POINT('',(-1.37,-2.54,0.75));
#6218 = VECTOR('',#6219,1.);
#6219 = DIRECTION('',(-1.110223024625E-16,-1.,0.));
#6220 = ORIENTED_EDGE('',*,*,#4312,.T.);
#6221 = ORIENTED_EDGE('',*,*,#4335,.T.);
#6222 = PLANE('',#6223);
#6223 = AXIS2_PLACEMENT_3D('',#6224,#6225,#6226);
#6224 = CARTESIAN_POINT('',(-1.27,-2.54,0.75));
#6225 = DIRECTION('',(0.,0.,1.));
#6226 = DIRECTION('',(1.110223024625E-16,1.,-0.));
#6227 = ADVANCED_FACE('',(#6228),#6271,.T.);
#6228 = FACE_BOUND('',#6229,.T.);
#6229 = EDGE_LOOP('',(#6230,#6231,#6239,#6247,#6255,#6263,#6269,#6270));
#6230 = ORIENTED_EDGE('',*,*,#4368,.F.);
#6231 = ORIENTED_EDGE('',*,*,#6232,.T.);
#6232 = EDGE_CURVE('',#4369,#6233,#6235,.T.);
#6233 = VERTEX_POINT('',#6234);
#6234 = CARTESIAN_POINT('',(-1.37,-2.748333333333,3.458333333333));
#6235 = LINE('',#6236,#6237);
#6236 = CARTESIAN_POINT('',(-1.37,-2.79,3.5));
#6237 = VECTOR('',#6238,1.);
#6238 = DIRECTION('',(7.850462293414E-17,0.707106781187,-0.707106781187)
  );
#6239 = ORIENTED_EDGE('',*,*,#6240,.T.);
#6240 = EDGE_CURVE('',#6233,#6241,#6243,.T.);
#6241 = VERTEX_POINT('',#6242);
#6242 = CARTESIAN_POINT('',(-1.37,-2.748333333333,1.058333333333));
#6243 = LINE('',#6244,#6245);
#6244 = CARTESIAN_POINT('',(-1.37,-2.748333333333,3.458333333333));
#6245 = VECTOR('',#6246,1.);
#6246 = DIRECTION('',(0.,0.,-1.));
#6247 = ORIENTED_EDGE('',*,*,#6248,.T.);
#6248 = EDGE_CURVE('',#6241,#6249,#6251,.T.);
#6249 = VERTEX_POINT('',#6250);
#6250 = CARTESIAN_POINT('',(-1.37,-2.331666666667,1.058333333333));
#6251 = LINE('',#6252,#6253);
#6252 = CARTESIAN_POINT('',(-1.37,-2.748333333333,1.058333333333));
#6253 = VECTOR('',#6254,1.);
#6254 = DIRECTION('',(1.110223024625E-16,1.,0.));
#6255 = ORIENTED_EDGE('',*,*,#6256,.T.);
#6256 = EDGE_CURVE('',#6249,#6257,#6259,.T.);
#6257 = VERTEX_POINT('',#6258);
#6258 = CARTESIAN_POINT('',(-1.37,-2.331666666667,3.458333333333));
#6259 = LINE('',#6260,#6261);
#6260 = CARTESIAN_POINT('',(-1.37,-2.331666666667,1.058333333333));
#6261 = VECTOR('',#6262,1.);
#6262 = DIRECTION('',(0.,0.,1.));
#6263 = ORIENTED_EDGE('',*,*,#6264,.T.);
#6264 = EDGE_CURVE('',#6257,#4297,#6265,.T.);
#6265 = LINE('',#6266,#6267);
#6266 = CARTESIAN_POINT('',(-1.37,-2.331666666667,3.458333333333));
#6267 = VECTOR('',#6268,1.);
#6268 = DIRECTION('',(7.850462293414E-17,0.707106781187,0.707106781187)
  );
#6269 = ORIENTED_EDGE('',*,*,#4304,.F.);
#6270 = ORIENTED_EDGE('',*,*,#6215,.T.);
#6271 = PLANE('',#6272);
#6272 = AXIS2_PLACEMENT_3D('',#6273,#6274,#6275);
#6273 = CARTESIAN_POINT('',(-1.37,-2.54,1.92709124047));
#6274 = DIRECTION('',(-1.,1.110223024625E-16,0.));
#6275 = DIRECTION('',(0.,0.,1.));
#6276 = ADVANCED_FACE('',(#6277),#6295,.T.);
#6277 = FACE_BOUND('',#6278,.T.);
#6278 = EDGE_LOOP('',(#6279,#6287,#6293,#6294));
#6279 = ORIENTED_EDGE('',*,*,#6280,.T.);
#6280 = EDGE_CURVE('',#6257,#6281,#6283,.T.);
#6281 = VERTEX_POINT('',#6282);
#6282 = CARTESIAN_POINT('',(-1.17,-2.331666666667,3.458333333333));
#6283 = LINE('',#6284,#6285);
#6284 = CARTESIAN_POINT('',(-1.37,-2.331666666667,3.458333333333));
#6285 = VECTOR('',#6286,1.);
#6286 = DIRECTION('',(1.,-1.110223024625E-16,0.));
#6287 = ORIENTED_EDGE('',*,*,#6288,.T.);
#6288 = EDGE_CURVE('',#6281,#4289,#6289,.T.);
#6289 = LINE('',#6290,#6291);
#6290 = CARTESIAN_POINT('',(-1.17,-2.331666666667,3.458333333333));
#6291 = VECTOR('',#6292,1.);
#6292 = DIRECTION('',(7.850462293414E-17,0.707106781187,0.707106781187)
  );
#6293 = ORIENTED_EDGE('',*,*,#4296,.F.);
#6294 = ORIENTED_EDGE('',*,*,#6264,.F.);
#6295 = PLANE('',#6296);
#6296 = AXIS2_PLACEMENT_3D('',#6297,#6298,#6299);
#6297 = CARTESIAN_POINT('',(-1.37,-2.331666666667,3.458333333333));
#6298 = DIRECTION('',(-7.850462293414E-17,-0.707106781187,0.707106781187
    ));
#6299 = DIRECTION('',(7.850462293414E-17,0.707106781187,0.707106781187)
  );
#6300 = ADVANCED_FACE('',(#6301),#6337,.F.);
#6301 = FACE_BOUND('',#6302,.F.);
#6302 = EDGE_LOOP('',(#6303,#6304,#6312,#6320,#6328,#6334,#6335,#6336));
#6303 = ORIENTED_EDGE('',*,*,#4384,.F.);
#6304 = ORIENTED_EDGE('',*,*,#6305,.T.);
#6305 = EDGE_CURVE('',#4377,#6306,#6308,.T.);
#6306 = VERTEX_POINT('',#6307);
#6307 = CARTESIAN_POINT('',(-1.17,-2.748333333333,3.458333333333));
#6308 = LINE('',#6309,#6310);
#6309 = CARTESIAN_POINT('',(-1.17,-2.79,3.5));
#6310 = VECTOR('',#6311,1.);
#6311 = DIRECTION('',(7.850462293414E-17,0.707106781187,-0.707106781187)
  );
#6312 = ORIENTED_EDGE('',*,*,#6313,.T.);
#6313 = EDGE_CURVE('',#6306,#6314,#6316,.T.);
#6314 = VERTEX_POINT('',#6315);
#6315 = CARTESIAN_POINT('',(-1.17,-2.748333333333,1.058333333333));
#6316 = LINE('',#6317,#6318);
#6317 = CARTESIAN_POINT('',(-1.17,-2.748333333333,3.458333333333));
#6318 = VECTOR('',#6319,1.);
#6319 = DIRECTION('',(0.,0.,-1.));
#6320 = ORIENTED_EDGE('',*,*,#6321,.T.);
#6321 = EDGE_CURVE('',#6314,#6322,#6324,.T.);
#6322 = VERTEX_POINT('',#6323);
#6323 = CARTESIAN_POINT('',(-1.17,-2.331666666667,1.058333333333));
#6324 = LINE('',#6325,#6326);
#6325 = CARTESIAN_POINT('',(-1.17,-2.748333333333,1.058333333333));
#6326 = VECTOR('',#6327,1.);
#6327 = DIRECTION('',(1.110223024625E-16,1.,0.));
#6328 = ORIENTED_EDGE('',*,*,#6329,.T.);
#6329 = EDGE_CURVE('',#6322,#6281,#6330,.T.);
#6330 = LINE('',#6331,#6332);
#6331 = CARTESIAN_POINT('',(-1.17,-2.331666666667,1.058333333333));
#6332 = VECTOR('',#6333,1.);
#6333 = DIRECTION('',(0.,0.,1.));
#6334 = ORIENTED_EDGE('',*,*,#6288,.T.);
#6335 = ORIENTED_EDGE('',*,*,#4288,.F.);
#6336 = ORIENTED_EDGE('',*,*,#6200,.T.);
#6337 = PLANE('',#6338);
#6338 = AXIS2_PLACEMENT_3D('',#6339,#6340,#6341);
#6339 = CARTESIAN_POINT('',(-1.17,-2.54,1.92709124047));
#6340 = DIRECTION('',(-1.,1.110223024625E-16,0.));
#6341 = DIRECTION('',(0.,0.,1.));
#6342 = ADVANCED_FACE('',(#6343),#6354,.T.);
#6343 = FACE_BOUND('',#6344,.T.);
#6344 = EDGE_LOOP('',(#6345,#6346,#6347,#6353));
#6345 = ORIENTED_EDGE('',*,*,#4376,.T.);
#6346 = ORIENTED_EDGE('',*,*,#6305,.T.);
#6347 = ORIENTED_EDGE('',*,*,#6348,.F.);
#6348 = EDGE_CURVE('',#6233,#6306,#6349,.T.);
#6349 = LINE('',#6350,#6351);
#6350 = CARTESIAN_POINT('',(-1.37,-2.748333333333,3.458333333333));
#6351 = VECTOR('',#6352,1.);
#6352 = DIRECTION('',(1.,-1.110223024625E-16,0.));
#6353 = ORIENTED_EDGE('',*,*,#6232,.F.);
#6354 = PLANE('',#6355);
#6355 = AXIS2_PLACEMENT_3D('',#6356,#6357,#6358);
#6356 = CARTESIAN_POINT('',(-1.37,-2.79,3.5));
#6357 = DIRECTION('',(7.850462293414E-17,0.707106781187,0.707106781187)
  );
#6358 = DIRECTION('',(7.850462293414E-17,0.707106781187,-0.707106781187)
  );
#6359 = ADVANCED_FACE('',(#6360),#6371,.T.);
#6360 = FACE_BOUND('',#6361,.T.);
#6361 = EDGE_LOOP('',(#6362,#6363,#6364,#6365));
#6362 = ORIENTED_EDGE('',*,*,#4552,.T.);
#6363 = ORIENTED_EDGE('',*,*,#4415,.T.);
#6364 = ORIENTED_EDGE('',*,*,#4440,.T.);
#6365 = ORIENTED_EDGE('',*,*,#6366,.T.);
#6366 = EDGE_CURVE('',#4441,#4545,#6367,.T.);
#6367 = LINE('',#6368,#6369);
#6368 = CARTESIAN_POINT('',(-1.17,-1.27,0.75));
#6369 = VECTOR('',#6370,1.);
#6370 = DIRECTION('',(-1.110223024625E-16,-1.,0.));
#6371 = PLANE('',#6372);
#6372 = AXIS2_PLACEMENT_3D('',#6373,#6374,#6375);
#6373 = CARTESIAN_POINT('',(-1.27,-1.27,0.75));
#6374 = DIRECTION('',(0.,0.,1.));
#6375 = DIRECTION('',(1.110223024625E-16,1.,-0.));
#6376 = ADVANCED_FACE('',(#6377),#6388,.T.);
#6377 = FACE_BOUND('',#6378,.T.);
#6378 = EDGE_LOOP('',(#6379,#6380,#6386,#6387));
#6379 = ORIENTED_EDGE('',*,*,#4520,.T.);
#6380 = ORIENTED_EDGE('',*,*,#6381,.F.);
#6381 = EDGE_CURVE('',#4465,#4521,#6382,.T.);
#6382 = LINE('',#6383,#6384);
#6383 = CARTESIAN_POINT('',(-1.37,-1.27,0.75));
#6384 = VECTOR('',#6385,1.);
#6385 = DIRECTION('',(-1.110223024625E-16,-1.,0.));
#6386 = ORIENTED_EDGE('',*,*,#4472,.T.);
#6387 = ORIENTED_EDGE('',*,*,#4495,.T.);
#6388 = PLANE('',#6389);
#6389 = AXIS2_PLACEMENT_3D('',#6390,#6391,#6392);
#6390 = CARTESIAN_POINT('',(-1.27,-1.27,0.75));
#6391 = DIRECTION('',(0.,0.,1.));
#6392 = DIRECTION('',(1.110223024625E-16,1.,-0.));
#6393 = ADVANCED_FACE('',(#6394),#6437,.T.);
#6394 = FACE_BOUND('',#6395,.T.);
#6395 = EDGE_LOOP('',(#6396,#6397,#6405,#6413,#6421,#6429,#6435,#6436));
#6396 = ORIENTED_EDGE('',*,*,#4528,.F.);
#6397 = ORIENTED_EDGE('',*,*,#6398,.T.);
#6398 = EDGE_CURVE('',#4529,#6399,#6401,.T.);
#6399 = VERTEX_POINT('',#6400);
#6400 = CARTESIAN_POINT('',(-1.37,-1.478333333333,3.458333333333));
#6401 = LINE('',#6402,#6403);
#6402 = CARTESIAN_POINT('',(-1.37,-1.52,3.5));
#6403 = VECTOR('',#6404,1.);
#6404 = DIRECTION('',(7.850462293414E-17,0.707106781187,-0.707106781187)
  );
#6405 = ORIENTED_EDGE('',*,*,#6406,.T.);
#6406 = EDGE_CURVE('',#6399,#6407,#6409,.T.);
#6407 = VERTEX_POINT('',#6408);
#6408 = CARTESIAN_POINT('',(-1.37,-1.478333333333,1.058333333333));
#6409 = LINE('',#6410,#6411);
#6410 = CARTESIAN_POINT('',(-1.37,-1.478333333333,3.458333333333));
#6411 = VECTOR('',#6412,1.);
#6412 = DIRECTION('',(0.,0.,-1.));
#6413 = ORIENTED_EDGE('',*,*,#6414,.T.);
#6414 = EDGE_CURVE('',#6407,#6415,#6417,.T.);
#6415 = VERTEX_POINT('',#6416);
#6416 = CARTESIAN_POINT('',(-1.37,-1.061666666667,1.058333333333));
#6417 = LINE('',#6418,#6419);
#6418 = CARTESIAN_POINT('',(-1.37,-1.478333333333,1.058333333333));
#6419 = VECTOR('',#6420,1.);
#6420 = DIRECTION('',(1.110223024625E-16,1.,0.));
#6421 = ORIENTED_EDGE('',*,*,#6422,.T.);
#6422 = EDGE_CURVE('',#6415,#6423,#6425,.T.);
#6423 = VERTEX_POINT('',#6424);
#6424 = CARTESIAN_POINT('',(-1.37,-1.061666666667,3.458333333333));
#6425 = LINE('',#6426,#6427);
#6426 = CARTESIAN_POINT('',(-1.37,-1.061666666667,1.058333333333));
#6427 = VECTOR('',#6428,1.);
#6428 = DIRECTION('',(0.,0.,1.));
#6429 = ORIENTED_EDGE('',*,*,#6430,.T.);
#6430 = EDGE_CURVE('',#6423,#4457,#6431,.T.);
#6431 = LINE('',#6432,#6433);
#6432 = CARTESIAN_POINT('',(-1.37,-1.061666666667,3.458333333333));
#6433 = VECTOR('',#6434,1.);
#6434 = DIRECTION('',(7.850462293414E-17,0.707106781187,0.707106781187)
  );
#6435 = ORIENTED_EDGE('',*,*,#4464,.F.);
#6436 = ORIENTED_EDGE('',*,*,#6381,.T.);
#6437 = PLANE('',#6438);
#6438 = AXIS2_PLACEMENT_3D('',#6439,#6440,#6441);
#6439 = CARTESIAN_POINT('',(-1.37,-1.27,1.92709124047));
#6440 = DIRECTION('',(-1.,1.110223024625E-16,0.));
#6441 = DIRECTION('',(0.,0.,1.));
#6442 = ADVANCED_FACE('',(#6443),#6461,.T.);
#6443 = FACE_BOUND('',#6444,.T.);
#6444 = EDGE_LOOP('',(#6445,#6453,#6459,#6460));
#6445 = ORIENTED_EDGE('',*,*,#6446,.T.);
#6446 = EDGE_CURVE('',#6423,#6447,#6449,.T.);
#6447 = VERTEX_POINT('',#6448);
#6448 = CARTESIAN_POINT('',(-1.17,-1.061666666667,3.458333333333));
#6449 = LINE('',#6450,#6451);
#6450 = CARTESIAN_POINT('',(-1.37,-1.061666666667,3.458333333333));
#6451 = VECTOR('',#6452,1.);
#6452 = DIRECTION('',(1.,-1.110223024625E-16,0.));
#6453 = ORIENTED_EDGE('',*,*,#6454,.T.);
#6454 = EDGE_CURVE('',#6447,#4449,#6455,.T.);
#6455 = LINE('',#6456,#6457);
#6456 = CARTESIAN_POINT('',(-1.17,-1.061666666667,3.458333333333));
#6457 = VECTOR('',#6458,1.);
#6458 = DIRECTION('',(7.850462293414E-17,0.707106781187,0.707106781187)
  );
#6459 = ORIENTED_EDGE('',*,*,#4456,.F.);
#6460 = ORIENTED_EDGE('',*,*,#6430,.F.);
#6461 = PLANE('',#6462);
#6462 = AXIS2_PLACEMENT_3D('',#6463,#6464,#6465);
#6463 = CARTESIAN_POINT('',(-1.37,-1.061666666667,3.458333333333));
#6464 = DIRECTION('',(-7.850462293414E-17,-0.707106781187,0.707106781187
    ));
#6465 = DIRECTION('',(7.850462293414E-17,0.707106781187,0.707106781187)
  );
#6466 = ADVANCED_FACE('',(#6467),#6503,.F.);
#6467 = FACE_BOUND('',#6468,.F.);
#6468 = EDGE_LOOP('',(#6469,#6470,#6478,#6486,#6494,#6500,#6501,#6502));
#6469 = ORIENTED_EDGE('',*,*,#4544,.F.);
#6470 = ORIENTED_EDGE('',*,*,#6471,.T.);
#6471 = EDGE_CURVE('',#4537,#6472,#6474,.T.);
#6472 = VERTEX_POINT('',#6473);
#6473 = CARTESIAN_POINT('',(-1.17,-1.478333333333,3.458333333333));
#6474 = LINE('',#6475,#6476);
#6475 = CARTESIAN_POINT('',(-1.17,-1.52,3.5));
#6476 = VECTOR('',#6477,1.);
#6477 = DIRECTION('',(7.850462293414E-17,0.707106781187,-0.707106781187)
  );
#6478 = ORIENTED_EDGE('',*,*,#6479,.T.);
#6479 = EDGE_CURVE('',#6472,#6480,#6482,.T.);
#6480 = VERTEX_POINT('',#6481);
#6481 = CARTESIAN_POINT('',(-1.17,-1.478333333333,1.058333333333));
#6482 = LINE('',#6483,#6484);
#6483 = CARTESIAN_POINT('',(-1.17,-1.478333333333,3.458333333333));
#6484 = VECTOR('',#6485,1.);
#6485 = DIRECTION('',(0.,0.,-1.));
#6486 = ORIENTED_EDGE('',*,*,#6487,.T.);
#6487 = EDGE_CURVE('',#6480,#6488,#6490,.T.);
#6488 = VERTEX_POINT('',#6489);
#6489 = CARTESIAN_POINT('',(-1.17,-1.061666666667,1.058333333333));
#6490 = LINE('',#6491,#6492);
#6491 = CARTESIAN_POINT('',(-1.17,-1.478333333333,1.058333333333));
#6492 = VECTOR('',#6493,1.);
#6493 = DIRECTION('',(1.110223024625E-16,1.,0.));
#6494 = ORIENTED_EDGE('',*,*,#6495,.T.);
#6495 = EDGE_CURVE('',#6488,#6447,#6496,.T.);
#6496 = LINE('',#6497,#6498);
#6497 = CARTESIAN_POINT('',(-1.17,-1.061666666667,1.058333333333));
#6498 = VECTOR('',#6499,1.);
#6499 = DIRECTION('',(0.,0.,1.));
#6500 = ORIENTED_EDGE('',*,*,#6454,.T.);
#6501 = ORIENTED_EDGE('',*,*,#4448,.F.);
#6502 = ORIENTED_EDGE('',*,*,#6366,.T.);
#6503 = PLANE('',#6504);
#6504 = AXIS2_PLACEMENT_3D('',#6505,#6506,#6507);
#6505 = CARTESIAN_POINT('',(-1.17,-1.27,1.92709124047));
#6506 = DIRECTION('',(-1.,1.110223024625E-16,0.));
#6507 = DIRECTION('',(0.,0.,1.));
#6508 = ADVANCED_FACE('',(#6509),#6520,.T.);
#6509 = FACE_BOUND('',#6510,.T.);
#6510 = EDGE_LOOP('',(#6511,#6512,#6513,#6519));
#6511 = ORIENTED_EDGE('',*,*,#4536,.T.);
#6512 = ORIENTED_EDGE('',*,*,#6471,.T.);
#6513 = ORIENTED_EDGE('',*,*,#6514,.F.);
#6514 = EDGE_CURVE('',#6399,#6472,#6515,.T.);
#6515 = LINE('',#6516,#6517);
#6516 = CARTESIAN_POINT('',(-1.37,-1.478333333333,3.458333333333));
#6517 = VECTOR('',#6518,1.);
#6518 = DIRECTION('',(1.,-1.110223024625E-16,0.));
#6519 = ORIENTED_EDGE('',*,*,#6398,.F.);
#6520 = PLANE('',#6521);
#6521 = AXIS2_PLACEMENT_3D('',#6522,#6523,#6524);
#6522 = CARTESIAN_POINT('',(-1.37,-1.52,3.5));
#6523 = DIRECTION('',(7.850462293414E-17,0.707106781187,0.707106781187)
  );
#6524 = DIRECTION('',(7.850462293414E-17,0.707106781187,-0.707106781187)
  );
#6525 = ADVANCED_FACE('',(#6526),#6537,.T.);
#6526 = FACE_BOUND('',#6527,.T.);
#6527 = EDGE_LOOP('',(#6528,#6529,#6530,#6531));
#6528 = ORIENTED_EDGE('',*,*,#4712,.T.);
#6529 = ORIENTED_EDGE('',*,*,#4575,.T.);
#6530 = ORIENTED_EDGE('',*,*,#4600,.T.);
#6531 = ORIENTED_EDGE('',*,*,#6532,.T.);
#6532 = EDGE_CURVE('',#4601,#4705,#6533,.T.);
#6533 = LINE('',#6534,#6535);
#6534 = CARTESIAN_POINT('',(-1.17,1.887379141863E-17,0.75));
#6535 = VECTOR('',#6536,1.);
#6536 = DIRECTION('',(-1.110223024625E-16,-1.,0.));
#6537 = PLANE('',#6538);
#6538 = AXIS2_PLACEMENT_3D('',#6539,#6540,#6541);
#6539 = CARTESIAN_POINT('',(-1.27,-8.104628079764E-17,0.75));
#6540 = DIRECTION('',(0.,0.,1.));
#6541 = DIRECTION('',(1.110223024625E-16,1.,-0.));
#6542 = ADVANCED_FACE('',(#6543),#6554,.T.);
#6543 = FACE_BOUND('',#6544,.T.);
#6544 = EDGE_LOOP('',(#6545,#6546,#6552,#6553));
#6545 = ORIENTED_EDGE('',*,*,#4680,.T.);
#6546 = ORIENTED_EDGE('',*,*,#6547,.F.);
#6547 = EDGE_CURVE('',#4625,#4681,#6548,.T.);
#6548 = LINE('',#6549,#6550);
#6549 = CARTESIAN_POINT('',(-1.37,4.107825191113E-17,0.75));
#6550 = VECTOR('',#6551,1.);
#6551 = DIRECTION('',(-1.110223024625E-16,-1.,0.));
#6552 = ORIENTED_EDGE('',*,*,#4632,.T.);
#6553 = ORIENTED_EDGE('',*,*,#4655,.T.);
#6554 = PLANE('',#6555);
#6555 = AXIS2_PLACEMENT_3D('',#6556,#6557,#6558);
#6556 = CARTESIAN_POINT('',(-1.27,-8.104628079764E-17,0.75));
#6557 = DIRECTION('',(0.,0.,1.));
#6558 = DIRECTION('',(1.110223024625E-16,1.,-0.));
#6559 = ADVANCED_FACE('',(#6560),#6603,.T.);
#6560 = FACE_BOUND('',#6561,.T.);
#6561 = EDGE_LOOP('',(#6562,#6563,#6571,#6579,#6587,#6595,#6601,#6602));
#6562 = ORIENTED_EDGE('',*,*,#4688,.F.);
#6563 = ORIENTED_EDGE('',*,*,#6564,.T.);
#6564 = EDGE_CURVE('',#4689,#6565,#6567,.T.);
#6565 = VERTEX_POINT('',#6566);
#6566 = CARTESIAN_POINT('',(-1.37,-0.208333333333,3.458333333333));
#6567 = LINE('',#6568,#6569);
#6568 = CARTESIAN_POINT('',(-1.37,-0.25,3.5));
#6569 = VECTOR('',#6570,1.);
#6570 = DIRECTION('',(7.850462293414E-17,0.707106781187,-0.707106781187)
  );
#6571 = ORIENTED_EDGE('',*,*,#6572,.T.);
#6572 = EDGE_CURVE('',#6565,#6573,#6575,.T.);
#6573 = VERTEX_POINT('',#6574);
#6574 = CARTESIAN_POINT('',(-1.37,-0.208333333333,1.058333333333));
#6575 = LINE('',#6576,#6577);
#6576 = CARTESIAN_POINT('',(-1.37,-0.208333333333,3.458333333333));
#6577 = VECTOR('',#6578,1.);
#6578 = DIRECTION('',(0.,0.,-1.));
#6579 = ORIENTED_EDGE('',*,*,#6580,.T.);
#6580 = EDGE_CURVE('',#6573,#6581,#6583,.T.);
#6581 = VERTEX_POINT('',#6582);
#6582 = CARTESIAN_POINT('',(-1.37,0.208333333333,1.058333333333));
#6583 = LINE('',#6584,#6585);
#6584 = CARTESIAN_POINT('',(-1.37,-0.208333333333,1.058333333333));
#6585 = VECTOR('',#6586,1.);
#6586 = DIRECTION('',(1.110223024625E-16,1.,0.));
#6587 = ORIENTED_EDGE('',*,*,#6588,.T.);
#6588 = EDGE_CURVE('',#6581,#6589,#6591,.T.);
#6589 = VERTEX_POINT('',#6590);
#6590 = CARTESIAN_POINT('',(-1.37,0.208333333333,3.458333333333));
#6591 = LINE('',#6592,#6593);
#6592 = CARTESIAN_POINT('',(-1.37,0.208333333333,1.058333333333));
#6593 = VECTOR('',#6594,1.);
#6594 = DIRECTION('',(0.,0.,1.));
#6595 = ORIENTED_EDGE('',*,*,#6596,.T.);
#6596 = EDGE_CURVE('',#6589,#4617,#6597,.T.);
#6597 = LINE('',#6598,#6599);
#6598 = CARTESIAN_POINT('',(-1.37,0.208333333333,3.458333333333));
#6599 = VECTOR('',#6600,1.);
#6600 = DIRECTION('',(7.850462293414E-17,0.707106781187,0.707106781187)
  );
#6601 = ORIENTED_EDGE('',*,*,#4624,.F.);
#6602 = ORIENTED_EDGE('',*,*,#6547,.T.);
#6603 = PLANE('',#6604);
#6604 = AXIS2_PLACEMENT_3D('',#6605,#6606,#6607);
#6605 = CARTESIAN_POINT('',(-1.37,1.521005543736E-16,1.92709124047));
#6606 = DIRECTION('',(-1.,1.110223024625E-16,0.));
#6607 = DIRECTION('',(0.,0.,1.));
#6608 = ADVANCED_FACE('',(#6609),#6627,.T.);
#6609 = FACE_BOUND('',#6610,.T.);
#6610 = EDGE_LOOP('',(#6611,#6619,#6625,#6626));
#6611 = ORIENTED_EDGE('',*,*,#6612,.T.);
#6612 = EDGE_CURVE('',#6589,#6613,#6615,.T.);
#6613 = VERTEX_POINT('',#6614);
#6614 = CARTESIAN_POINT('',(-1.17,0.208333333333,3.458333333333));
#6615 = LINE('',#6616,#6617);
#6616 = CARTESIAN_POINT('',(-1.37,0.208333333333,3.458333333333));
#6617 = VECTOR('',#6618,1.);
#6618 = DIRECTION('',(1.,-1.110223024625E-16,0.));
#6619 = ORIENTED_EDGE('',*,*,#6620,.T.);
#6620 = EDGE_CURVE('',#6613,#4609,#6621,.T.);
#6621 = LINE('',#6622,#6623);
#6622 = CARTESIAN_POINT('',(-1.17,0.208333333333,3.458333333333));
#6623 = VECTOR('',#6624,1.);
#6624 = DIRECTION('',(7.850462293414E-17,0.707106781187,0.707106781187)
  );
#6625 = ORIENTED_EDGE('',*,*,#4616,.F.);
#6626 = ORIENTED_EDGE('',*,*,#6596,.F.);
#6627 = PLANE('',#6628);
#6628 = AXIS2_PLACEMENT_3D('',#6629,#6630,#6631);
#6629 = CARTESIAN_POINT('',(-1.37,0.208333333333,3.458333333333));
#6630 = DIRECTION('',(-7.850462293414E-17,-0.707106781187,0.707106781187
    ));
#6631 = DIRECTION('',(7.850462293414E-17,0.707106781187,0.707106781187)
  );
#6632 = ADVANCED_FACE('',(#6633),#6669,.F.);
#6633 = FACE_BOUND('',#6634,.F.);
#6634 = EDGE_LOOP('',(#6635,#6636,#6644,#6652,#6660,#6666,#6667,#6668));
#6635 = ORIENTED_EDGE('',*,*,#4704,.F.);
#6636 = ORIENTED_EDGE('',*,*,#6637,.T.);
#6637 = EDGE_CURVE('',#4697,#6638,#6640,.T.);
#6638 = VERTEX_POINT('',#6639);
#6639 = CARTESIAN_POINT('',(-1.17,-0.208333333333,3.458333333333));
#6640 = LINE('',#6641,#6642);
#6641 = CARTESIAN_POINT('',(-1.17,-0.25,3.5));
#6642 = VECTOR('',#6643,1.);
#6643 = DIRECTION('',(7.850462293414E-17,0.707106781187,-0.707106781187)
  );
#6644 = ORIENTED_EDGE('',*,*,#6645,.T.);
#6645 = EDGE_CURVE('',#6638,#6646,#6648,.T.);
#6646 = VERTEX_POINT('',#6647);
#6647 = CARTESIAN_POINT('',(-1.17,-0.208333333333,1.058333333333));
#6648 = LINE('',#6649,#6650);
#6649 = CARTESIAN_POINT('',(-1.17,-0.208333333333,3.458333333333));
#6650 = VECTOR('',#6651,1.);
#6651 = DIRECTION('',(0.,0.,-1.));
#6652 = ORIENTED_EDGE('',*,*,#6653,.T.);
#6653 = EDGE_CURVE('',#6646,#6654,#6656,.T.);
#6654 = VERTEX_POINT('',#6655);
#6655 = CARTESIAN_POINT('',(-1.17,0.208333333333,1.058333333333));
#6656 = LINE('',#6657,#6658);
#6657 = CARTESIAN_POINT('',(-1.17,-0.208333333333,1.058333333333));
#6658 = VECTOR('',#6659,1.);
#6659 = DIRECTION('',(1.110223024625E-16,1.,0.));
#6660 = ORIENTED_EDGE('',*,*,#6661,.T.);
#6661 = EDGE_CURVE('',#6654,#6613,#6662,.T.);
#6662 = LINE('',#6663,#6664);
#6663 = CARTESIAN_POINT('',(-1.17,0.208333333333,1.058333333333));
#6664 = VECTOR('',#6665,1.);
#6665 = DIRECTION('',(0.,0.,1.));
#6666 = ORIENTED_EDGE('',*,*,#6620,.T.);
#6667 = ORIENTED_EDGE('',*,*,#4608,.F.);
#6668 = ORIENTED_EDGE('',*,*,#6532,.T.);
#6669 = PLANE('',#6670);
#6670 = AXIS2_PLACEMENT_3D('',#6671,#6672,#6673);
#6671 = CARTESIAN_POINT('',(-1.17,1.298960938811E-16,1.92709124047));
#6672 = DIRECTION('',(-1.,1.110223024625E-16,0.));
#6673 = DIRECTION('',(0.,0.,1.));
#6674 = ADVANCED_FACE('',(#6675),#6686,.T.);
#6675 = FACE_BOUND('',#6676,.T.);
#6676 = EDGE_LOOP('',(#6677,#6678,#6679,#6685));
#6677 = ORIENTED_EDGE('',*,*,#4696,.T.);
#6678 = ORIENTED_EDGE('',*,*,#6637,.T.);
#6679 = ORIENTED_EDGE('',*,*,#6680,.F.);
#6680 = EDGE_CURVE('',#6565,#6638,#6681,.T.);
#6681 = LINE('',#6682,#6683);
#6682 = CARTESIAN_POINT('',(-1.37,-0.208333333333,3.458333333333));
#6683 = VECTOR('',#6684,1.);
#6684 = DIRECTION('',(1.,-1.110223024625E-16,0.));
#6685 = ORIENTED_EDGE('',*,*,#6564,.F.);
#6686 = PLANE('',#6687);
#6687 = AXIS2_PLACEMENT_3D('',#6688,#6689,#6690);
#6688 = CARTESIAN_POINT('',(-1.37,-0.25,3.5));
#6689 = DIRECTION('',(7.850462293414E-17,0.707106781187,0.707106781187)
  );
#6690 = DIRECTION('',(7.850462293414E-17,0.707106781187,-0.707106781187)
  );
#6691 = ADVANCED_FACE('',(#6692),#6703,.T.);
#6692 = FACE_BOUND('',#6693,.T.);
#6693 = EDGE_LOOP('',(#6694,#6700,#6701,#6702));
#6694 = ORIENTED_EDGE('',*,*,#6695,.T.);
#6695 = EDGE_CURVE('',#5419,#5492,#6696,.T.);
#6696 = LINE('',#6697,#6698);
#6697 = CARTESIAN_POINT('',(0.1,-4.018333333333,1.058333333333));
#6698 = VECTOR('',#6699,1.);
#6699 = DIRECTION('',(-1.,2.334869823773E-16,0.));
#6700 = ORIENTED_EDGE('',*,*,#5499,.T.);
#6701 = ORIENTED_EDGE('',*,*,#5450,.F.);
#6702 = ORIENTED_EDGE('',*,*,#5426,.F.);
#6703 = PLANE('',#6704);
#6704 = AXIS2_PLACEMENT_3D('',#6705,#6706,#6707);
#6705 = CARTESIAN_POINT('',(0.1,-4.018333333333,1.058333333333));
#6706 = DIRECTION('',(2.334869823773E-16,1.,0.));
#6707 = DIRECTION('',(0.,-0.,1.));
#6708 = ADVANCED_FACE('',(#6709),#6720,.T.);
#6709 = FACE_BOUND('',#6710,.T.);
#6710 = EDGE_LOOP('',(#6711,#6717,#6718,#6719));
#6711 = ORIENTED_EDGE('',*,*,#6712,.T.);
#6712 = EDGE_CURVE('',#5411,#5484,#6713,.T.);
#6713 = LINE('',#6714,#6715);
#6714 = CARTESIAN_POINT('',(0.1,-3.601666666667,1.058333333333));
#6715 = VECTOR('',#6716,1.);
#6716 = DIRECTION('',(-1.,2.334869823773E-16,0.));
#6717 = ORIENTED_EDGE('',*,*,#5491,.T.);
#6718 = ORIENTED_EDGE('',*,*,#6695,.F.);
#6719 = ORIENTED_EDGE('',*,*,#5418,.F.);
#6720 = PLANE('',#6721);
#6721 = AXIS2_PLACEMENT_3D('',#6722,#6723,#6724);
#6722 = CARTESIAN_POINT('',(0.1,-3.601666666667,1.058333333333));
#6723 = DIRECTION('',(0.,0.,1.));
#6724 = DIRECTION('',(-2.334869823773E-16,-1.,0.));
#6725 = ADVANCED_FACE('',(#6726),#6732,.T.);
#6726 = FACE_BOUND('',#6727,.T.);
#6727 = EDGE_LOOP('',(#6728,#6729,#6730,#6731));
#6728 = ORIENTED_EDGE('',*,*,#5518,.T.);
#6729 = ORIENTED_EDGE('',*,*,#5483,.T.);
#6730 = ORIENTED_EDGE('',*,*,#6712,.F.);
#6731 = ORIENTED_EDGE('',*,*,#5410,.F.);
#6732 = PLANE('',#6733);
#6733 = AXIS2_PLACEMENT_3D('',#6734,#6735,#6736);
#6734 = CARTESIAN_POINT('',(0.1,-3.601666666667,3.458333333333));
#6735 = DIRECTION('',(-2.334869823773E-16,-1.,0.));
#6736 = DIRECTION('',(-0.,0.,-1.));
#6737 = ADVANCED_FACE('',(#6738),#6749,.T.);
#6738 = FACE_BOUND('',#6739,.T.);
#6739 = EDGE_LOOP('',(#6740,#6746,#6747,#6748));
#6740 = ORIENTED_EDGE('',*,*,#6741,.T.);
#6741 = EDGE_CURVE('',#5585,#5658,#6742,.T.);
#6742 = LINE('',#6743,#6744);
#6743 = CARTESIAN_POINT('',(0.1,-2.748333333333,1.058333333333));
#6744 = VECTOR('',#6745,1.);
#6745 = DIRECTION('',(-1.,2.334869823773E-16,0.));
#6746 = ORIENTED_EDGE('',*,*,#5665,.T.);
#6747 = ORIENTED_EDGE('',*,*,#5616,.F.);
#6748 = ORIENTED_EDGE('',*,*,#5592,.F.);
#6749 = PLANE('',#6750);
#6750 = AXIS2_PLACEMENT_3D('',#6751,#6752,#6753);
#6751 = CARTESIAN_POINT('',(0.1,-2.748333333333,1.058333333333));
#6752 = DIRECTION('',(2.334869823773E-16,1.,0.));
#6753 = DIRECTION('',(0.,-0.,1.));
#6754 = ADVANCED_FACE('',(#6755),#6766,.T.);
#6755 = FACE_BOUND('',#6756,.T.);
#6756 = EDGE_LOOP('',(#6757,#6763,#6764,#6765));
#6757 = ORIENTED_EDGE('',*,*,#6758,.T.);
#6758 = EDGE_CURVE('',#5577,#5650,#6759,.T.);
#6759 = LINE('',#6760,#6761);
#6760 = CARTESIAN_POINT('',(0.1,-2.331666666667,1.058333333333));
#6761 = VECTOR('',#6762,1.);
#6762 = DIRECTION('',(-1.,2.334869823773E-16,0.));
#6763 = ORIENTED_EDGE('',*,*,#5657,.T.);
#6764 = ORIENTED_EDGE('',*,*,#6741,.F.);
#6765 = ORIENTED_EDGE('',*,*,#5584,.F.);
#6766 = PLANE('',#6767);
#6767 = AXIS2_PLACEMENT_3D('',#6768,#6769,#6770);
#6768 = CARTESIAN_POINT('',(0.1,-2.331666666667,1.058333333333));
#6769 = DIRECTION('',(0.,0.,1.));
#6770 = DIRECTION('',(-2.334869823773E-16,-1.,0.));
#6771 = ADVANCED_FACE('',(#6772),#6778,.T.);
#6772 = FACE_BOUND('',#6773,.T.);
#6773 = EDGE_LOOP('',(#6774,#6775,#6776,#6777));
#6774 = ORIENTED_EDGE('',*,*,#5684,.T.);
#6775 = ORIENTED_EDGE('',*,*,#5649,.T.);
#6776 = ORIENTED_EDGE('',*,*,#6758,.F.);
#6777 = ORIENTED_EDGE('',*,*,#5576,.F.);
#6778 = PLANE('',#6779);
#6779 = AXIS2_PLACEMENT_3D('',#6780,#6781,#6782);
#6780 = CARTESIAN_POINT('',(0.1,-2.331666666667,3.458333333333));
#6781 = DIRECTION('',(-2.334869823773E-16,-1.,0.));
#6782 = DIRECTION('',(-0.,0.,-1.));
#6783 = ADVANCED_FACE('',(#6784),#6795,.T.);
#6784 = FACE_BOUND('',#6785,.T.);
#6785 = EDGE_LOOP('',(#6786,#6792,#6793,#6794));
#6786 = ORIENTED_EDGE('',*,*,#6787,.T.);
#6787 = EDGE_CURVE('',#5751,#5824,#6788,.T.);
#6788 = LINE('',#6789,#6790);
#6789 = CARTESIAN_POINT('',(0.1,-1.478333333333,1.058333333333));
#6790 = VECTOR('',#6791,1.);
#6791 = DIRECTION('',(-1.,2.334869823773E-16,0.));
#6792 = ORIENTED_EDGE('',*,*,#5831,.T.);
#6793 = ORIENTED_EDGE('',*,*,#5782,.F.);
#6794 = ORIENTED_EDGE('',*,*,#5758,.F.);
#6795 = PLANE('',#6796);
#6796 = AXIS2_PLACEMENT_3D('',#6797,#6798,#6799);
#6797 = CARTESIAN_POINT('',(0.1,-1.478333333333,1.058333333333));
#6798 = DIRECTION('',(2.334869823773E-16,1.,0.));
#6799 = DIRECTION('',(0.,-0.,1.));
#6800 = ADVANCED_FACE('',(#6801),#6812,.T.);
#6801 = FACE_BOUND('',#6802,.T.);
#6802 = EDGE_LOOP('',(#6803,#6809,#6810,#6811));
#6803 = ORIENTED_EDGE('',*,*,#6804,.T.);
#6804 = EDGE_CURVE('',#5743,#5816,#6805,.T.);
#6805 = LINE('',#6806,#6807);
#6806 = CARTESIAN_POINT('',(0.1,-1.061666666667,1.058333333333));
#6807 = VECTOR('',#6808,1.);
#6808 = DIRECTION('',(-1.,2.334869823773E-16,0.));
#6809 = ORIENTED_EDGE('',*,*,#5823,.T.);
#6810 = ORIENTED_EDGE('',*,*,#6787,.F.);
#6811 = ORIENTED_EDGE('',*,*,#5750,.F.);
#6812 = PLANE('',#6813);
#6813 = AXIS2_PLACEMENT_3D('',#6814,#6815,#6816);
#6814 = CARTESIAN_POINT('',(0.1,-1.061666666667,1.058333333333));
#6815 = DIRECTION('',(0.,0.,1.));
#6816 = DIRECTION('',(-2.334869823773E-16,-1.,0.));
#6817 = ADVANCED_FACE('',(#6818),#6824,.T.);
#6818 = FACE_BOUND('',#6819,.T.);
#6819 = EDGE_LOOP('',(#6820,#6821,#6822,#6823));
#6820 = ORIENTED_EDGE('',*,*,#5850,.T.);
#6821 = ORIENTED_EDGE('',*,*,#5815,.T.);
#6822 = ORIENTED_EDGE('',*,*,#6804,.F.);
#6823 = ORIENTED_EDGE('',*,*,#5742,.F.);
#6824 = PLANE('',#6825);
#6825 = AXIS2_PLACEMENT_3D('',#6826,#6827,#6828);
#6826 = CARTESIAN_POINT('',(0.1,-1.061666666667,3.458333333333));
#6827 = DIRECTION('',(-2.334869823773E-16,-1.,0.));
#6828 = DIRECTION('',(-0.,0.,-1.));
#6829 = ADVANCED_FACE('',(#6830),#6841,.T.);
#6830 = FACE_BOUND('',#6831,.T.);
#6831 = EDGE_LOOP('',(#6832,#6838,#6839,#6840));
#6832 = ORIENTED_EDGE('',*,*,#6833,.T.);
#6833 = EDGE_CURVE('',#5917,#5990,#6834,.T.);
#6834 = LINE('',#6835,#6836);
#6835 = CARTESIAN_POINT('',(0.1,-0.208333333333,1.058333333333));
#6836 = VECTOR('',#6837,1.);
#6837 = DIRECTION('',(-1.,2.334869823773E-16,0.));
#6838 = ORIENTED_EDGE('',*,*,#5997,.T.);
#6839 = ORIENTED_EDGE('',*,*,#5948,.F.);
#6840 = ORIENTED_EDGE('',*,*,#5924,.F.);
#6841 = PLANE('',#6842);
#6842 = AXIS2_PLACEMENT_3D('',#6843,#6844,#6845);
#6843 = CARTESIAN_POINT('',(0.1,-0.208333333333,1.058333333333));
#6844 = DIRECTION('',(2.334869823773E-16,1.,0.));
#6845 = DIRECTION('',(0.,-0.,1.));
#6846 = ADVANCED_FACE('',(#6847),#6858,.T.);
#6847 = FACE_BOUND('',#6848,.T.);
#6848 = EDGE_LOOP('',(#6849,#6855,#6856,#6857));
#6849 = ORIENTED_EDGE('',*,*,#6850,.T.);
#6850 = EDGE_CURVE('',#5909,#5982,#6851,.T.);
#6851 = LINE('',#6852,#6853);
#6852 = CARTESIAN_POINT('',(0.1,0.208333333333,1.058333333333));
#6853 = VECTOR('',#6854,1.);
#6854 = DIRECTION('',(-1.,2.334869823773E-16,0.));
#6855 = ORIENTED_EDGE('',*,*,#5989,.T.);
#6856 = ORIENTED_EDGE('',*,*,#6833,.F.);
#6857 = ORIENTED_EDGE('',*,*,#5916,.F.);
#6858 = PLANE('',#6859);
#6859 = AXIS2_PLACEMENT_3D('',#6860,#6861,#6862);
#6860 = CARTESIAN_POINT('',(0.1,0.208333333333,1.058333333333));
#6861 = DIRECTION('',(0.,0.,1.));
#6862 = DIRECTION('',(-2.334869823773E-16,-1.,0.));
#6863 = ADVANCED_FACE('',(#6864),#6870,.T.);
#6864 = FACE_BOUND('',#6865,.T.);
#6865 = EDGE_LOOP('',(#6866,#6867,#6868,#6869));
#6866 = ORIENTED_EDGE('',*,*,#6016,.T.);
#6867 = ORIENTED_EDGE('',*,*,#5981,.T.);
#6868 = ORIENTED_EDGE('',*,*,#6850,.F.);
#6869 = ORIENTED_EDGE('',*,*,#5908,.F.);
#6870 = PLANE('',#6871);
#6871 = AXIS2_PLACEMENT_3D('',#6872,#6873,#6874);
#6872 = CARTESIAN_POINT('',(0.1,0.208333333333,3.458333333333));
#6873 = DIRECTION('',(-2.334869823773E-16,-1.,0.));
#6874 = DIRECTION('',(-0.,0.,-1.));
#6875 = ADVANCED_FACE('',(#6876),#6887,.T.);
#6876 = FACE_BOUND('',#6877,.T.);
#6877 = EDGE_LOOP('',(#6878,#6884,#6885,#6886));
#6878 = ORIENTED_EDGE('',*,*,#6879,.T.);
#6879 = EDGE_CURVE('',#6083,#6156,#6880,.T.);
#6880 = LINE('',#6881,#6882);
#6881 = CARTESIAN_POINT('',(-1.37,-3.601666666667,1.058333333333));
#6882 = VECTOR('',#6883,1.);
#6883 = DIRECTION('',(1.,-1.110223024625E-16,0.));
#6884 = ORIENTED_EDGE('',*,*,#6163,.T.);
#6885 = ORIENTED_EDGE('',*,*,#6114,.F.);
#6886 = ORIENTED_EDGE('',*,*,#6090,.F.);
#6887 = PLANE('',#6888);
#6888 = AXIS2_PLACEMENT_3D('',#6889,#6890,#6891);
#6889 = CARTESIAN_POINT('',(-1.37,-3.601666666667,1.058333333333));
#6890 = DIRECTION('',(-1.110223024625E-16,-1.,0.));
#6891 = DIRECTION('',(0.,0.,1.));
#6892 = ADVANCED_FACE('',(#6893),#6904,.T.);
#6893 = FACE_BOUND('',#6894,.T.);
#6894 = EDGE_LOOP('',(#6895,#6901,#6902,#6903));
#6895 = ORIENTED_EDGE('',*,*,#6896,.T.);
#6896 = EDGE_CURVE('',#6075,#6148,#6897,.T.);
#6897 = LINE('',#6898,#6899);
#6898 = CARTESIAN_POINT('',(-1.37,-4.018333333333,1.058333333333));
#6899 = VECTOR('',#6900,1.);
#6900 = DIRECTION('',(1.,-1.110223024625E-16,0.));
#6901 = ORIENTED_EDGE('',*,*,#6155,.T.);
#6902 = ORIENTED_EDGE('',*,*,#6879,.F.);
#6903 = ORIENTED_EDGE('',*,*,#6082,.F.);
#6904 = PLANE('',#6905);
#6905 = AXIS2_PLACEMENT_3D('',#6906,#6907,#6908);
#6906 = CARTESIAN_POINT('',(-1.37,-4.018333333333,1.058333333333));
#6907 = DIRECTION('',(0.,0.,1.));
#6908 = DIRECTION('',(1.110223024625E-16,1.,-0.));
#6909 = ADVANCED_FACE('',(#6910),#6916,.T.);
#6910 = FACE_BOUND('',#6911,.T.);
#6911 = EDGE_LOOP('',(#6912,#6913,#6914,#6915));
#6912 = ORIENTED_EDGE('',*,*,#6182,.T.);
#6913 = ORIENTED_EDGE('',*,*,#6147,.T.);
#6914 = ORIENTED_EDGE('',*,*,#6896,.F.);
#6915 = ORIENTED_EDGE('',*,*,#6074,.F.);
#6916 = PLANE('',#6917);
#6917 = AXIS2_PLACEMENT_3D('',#6918,#6919,#6920);
#6918 = CARTESIAN_POINT('',(-1.37,-4.018333333333,3.458333333333));
#6919 = DIRECTION('',(1.110223024625E-16,1.,0.));
#6920 = DIRECTION('',(0.,0.,-1.));
#6921 = ADVANCED_FACE('',(#6922),#6933,.T.);
#6922 = FACE_BOUND('',#6923,.T.);
#6923 = EDGE_LOOP('',(#6924,#6930,#6931,#6932));
#6924 = ORIENTED_EDGE('',*,*,#6925,.T.);
#6925 = EDGE_CURVE('',#6249,#6322,#6926,.T.);
#6926 = LINE('',#6927,#6928);
#6927 = CARTESIAN_POINT('',(-1.37,-2.331666666667,1.058333333333));
#6928 = VECTOR('',#6929,1.);
#6929 = DIRECTION('',(1.,-1.110223024625E-16,0.));
#6930 = ORIENTED_EDGE('',*,*,#6329,.T.);
#6931 = ORIENTED_EDGE('',*,*,#6280,.F.);
#6932 = ORIENTED_EDGE('',*,*,#6256,.F.);
#6933 = PLANE('',#6934);
#6934 = AXIS2_PLACEMENT_3D('',#6935,#6936,#6937);
#6935 = CARTESIAN_POINT('',(-1.37,-2.331666666667,1.058333333333));
#6936 = DIRECTION('',(-1.110223024625E-16,-1.,0.));
#6937 = DIRECTION('',(0.,0.,1.));
#6938 = ADVANCED_FACE('',(#6939),#6950,.T.);
#6939 = FACE_BOUND('',#6940,.T.);
#6940 = EDGE_LOOP('',(#6941,#6947,#6948,#6949));
#6941 = ORIENTED_EDGE('',*,*,#6942,.T.);
#6942 = EDGE_CURVE('',#6241,#6314,#6943,.T.);
#6943 = LINE('',#6944,#6945);
#6944 = CARTESIAN_POINT('',(-1.37,-2.748333333333,1.058333333333));
#6945 = VECTOR('',#6946,1.);
#6946 = DIRECTION('',(1.,-1.110223024625E-16,0.));
#6947 = ORIENTED_EDGE('',*,*,#6321,.T.);
#6948 = ORIENTED_EDGE('',*,*,#6925,.F.);
#6949 = ORIENTED_EDGE('',*,*,#6248,.F.);
#6950 = PLANE('',#6951);
#6951 = AXIS2_PLACEMENT_3D('',#6952,#6953,#6954);
#6952 = CARTESIAN_POINT('',(-1.37,-2.748333333333,1.058333333333));
#6953 = DIRECTION('',(0.,0.,1.));
#6954 = DIRECTION('',(1.110223024625E-16,1.,-0.));
#6955 = ADVANCED_FACE('',(#6956),#6962,.T.);
#6956 = FACE_BOUND('',#6957,.T.);
#6957 = EDGE_LOOP('',(#6958,#6959,#6960,#6961));
#6958 = ORIENTED_EDGE('',*,*,#6348,.T.);
#6959 = ORIENTED_EDGE('',*,*,#6313,.T.);
#6960 = ORIENTED_EDGE('',*,*,#6942,.F.);
#6961 = ORIENTED_EDGE('',*,*,#6240,.F.);
#6962 = PLANE('',#6963);
#6963 = AXIS2_PLACEMENT_3D('',#6964,#6965,#6966);
#6964 = CARTESIAN_POINT('',(-1.37,-2.748333333333,3.458333333333));
#6965 = DIRECTION('',(1.110223024625E-16,1.,0.));
#6966 = DIRECTION('',(0.,0.,-1.));
#6967 = ADVANCED_FACE('',(#6968),#6979,.T.);
#6968 = FACE_BOUND('',#6969,.T.);
#6969 = EDGE_LOOP('',(#6970,#6976,#6977,#6978));
#6970 = ORIENTED_EDGE('',*,*,#6971,.T.);
#6971 = EDGE_CURVE('',#6415,#6488,#6972,.T.);
#6972 = LINE('',#6973,#6974);
#6973 = CARTESIAN_POINT('',(-1.37,-1.061666666667,1.058333333333));
#6974 = VECTOR('',#6975,1.);
#6975 = DIRECTION('',(1.,-1.110223024625E-16,0.));
#6976 = ORIENTED_EDGE('',*,*,#6495,.T.);
#6977 = ORIENTED_EDGE('',*,*,#6446,.F.);
#6978 = ORIENTED_EDGE('',*,*,#6422,.F.);
#6979 = PLANE('',#6980);
#6980 = AXIS2_PLACEMENT_3D('',#6981,#6982,#6983);
#6981 = CARTESIAN_POINT('',(-1.37,-1.061666666667,1.058333333333));
#6982 = DIRECTION('',(-1.110223024625E-16,-1.,0.));
#6983 = DIRECTION('',(0.,0.,1.));
#6984 = ADVANCED_FACE('',(#6985),#6996,.T.);
#6985 = FACE_BOUND('',#6986,.T.);
#6986 = EDGE_LOOP('',(#6987,#6993,#6994,#6995));
#6987 = ORIENTED_EDGE('',*,*,#6988,.T.);
#6988 = EDGE_CURVE('',#6407,#6480,#6989,.T.);
#6989 = LINE('',#6990,#6991);
#6990 = CARTESIAN_POINT('',(-1.37,-1.478333333333,1.058333333333));
#6991 = VECTOR('',#6992,1.);
#6992 = DIRECTION('',(1.,-1.110223024625E-16,0.));
#6993 = ORIENTED_EDGE('',*,*,#6487,.T.);
#6994 = ORIENTED_EDGE('',*,*,#6971,.F.);
#6995 = ORIENTED_EDGE('',*,*,#6414,.F.);
#6996 = PLANE('',#6997);
#6997 = AXIS2_PLACEMENT_3D('',#6998,#6999,#7000);
#6998 = CARTESIAN_POINT('',(-1.37,-1.478333333333,1.058333333333));
#6999 = DIRECTION('',(0.,0.,1.));
#7000 = DIRECTION('',(1.110223024625E-16,1.,-0.));
#7001 = ADVANCED_FACE('',(#7002),#7008,.T.);
#7002 = FACE_BOUND('',#7003,.T.);
#7003 = EDGE_LOOP('',(#7004,#7005,#7006,#7007));
#7004 = ORIENTED_EDGE('',*,*,#6514,.T.);
#7005 = ORIENTED_EDGE('',*,*,#6479,.T.);
#7006 = ORIENTED_EDGE('',*,*,#6988,.F.);
#7007 = ORIENTED_EDGE('',*,*,#6406,.F.);
#7008 = PLANE('',#7009);
#7009 = AXIS2_PLACEMENT_3D('',#7010,#7011,#7012);
#7010 = CARTESIAN_POINT('',(-1.37,-1.478333333333,3.458333333333));
#7011 = DIRECTION('',(1.110223024625E-16,1.,0.));
#7012 = DIRECTION('',(0.,0.,-1.));
#7013 = ADVANCED_FACE('',(#7014),#7025,.T.);
#7014 = FACE_BOUND('',#7015,.T.);
#7015 = EDGE_LOOP('',(#7016,#7022,#7023,#7024));
#7016 = ORIENTED_EDGE('',*,*,#7017,.T.);
#7017 = EDGE_CURVE('',#6581,#6654,#7018,.T.);
#7018 = LINE('',#7019,#7020);
#7019 = CARTESIAN_POINT('',(-1.37,0.208333333333,1.058333333333));
#7020 = VECTOR('',#7021,1.);
#7021 = DIRECTION('',(1.,-1.110223024625E-16,0.));
#7022 = ORIENTED_EDGE('',*,*,#6661,.T.);
#7023 = ORIENTED_EDGE('',*,*,#6612,.F.);
#7024 = ORIENTED_EDGE('',*,*,#6588,.F.);
#7025 = PLANE('',#7026);
#7026 = AXIS2_PLACEMENT_3D('',#7027,#7028,#7029);
#7027 = CARTESIAN_POINT('',(-1.37,0.208333333333,1.058333333333));
#7028 = DIRECTION('',(-1.110223024625E-16,-1.,0.));
#7029 = DIRECTION('',(0.,0.,1.));
#7030 = ADVANCED_FACE('',(#7031),#7042,.T.);
#7031 = FACE_BOUND('',#7032,.T.);
#7032 = EDGE_LOOP('',(#7033,#7039,#7040,#7041));
#7033 = ORIENTED_EDGE('',*,*,#7034,.T.);
#7034 = EDGE_CURVE('',#6573,#6646,#7035,.T.);
#7035 = LINE('',#7036,#7037);
#7036 = CARTESIAN_POINT('',(-1.37,-0.208333333333,1.058333333333));
#7037 = VECTOR('',#7038,1.);
#7038 = DIRECTION('',(1.,-1.110223024625E-16,0.));
#7039 = ORIENTED_EDGE('',*,*,#6653,.T.);
#7040 = ORIENTED_EDGE('',*,*,#7017,.F.);
#7041 = ORIENTED_EDGE('',*,*,#6580,.F.);
#7042 = PLANE('',#7043);
#7043 = AXIS2_PLACEMENT_3D('',#7044,#7045,#7046);
#7044 = CARTESIAN_POINT('',(-1.37,-0.208333333333,1.058333333333));
#7045 = DIRECTION('',(0.,0.,1.));
#7046 = DIRECTION('',(1.110223024625E-16,1.,-0.));
#7047 = ADVANCED_FACE('',(#7048),#7054,.T.);
#7048 = FACE_BOUND('',#7049,.T.);
#7049 = EDGE_LOOP('',(#7050,#7051,#7052,#7053));
#7050 = ORIENTED_EDGE('',*,*,#6680,.T.);
#7051 = ORIENTED_EDGE('',*,*,#6645,.T.);
#7052 = ORIENTED_EDGE('',*,*,#7034,.F.);
#7053 = ORIENTED_EDGE('',*,*,#6572,.F.);
#7054 = PLANE('',#7055);
#7055 = AXIS2_PLACEMENT_3D('',#7056,#7057,#7058);
#7056 = CARTESIAN_POINT('',(-1.37,-0.208333333333,3.458333333333));
#7057 = DIRECTION('',(1.110223024625E-16,1.,0.));
#7058 = DIRECTION('',(0.,0.,-1.));
#7059 = ( GEOMETRIC_REPRESENTATION_CONTEXT(3) 
GLOBAL_UNCERTAINTY_ASSIGNED_CONTEXT((#7063)) 
GLOBAL_UNIT_ASSIGNED_CONTEXT((#7060,#7061,#7062)) REPRESENTATION_CONTEXT
('Context #1','3D Context with UNIT and UNCERTAINTY') );
#7060 = ( LENGTH_UNIT() NAMED_UNIT(*) SI_UNIT(.MILLI.,.METRE.) );
#7061 = ( NAMED_UNIT(*) PLANE_ANGLE_UNIT() SI_UNIT($,.RADIAN.) );
#7062 = ( NAMED_UNIT(*) SI_UNIT($,.STERADIAN.) SOLID_ANGLE_UNIT() );
#7063 = UNCERTAINTY_MEASURE_WITH_UNIT(LENGTH_MEASURE(1.E-07),#7060,
  'distance_accuracy_value','confusion accuracy');
#7064 = CONTEXT_DEPENDENT_SHAPE_REPRESENTATION(#7065,#7067);
#7065 = ( REPRESENTATION_RELATIONSHIP('','',#568,#10) 
REPRESENTATION_RELATIONSHIP_WITH_TRANSFORMATION(#7066) 
SHAPE_REPRESENTATION_RELATIONSHIP() );
#7066 = ITEM_DEFINED_TRANSFORMATION('','',#11,#35);
#7067 = PRODUCT_DEFINITION_SHAPE('Placement','Placement of an item',
  #7068);
#7068 = NEXT_ASSEMBLY_USAGE_OCCURRENCE('6','J2','',#5,#563,$);
#7069 = PRODUCT_RELATED_PRODUCT_CATEGORY('part',$,(#565));
#7070 = CONTEXT_DEPENDENT_SHAPE_REPRESENTATION(#7071,#7073);
#7071 = ( REPRESENTATION_RELATIONSHIP('','',#72,#10) 
REPRESENTATION_RELATIONSHIP_WITH_TRANSFORMATION(#7072) 
SHAPE_REPRESENTATION_RELATIONSHIP() );
#7072 = ITEM_DEFINED_TRANSFORMATION('','',#11,#39);
#7073 = PRODUCT_DEFINITION_SHAPE('Placement','Placement of an item',
  #7074);
#7074 = NEXT_ASSEMBLY_USAGE_OCCURRENCE('7','J4','',#5,#67,$);
#7075 = SHAPE_DEFINITION_REPRESENTATION(#7076,#7082);
#7076 = PRODUCT_DEFINITION_SHAPE('','',#7077);
#7077 = PRODUCT_DEFINITION('design','',#7078,#7081);
#7078 = PRODUCT_DEFINITION_FORMATION('','',#7079);
#7079 = PRODUCT('PinHeader_1x05_P2.54mm_Vertical',
  'PinHeader_1x05_P2.54mm_Vertical','',(#7080));
#7080 = PRODUCT_CONTEXT('',#2,'mechanical');
#7081 = PRODUCT_DEFINITION_CONTEXT('part definition',#2,'design');
#7082 = ADVANCED_BREP_SHAPE_REPRESENTATION('',(#11,#7083),#10537);
#7083 = MANIFOLD_SOLID_BREP('',#7084);
#7084 = CLOSED_SHELL('',(#7085,#7125,#7156,#7187,#7598,#8009,#8026,#8043
    ,#8060,#8077,#8094,#8111,#8128,#8145,#8162,#8179,#8196,#8213,#8230,
    #8247,#8264,#8281,#8298,#8315,#8332,#8349,#8366,#8383,#8400,#8417,
    #8434,#8451,#8468,#8485,#8497,#8528,#8552,#8576,#8593,#8624,#8648,
    #8672,#8689,#8720,#8744,#8768,#8785,#8816,#8840,#8864,#8881,#8912,
    #8936,#8960,#8977,#9008,#9032,#9056,#9073,#9104,#9128,#9152,#9169,
    #9200,#9224,#9248,#9265,#9296,#9320,#9344,#9361,#9392,#9416,#9440,
    #9457,#9488,#9512,#9536,#9553,#9584,#9608,#9632,#9649,#9680,#9704,
    #9728,#9745,#9776,#9800,#9824,#9841,#9872,#9896,#9920,#9937,#9968,
    #9992,#10016,#10033,#10064,#10088,#10112,#10129,#10160,#10184,#10208
    ,#10225,#10256,#10280,#10304,#10321,#10352,#10376,#10400,#10417,
    #10429,#10441,#10453,#10465,#10477,#10489,#10501,#10513,#10525));
#7085 = ADVANCED_FACE('',(#7086),#7120,.F.);
#7086 = FACE_BOUND('',#7087,.F.);
#7087 = EDGE_LOOP('',(#7088,#7098,#7106,#7114));
#7088 = ORIENTED_EDGE('',*,*,#7089,.T.);
#7089 = EDGE_CURVE('',#7090,#7092,#7094,.T.);
#7090 = VERTEX_POINT('',#7091);
#7091 = CARTESIAN_POINT('',(-1.016,1.27,0.));
#7092 = VERTEX_POINT('',#7093);
#7093 = CARTESIAN_POINT('',(-1.016,1.27,2.54));
#7094 = LINE('',#7095,#7096);
#7095 = CARTESIAN_POINT('',(-1.016,1.27,0.));
#7096 = VECTOR('',#7097,1.);
#7097 = DIRECTION('',(0.,0.,1.));
#7098 = ORIENTED_EDGE('',*,*,#7099,.T.);
#7099 = EDGE_CURVE('',#7092,#7100,#7102,.T.);
#7100 = VERTEX_POINT('',#7101);
#7101 = CARTESIAN_POINT('',(-1.27,1.016,2.54));
#7102 = LINE('',#7103,#7104);
#7103 = CARTESIAN_POINT('',(-1.016,1.27,2.54));
#7104 = VECTOR('',#7105,1.);
#7105 = DIRECTION('',(-0.707106781187,-0.707106781187,0.));
#7106 = ORIENTED_EDGE('',*,*,#7107,.F.);
#7107 = EDGE_CURVE('',#7108,#7100,#7110,.T.);
#7108 = VERTEX_POINT('',#7109);
#7109 = CARTESIAN_POINT('',(-1.27,1.016,0.));
#7110 = LINE('',#7111,#7112);
#7111 = CARTESIAN_POINT('',(-1.27,1.016,0.));
#7112 = VECTOR('',#7113,1.);
#7113 = DIRECTION('',(0.,0.,1.));
#7114 = ORIENTED_EDGE('',*,*,#7115,.F.);
#7115 = EDGE_CURVE('',#7090,#7108,#7116,.T.);
#7116 = LINE('',#7117,#7118);
#7117 = CARTESIAN_POINT('',(-1.016,1.27,0.));
#7118 = VECTOR('',#7119,1.);
#7119 = DIRECTION('',(-0.707106781187,-0.707106781187,0.));
#7120 = PLANE('',#7121);
#7121 = AXIS2_PLACEMENT_3D('',#7122,#7123,#7124);
#7122 = CARTESIAN_POINT('',(-1.016,1.27,0.));
#7123 = DIRECTION('',(0.707106781187,-0.707106781187,0.));
#7124 = DIRECTION('',(-0.707106781187,-0.707106781187,0.));
#7125 = ADVANCED_FACE('',(#7126),#7151,.F.);
#7126 = FACE_BOUND('',#7127,.F.);
#7127 = EDGE_LOOP('',(#7128,#7138,#7144,#7145));
#7128 = ORIENTED_EDGE('',*,*,#7129,.T.);
#7129 = EDGE_CURVE('',#7130,#7132,#7134,.T.);
#7130 = VERTEX_POINT('',#7131);
#7131 = CARTESIAN_POINT('',(1.016,1.27,0.));
#7132 = VERTEX_POINT('',#7133);
#7133 = CARTESIAN_POINT('',(1.016,1.27,2.54));
#7134 = LINE('',#7135,#7136);
#7135 = CARTESIAN_POINT('',(1.016,1.27,0.));
#7136 = VECTOR('',#7137,1.);
#7137 = DIRECTION('',(0.,0.,1.));
#7138 = ORIENTED_EDGE('',*,*,#7139,.T.);
#7139 = EDGE_CURVE('',#7132,#7092,#7140,.T.);
#7140 = LINE('',#7141,#7142);
#7141 = CARTESIAN_POINT('',(1.016,1.27,2.54));
#7142 = VECTOR('',#7143,1.);
#7143 = DIRECTION('',(-1.,0.,0.));
#7144 = ORIENTED_EDGE('',*,*,#7089,.F.);
#7145 = ORIENTED_EDGE('',*,*,#7146,.F.);
#7146 = EDGE_CURVE('',#7130,#7090,#7147,.T.);
#7147 = LINE('',#7148,#7149);
#7148 = CARTESIAN_POINT('',(1.016,1.27,0.));
#7149 = VECTOR('',#7150,1.);
#7150 = DIRECTION('',(-1.,0.,0.));
#7151 = PLANE('',#7152);
#7152 = AXIS2_PLACEMENT_3D('',#7153,#7154,#7155);
#7153 = CARTESIAN_POINT('',(1.016,1.27,0.));
#7154 = DIRECTION('',(0.,-1.,0.));
#7155 = DIRECTION('',(-1.,0.,0.));
#7156 = ADVANCED_FACE('',(#7157),#7182,.F.);
#7157 = FACE_BOUND('',#7158,.F.);
#7158 = EDGE_LOOP('',(#7159,#7160,#7168,#7176));
#7159 = ORIENTED_EDGE('',*,*,#7107,.T.);
#7160 = ORIENTED_EDGE('',*,*,#7161,.T.);
#7161 = EDGE_CURVE('',#7100,#7162,#7164,.T.);
#7162 = VERTEX_POINT('',#7163);
#7163 = CARTESIAN_POINT('',(-1.27,-1.016,2.54));
#7164 = LINE('',#7165,#7166);
#7165 = CARTESIAN_POINT('',(-1.27,1.016,2.54));
#7166 = VECTOR('',#7167,1.);
#7167 = DIRECTION('',(0.,-1.,0.));
#7168 = ORIENTED_EDGE('',*,*,#7169,.F.);
#7169 = EDGE_CURVE('',#7170,#7162,#7172,.T.);
#7170 = VERTEX_POINT('',#7171);
#7171 = CARTESIAN_POINT('',(-1.27,-1.016,0.));
#7172 = LINE('',#7173,#7174);
#7173 = CARTESIAN_POINT('',(-1.27,-1.016,0.));
#7174 = VECTOR('',#7175,1.);
#7175 = DIRECTION('',(0.,0.,1.));
#7176 = ORIENTED_EDGE('',*,*,#7177,.F.);
#7177 = EDGE_CURVE('',#7108,#7170,#7178,.T.);
#7178 = LINE('',#7179,#7180);
#7179 = CARTESIAN_POINT('',(-1.27,1.016,0.));
#7180 = VECTOR('',#7181,1.);
#7181 = DIRECTION('',(0.,-1.,0.));
#7182 = PLANE('',#7183);
#7183 = AXIS2_PLACEMENT_3D('',#7184,#7185,#7186);
#7184 = CARTESIAN_POINT('',(-1.27,1.016,0.));
#7185 = DIRECTION('',(1.,0.,0.));
#7186 = DIRECTION('',(0.,-1.,0.));
#7187 = ADVANCED_FACE('',(#7188,#7423,#7457,#7491,#7525,#7559),#7593,.F.
  );
#7188 = FACE_BOUND('',#7189,.F.);
#7189 = EDGE_LOOP('',(#7190,#7191,#7192,#7200,#7208,#7216,#7224,#7232,
    #7240,#7248,#7256,#7264,#7272,#7280,#7288,#7296,#7304,#7312,#7320,
    #7328,#7336,#7344,#7352,#7360,#7368,#7376,#7384,#7392,#7400,#7408,
    #7416,#7422));
#7190 = ORIENTED_EDGE('',*,*,#7115,.T.);
#7191 = ORIENTED_EDGE('',*,*,#7177,.T.);
#7192 = ORIENTED_EDGE('',*,*,#7193,.T.);
#7193 = EDGE_CURVE('',#7170,#7194,#7196,.T.);
#7194 = VERTEX_POINT('',#7195);
#7195 = CARTESIAN_POINT('',(-1.016,-1.27,0.));
#7196 = LINE('',#7197,#7198);
#7197 = CARTESIAN_POINT('',(-1.27,-1.016,0.));
#7198 = VECTOR('',#7199,1.);
#7199 = DIRECTION('',(0.707106781187,-0.707106781187,0.));
#7200 = ORIENTED_EDGE('',*,*,#7201,.T.);
#7201 = EDGE_CURVE('',#7194,#7202,#7204,.T.);
#7202 = VERTEX_POINT('',#7203);
#7203 = CARTESIAN_POINT('',(-1.27,-1.524,0.));
#7204 = LINE('',#7205,#7206);
#7205 = CARTESIAN_POINT('',(-1.016,-1.27,0.));
#7206 = VECTOR('',#7207,1.);
#7207 = DIRECTION('',(-0.707106781187,-0.707106781187,0.));
#7208 = ORIENTED_EDGE('',*,*,#7209,.T.);
#7209 = EDGE_CURVE('',#7202,#7210,#7212,.T.);
#7210 = VERTEX_POINT('',#7211);
#7211 = CARTESIAN_POINT('',(-1.27,-3.556,0.));
#7212 = LINE('',#7213,#7214);
#7213 = CARTESIAN_POINT('',(-1.27,-1.524,0.));
#7214 = VECTOR('',#7215,1.);
#7215 = DIRECTION('',(0.,-1.,0.));
#7216 = ORIENTED_EDGE('',*,*,#7217,.T.);
#7217 = EDGE_CURVE('',#7210,#7218,#7220,.T.);
#7218 = VERTEX_POINT('',#7219);
#7219 = CARTESIAN_POINT('',(-1.016,-3.81,0.));
#7220 = LINE('',#7221,#7222);
#7221 = CARTESIAN_POINT('',(-1.27,-3.556,0.));
#7222 = VECTOR('',#7223,1.);
#7223 = DIRECTION('',(0.707106781187,-0.707106781187,0.));
#7224 = ORIENTED_EDGE('',*,*,#7225,.T.);
#7225 = EDGE_CURVE('',#7218,#7226,#7228,.T.);
#7226 = VERTEX_POINT('',#7227);
#7227 = CARTESIAN_POINT('',(-1.27,-4.064,0.));
#7228 = LINE('',#7229,#7230);
#7229 = CARTESIAN_POINT('',(-1.016,-3.81,0.));
#7230 = VECTOR('',#7231,1.);
#7231 = DIRECTION('',(-0.707106781187,-0.707106781187,0.));
#7232 = ORIENTED_EDGE('',*,*,#7233,.T.);
#7233 = EDGE_CURVE('',#7226,#7234,#7236,.T.);
#7234 = VERTEX_POINT('',#7235);
#7235 = CARTESIAN_POINT('',(-1.27,-6.096,0.));
#7236 = LINE('',#7237,#7238);
#7237 = CARTESIAN_POINT('',(-1.27,-4.064,0.));
#7238 = VECTOR('',#7239,1.);
#7239 = DIRECTION('',(0.,-1.,0.));
#7240 = ORIENTED_EDGE('',*,*,#7241,.T.);
#7241 = EDGE_CURVE('',#7234,#7242,#7244,.T.);
#7242 = VERTEX_POINT('',#7243);
#7243 = CARTESIAN_POINT('',(-1.016,-6.35,0.));
#7244 = LINE('',#7245,#7246);
#7245 = CARTESIAN_POINT('',(-1.27,-6.096,0.));
#7246 = VECTOR('',#7247,1.);
#7247 = DIRECTION('',(0.707106781187,-0.707106781187,0.));
#7248 = ORIENTED_EDGE('',*,*,#7249,.T.);
#7249 = EDGE_CURVE('',#7242,#7250,#7252,.T.);
#7250 = VERTEX_POINT('',#7251);
#7251 = CARTESIAN_POINT('',(-1.27,-6.604,0.));
#7252 = LINE('',#7253,#7254);
#7253 = CARTESIAN_POINT('',(-1.016,-6.35,0.));
#7254 = VECTOR('',#7255,1.);
#7255 = DIRECTION('',(-0.707106781187,-0.707106781187,0.));
#7256 = ORIENTED_EDGE('',*,*,#7257,.T.);
#7257 = EDGE_CURVE('',#7250,#7258,#7260,.T.);
#7258 = VERTEX_POINT('',#7259);
#7259 = CARTESIAN_POINT('',(-1.27,-8.636,0.));
#7260 = LINE('',#7261,#7262);
#7261 = CARTESIAN_POINT('',(-1.27,-6.604,0.));
#7262 = VECTOR('',#7263,1.);
#7263 = DIRECTION('',(0.,-1.,0.));
#7264 = ORIENTED_EDGE('',*,*,#7265,.T.);
#7265 = EDGE_CURVE('',#7258,#7266,#7268,.T.);
#7266 = VERTEX_POINT('',#7267);
#7267 = CARTESIAN_POINT('',(-1.016,-8.89,0.));
#7268 = LINE('',#7269,#7270);
#7269 = CARTESIAN_POINT('',(-1.27,-8.636,0.));
#7270 = VECTOR('',#7271,1.);
#7271 = DIRECTION('',(0.707106781187,-0.707106781187,0.));
#7272 = ORIENTED_EDGE('',*,*,#7273,.T.);
#7273 = EDGE_CURVE('',#7266,#7274,#7276,.T.);
#7274 = VERTEX_POINT('',#7275);
#7275 = CARTESIAN_POINT('',(-1.27,-9.144,0.));
#7276 = LINE('',#7277,#7278);
#7277 = CARTESIAN_POINT('',(-1.016,-8.89,0.));
#7278 = VECTOR('',#7279,1.);
#7279 = DIRECTION('',(-0.707106781187,-0.707106781187,0.));
#7280 = ORIENTED_EDGE('',*,*,#7281,.T.);
#7281 = EDGE_CURVE('',#7274,#7282,#7284,.T.);
#7282 = VERTEX_POINT('',#7283);
#7283 = CARTESIAN_POINT('',(-1.27,-11.176,0.));
#7284 = LINE('',#7285,#7286);
#7285 = CARTESIAN_POINT('',(-1.27,-9.144,0.));
#7286 = VECTOR('',#7287,1.);
#7287 = DIRECTION('',(0.,-1.,0.));
#7288 = ORIENTED_EDGE('',*,*,#7289,.T.);
#7289 = EDGE_CURVE('',#7282,#7290,#7292,.T.);
#7290 = VERTEX_POINT('',#7291);
#7291 = CARTESIAN_POINT('',(-1.016,-11.43,0.));
#7292 = LINE('',#7293,#7294);
#7293 = CARTESIAN_POINT('',(-1.27,-11.176,0.));
#7294 = VECTOR('',#7295,1.);
#7295 = DIRECTION('',(0.707106781187,-0.707106781187,0.));
#7296 = ORIENTED_EDGE('',*,*,#7297,.T.);
#7297 = EDGE_CURVE('',#7290,#7298,#7300,.T.);
#7298 = VERTEX_POINT('',#7299);
#7299 = CARTESIAN_POINT('',(1.016,-11.43,0.));
#7300 = LINE('',#7301,#7302);
#7301 = CARTESIAN_POINT('',(-1.016,-11.43,0.));
#7302 = VECTOR('',#7303,1.);
#7303 = DIRECTION('',(1.,0.,0.));
#7304 = ORIENTED_EDGE('',*,*,#7305,.T.);
#7305 = EDGE_CURVE('',#7298,#7306,#7308,.T.);
#7306 = VERTEX_POINT('',#7307);
#7307 = CARTESIAN_POINT('',(1.27,-11.176,0.));
#7308 = LINE('',#7309,#7310);
#7309 = CARTESIAN_POINT('',(1.016,-11.43,0.));
#7310 = VECTOR('',#7311,1.);
#7311 = DIRECTION('',(0.707106781187,0.707106781187,0.));
#7312 = ORIENTED_EDGE('',*,*,#7313,.T.);
#7313 = EDGE_CURVE('',#7306,#7314,#7316,.T.);
#7314 = VERTEX_POINT('',#7315);
#7315 = CARTESIAN_POINT('',(1.27,-9.144,0.));
#7316 = LINE('',#7317,#7318);
#7317 = CARTESIAN_POINT('',(1.27,-11.176,0.));
#7318 = VECTOR('',#7319,1.);
#7319 = DIRECTION('',(0.,1.,0.));
#7320 = ORIENTED_EDGE('',*,*,#7321,.T.);
#7321 = EDGE_CURVE('',#7314,#7322,#7324,.T.);
#7322 = VERTEX_POINT('',#7323);
#7323 = CARTESIAN_POINT('',(1.016,-8.89,0.));
#7324 = LINE('',#7325,#7326);
#7325 = CARTESIAN_POINT('',(1.27,-9.144,0.));
#7326 = VECTOR('',#7327,1.);
#7327 = DIRECTION('',(-0.707106781187,0.707106781187,0.));
#7328 = ORIENTED_EDGE('',*,*,#7329,.T.);
#7329 = EDGE_CURVE('',#7322,#7330,#7332,.T.);
#7330 = VERTEX_POINT('',#7331);
#7331 = CARTESIAN_POINT('',(1.27,-8.636,0.));
#7332 = LINE('',#7333,#7334);
#7333 = CARTESIAN_POINT('',(1.016,-8.89,0.));
#7334 = VECTOR('',#7335,1.);
#7335 = DIRECTION('',(0.707106781187,0.707106781187,0.));
#7336 = ORIENTED_EDGE('',*,*,#7337,.T.);
#7337 = EDGE_CURVE('',#7330,#7338,#7340,.T.);
#7338 = VERTEX_POINT('',#7339);
#7339 = CARTESIAN_POINT('',(1.27,-6.604,0.));
#7340 = LINE('',#7341,#7342);
#7341 = CARTESIAN_POINT('',(1.27,-8.636,0.));
#7342 = VECTOR('',#7343,1.);
#7343 = DIRECTION('',(0.,1.,0.));
#7344 = ORIENTED_EDGE('',*,*,#7345,.T.);
#7345 = EDGE_CURVE('',#7338,#7346,#7348,.T.);
#7346 = VERTEX_POINT('',#7347);
#7347 = CARTESIAN_POINT('',(1.016,-6.35,0.));
#7348 = LINE('',#7349,#7350);
#7349 = CARTESIAN_POINT('',(1.27,-6.604,0.));
#7350 = VECTOR('',#7351,1.);
#7351 = DIRECTION('',(-0.707106781187,0.707106781187,0.));
#7352 = ORIENTED_EDGE('',*,*,#7353,.T.);
#7353 = EDGE_CURVE('',#7346,#7354,#7356,.T.);
#7354 = VERTEX_POINT('',#7355);
#7355 = CARTESIAN_POINT('',(1.27,-6.096,0.));
#7356 = LINE('',#7357,#7358);
#7357 = CARTESIAN_POINT('',(1.016,-6.35,0.));
#7358 = VECTOR('',#7359,1.);
#7359 = DIRECTION('',(0.707106781187,0.707106781187,0.));
#7360 = ORIENTED_EDGE('',*,*,#7361,.T.);
#7361 = EDGE_CURVE('',#7354,#7362,#7364,.T.);
#7362 = VERTEX_POINT('',#7363);
#7363 = CARTESIAN_POINT('',(1.27,-4.064,0.));
#7364 = LINE('',#7365,#7366);
#7365 = CARTESIAN_POINT('',(1.27,-6.096,0.));
#7366 = VECTOR('',#7367,1.);
#7367 = DIRECTION('',(0.,1.,0.));
#7368 = ORIENTED_EDGE('',*,*,#7369,.T.);
#7369 = EDGE_CURVE('',#7362,#7370,#7372,.T.);
#7370 = VERTEX_POINT('',#7371);
#7371 = CARTESIAN_POINT('',(1.016,-3.81,0.));
#7372 = LINE('',#7373,#7374);
#7373 = CARTESIAN_POINT('',(1.27,-4.064,0.));
#7374 = VECTOR('',#7375,1.);
#7375 = DIRECTION('',(-0.707106781187,0.707106781187,0.));
#7376 = ORIENTED_EDGE('',*,*,#7377,.T.);
#7377 = EDGE_CURVE('',#7370,#7378,#7380,.T.);
#7378 = VERTEX_POINT('',#7379);
#7379 = CARTESIAN_POINT('',(1.27,-3.556,0.));
#7380 = LINE('',#7381,#7382);
#7381 = CARTESIAN_POINT('',(1.016,-3.81,0.));
#7382 = VECTOR('',#7383,1.);
#7383 = DIRECTION('',(0.707106781187,0.707106781187,0.));
#7384 = ORIENTED_EDGE('',*,*,#7385,.T.);
#7385 = EDGE_CURVE('',#7378,#7386,#7388,.T.);
#7386 = VERTEX_POINT('',#7387);
#7387 = CARTESIAN_POINT('',(1.27,-1.524,0.));
#7388 = LINE('',#7389,#7390);
#7389 = CARTESIAN_POINT('',(1.27,-3.556,0.));
#7390 = VECTOR('',#7391,1.);
#7391 = DIRECTION('',(0.,1.,0.));
#7392 = ORIENTED_EDGE('',*,*,#7393,.T.);
#7393 = EDGE_CURVE('',#7386,#7394,#7396,.T.);
#7394 = VERTEX_POINT('',#7395);
#7395 = CARTESIAN_POINT('',(1.016,-1.27,0.));
#7396 = LINE('',#7397,#7398);
#7397 = CARTESIAN_POINT('',(1.27,-1.524,0.));
#7398 = VECTOR('',#7399,1.);
#7399 = DIRECTION('',(-0.707106781187,0.707106781187,0.));
#7400 = ORIENTED_EDGE('',*,*,#7401,.T.);
#7401 = EDGE_CURVE('',#7394,#7402,#7404,.T.);
#7402 = VERTEX_POINT('',#7403);
#7403 = CARTESIAN_POINT('',(1.27,-1.016,0.));
#7404 = LINE('',#7405,#7406);
#7405 = CARTESIAN_POINT('',(1.016,-1.27,0.));
#7406 = VECTOR('',#7407,1.);
#7407 = DIRECTION('',(0.707106781187,0.707106781187,0.));
#7408 = ORIENTED_EDGE('',*,*,#7409,.T.);
#7409 = EDGE_CURVE('',#7402,#7410,#7412,.T.);
#7410 = VERTEX_POINT('',#7411);
#7411 = CARTESIAN_POINT('',(1.27,1.016,0.));
#7412 = LINE('',#7413,#7414);
#7413 = CARTESIAN_POINT('',(1.27,-1.016,0.));
#7414 = VECTOR('',#7415,1.);
#7415 = DIRECTION('',(0.,1.,0.));
#7416 = ORIENTED_EDGE('',*,*,#7417,.T.);
#7417 = EDGE_CURVE('',#7410,#7130,#7418,.T.);
#7418 = LINE('',#7419,#7420);
#7419 = CARTESIAN_POINT('',(1.27,1.016,0.));
#7420 = VECTOR('',#7421,1.);
#7421 = DIRECTION('',(-0.707106781187,0.707106781187,0.));
#7422 = ORIENTED_EDGE('',*,*,#7146,.T.);
#7423 = FACE_BOUND('',#7424,.F.);
#7424 = EDGE_LOOP('',(#7425,#7435,#7443,#7451));
#7425 = ORIENTED_EDGE('',*,*,#7426,.F.);
#7426 = EDGE_CURVE('',#7427,#7429,#7431,.T.);
#7427 = VERTEX_POINT('',#7428);
#7428 = CARTESIAN_POINT('',(0.32,-0.32,0.));
#7429 = VERTEX_POINT('',#7430);
#7430 = CARTESIAN_POINT('',(0.32,0.32,0.));
#7431 = LINE('',#7432,#7433);
#7432 = CARTESIAN_POINT('',(0.32,-2.7,0.));
#7433 = VECTOR('',#7434,1.);
#7434 = DIRECTION('',(0.,1.,0.));
#7435 = ORIENTED_EDGE('',*,*,#7436,.T.);
#7436 = EDGE_CURVE('',#7427,#7437,#7439,.T.);
#7437 = VERTEX_POINT('',#7438);
#7438 = CARTESIAN_POINT('',(-0.32,-0.32,0.));
#7439 = LINE('',#7440,#7441);
#7440 = CARTESIAN_POINT('',(-0.16,-0.32,0.));
#7441 = VECTOR('',#7442,1.);
#7442 = DIRECTION('',(-1.,0.,0.));
#7443 = ORIENTED_EDGE('',*,*,#7444,.T.);
#7444 = EDGE_CURVE('',#7437,#7445,#7447,.T.);
#7445 = VERTEX_POINT('',#7446);
#7446 = CARTESIAN_POINT('',(-0.32,0.32,0.));
#7447 = LINE('',#7448,#7449);
#7448 = CARTESIAN_POINT('',(-0.32,-2.7,0.));
#7449 = VECTOR('',#7450,1.);
#7450 = DIRECTION('',(0.,1.,0.));
#7451 = ORIENTED_EDGE('',*,*,#7452,.F.);
#7452 = EDGE_CURVE('',#7429,#7445,#7453,.T.);
#7453 = LINE('',#7454,#7455);
#7454 = CARTESIAN_POINT('',(-0.16,0.32,0.));
#7455 = VECTOR('',#7456,1.);
#7456 = DIRECTION('',(-1.,0.,0.));
#7457 = FACE_BOUND('',#7458,.F.);
#7458 = EDGE_LOOP('',(#7459,#7469,#7477,#7485));
#7459 = ORIENTED_EDGE('',*,*,#7460,.F.);
#7460 = EDGE_CURVE('',#7461,#7463,#7465,.T.);
#7461 = VERTEX_POINT('',#7462);
#7462 = CARTESIAN_POINT('',(0.32,-2.22,0.));
#7463 = VERTEX_POINT('',#7464);
#7464 = CARTESIAN_POINT('',(-0.32,-2.22,0.));
#7465 = LINE('',#7466,#7467);
#7466 = CARTESIAN_POINT('',(-0.16,-2.22,0.));
#7467 = VECTOR('',#7468,1.);
#7468 = DIRECTION('',(-1.,0.,0.));
#7469 = ORIENTED_EDGE('',*,*,#7470,.F.);
#7470 = EDGE_CURVE('',#7471,#7461,#7473,.T.);
#7471 = VERTEX_POINT('',#7472);
#7472 = CARTESIAN_POINT('',(0.32,-2.86,0.));
#7473 = LINE('',#7474,#7475);
#7474 = CARTESIAN_POINT('',(0.32,-3.97,0.));
#7475 = VECTOR('',#7476,1.);
#7476 = DIRECTION('',(0.,1.,0.));
#7477 = ORIENTED_EDGE('',*,*,#7478,.T.);
#7478 = EDGE_CURVE('',#7471,#7479,#7481,.T.);
#7479 = VERTEX_POINT('',#7480);
#7480 = CARTESIAN_POINT('',(-0.32,-2.86,0.));
#7481 = LINE('',#7482,#7483);
#7482 = CARTESIAN_POINT('',(-0.16,-2.86,0.));
#7483 = VECTOR('',#7484,1.);
#7484 = DIRECTION('',(-1.,0.,0.));
#7485 = ORIENTED_EDGE('',*,*,#7486,.T.);
#7486 = EDGE_CURVE('',#7479,#7463,#7487,.T.);
#7487 = LINE('',#7488,#7489);
#7488 = CARTESIAN_POINT('',(-0.32,-3.97,0.));
#7489 = VECTOR('',#7490,1.);
#7490 = DIRECTION('',(0.,1.,0.));
#7491 = FACE_BOUND('',#7492,.F.);
#7492 = EDGE_LOOP('',(#7493,#7503,#7511,#7519));
#7493 = ORIENTED_EDGE('',*,*,#7494,.F.);
#7494 = EDGE_CURVE('',#7495,#7497,#7499,.T.);
#7495 = VERTEX_POINT('',#7496);
#7496 = CARTESIAN_POINT('',(0.32,-4.76,0.));
#7497 = VERTEX_POINT('',#7498);
#7498 = CARTESIAN_POINT('',(-0.32,-4.76,0.));
#7499 = LINE('',#7500,#7501);
#7500 = CARTESIAN_POINT('',(-0.16,-4.76,0.));
#7501 = VECTOR('',#7502,1.);
#7502 = DIRECTION('',(-1.,0.,0.));
#7503 = ORIENTED_EDGE('',*,*,#7504,.F.);
#7504 = EDGE_CURVE('',#7505,#7495,#7507,.T.);
#7505 = VERTEX_POINT('',#7506);
#7506 = CARTESIAN_POINT('',(0.32,-5.4,0.));
#7507 = LINE('',#7508,#7509);
#7508 = CARTESIAN_POINT('',(0.32,-5.24,0.));
#7509 = VECTOR('',#7510,1.);
#7510 = DIRECTION('',(0.,1.,0.));
#7511 = ORIENTED_EDGE('',*,*,#7512,.T.);
#7512 = EDGE_CURVE('',#7505,#7513,#7515,.T.);
#7513 = VERTEX_POINT('',#7514);
#7514 = CARTESIAN_POINT('',(-0.32,-5.4,0.));
#7515 = LINE('',#7516,#7517);
#7516 = CARTESIAN_POINT('',(-0.16,-5.4,0.));
#7517 = VECTOR('',#7518,1.);
#7518 = DIRECTION('',(-1.,0.,0.));
#7519 = ORIENTED_EDGE('',*,*,#7520,.T.);
#7520 = EDGE_CURVE('',#7513,#7497,#7521,.T.);
#7521 = LINE('',#7522,#7523);
#7522 = CARTESIAN_POINT('',(-0.32,-5.24,0.));
#7523 = VECTOR('',#7524,1.);
#7524 = DIRECTION('',(0.,1.,0.));
#7525 = FACE_BOUND('',#7526,.F.);
#7526 = EDGE_LOOP('',(#7527,#7537,#7545,#7553));
#7527 = ORIENTED_EDGE('',*,*,#7528,.F.);
#7528 = EDGE_CURVE('',#7529,#7531,#7533,.T.);
#7529 = VERTEX_POINT('',#7530);
#7530 = CARTESIAN_POINT('',(0.32,-9.84,0.));
#7531 = VERTEX_POINT('',#7532);
#7532 = CARTESIAN_POINT('',(-0.32,-9.84,0.));
#7533 = LINE('',#7534,#7535);
#7534 = CARTESIAN_POINT('',(-0.16,-9.84,0.));
#7535 = VECTOR('',#7536,1.);
#7536 = DIRECTION('',(-1.,0.,0.));
#7537 = ORIENTED_EDGE('',*,*,#7538,.F.);
#7538 = EDGE_CURVE('',#7539,#7529,#7541,.T.);
#7539 = VERTEX_POINT('',#7540);
#7540 = CARTESIAN_POINT('',(0.32,-10.48,0.));
#7541 = LINE('',#7542,#7543);
#7542 = CARTESIAN_POINT('',(0.32,-7.78,0.));
#7543 = VECTOR('',#7544,1.);
#7544 = DIRECTION('',(0.,1.,0.));
#7545 = ORIENTED_EDGE('',*,*,#7546,.T.);
#7546 = EDGE_CURVE('',#7539,#7547,#7549,.T.);
#7547 = VERTEX_POINT('',#7548);
#7548 = CARTESIAN_POINT('',(-0.32,-10.48,0.));
#7549 = LINE('',#7550,#7551);
#7550 = CARTESIAN_POINT('',(-0.16,-10.48,0.));
#7551 = VECTOR('',#7552,1.);
#7552 = DIRECTION('',(-1.,0.,0.));
#7553 = ORIENTED_EDGE('',*,*,#7554,.T.);
#7554 = EDGE_CURVE('',#7547,#7531,#7555,.T.);
#7555 = LINE('',#7556,#7557);
#7556 = CARTESIAN_POINT('',(-0.32,-7.78,0.));
#7557 = VECTOR('',#7558,1.);
#7558 = DIRECTION('',(0.,1.,0.));
#7559 = FACE_BOUND('',#7560,.F.);
#7560 = EDGE_LOOP('',(#7561,#7571,#7579,#7587));
#7561 = ORIENTED_EDGE('',*,*,#7562,.T.);
#7562 = EDGE_CURVE('',#7563,#7565,#7567,.T.);
#7563 = VERTEX_POINT('',#7564);
#7564 = CARTESIAN_POINT('',(0.32,-7.94,0.));
#7565 = VERTEX_POINT('',#7566);
#7566 = CARTESIAN_POINT('',(-0.32,-7.94,0.));
#7567 = LINE('',#7568,#7569);
#7568 = CARTESIAN_POINT('',(-0.16,-7.94,0.));
#7569 = VECTOR('',#7570,1.);
#7570 = DIRECTION('',(-1.,0.,0.));
#7571 = ORIENTED_EDGE('',*,*,#7572,.T.);
#7572 = EDGE_CURVE('',#7565,#7573,#7575,.T.);
#7573 = VERTEX_POINT('',#7574);
#7574 = CARTESIAN_POINT('',(-0.32,-7.3,0.));
#7575 = LINE('',#7576,#7577);
#7576 = CARTESIAN_POINT('',(-0.32,-6.51,0.));
#7577 = VECTOR('',#7578,1.);
#7578 = DIRECTION('',(0.,1.,0.));
#7579 = ORIENTED_EDGE('',*,*,#7580,.F.);
#7580 = EDGE_CURVE('',#7581,#7573,#7583,.T.);
#7581 = VERTEX_POINT('',#7582);
#7582 = CARTESIAN_POINT('',(0.32,-7.3,0.));
#7583 = LINE('',#7584,#7585);
#7584 = CARTESIAN_POINT('',(-0.16,-7.3,0.));
#7585 = VECTOR('',#7586,1.);
#7586 = DIRECTION('',(-1.,0.,0.));
#7587 = ORIENTED_EDGE('',*,*,#7588,.F.);
#7588 = EDGE_CURVE('',#7563,#7581,#7589,.T.);
#7589 = LINE('',#7590,#7591);
#7590 = CARTESIAN_POINT('',(0.32,-6.51,0.));
#7591 = VECTOR('',#7592,1.);
#7592 = DIRECTION('',(0.,1.,0.));
#7593 = PLANE('',#7594);
#7594 = AXIS2_PLACEMENT_3D('',#7595,#7596,#7597);
#7595 = CARTESIAN_POINT('',(-2.110141571089E-17,-5.08,0.));
#7596 = DIRECTION('',(0.,0.,1.));
#7597 = DIRECTION('',(1.,0.,-0.));
#7598 = ADVANCED_FACE('',(#7599,#7834,#7868,#7902,#7936,#7970),#8004,.T.
  );
#7599 = FACE_BOUND('',#7600,.T.);
#7600 = EDGE_LOOP('',(#7601,#7602,#7603,#7611,#7619,#7627,#7635,#7643,
    #7651,#7659,#7667,#7675,#7683,#7691,#7699,#7707,#7715,#7723,#7731,
    #7739,#7747,#7755,#7763,#7771,#7779,#7787,#7795,#7803,#7811,#7819,
    #7827,#7833));
#7601 = ORIENTED_EDGE('',*,*,#7099,.T.);
#7602 = ORIENTED_EDGE('',*,*,#7161,.T.);
#7603 = ORIENTED_EDGE('',*,*,#7604,.T.);
#7604 = EDGE_CURVE('',#7162,#7605,#7607,.T.);
#7605 = VERTEX_POINT('',#7606);
#7606 = CARTESIAN_POINT('',(-1.016,-1.27,2.54));
#7607 = LINE('',#7608,#7609);
#7608 = CARTESIAN_POINT('',(-1.27,-1.016,2.54));
#7609 = VECTOR('',#7610,1.);
#7610 = DIRECTION('',(0.707106781187,-0.707106781187,0.));
#7611 = ORIENTED_EDGE('',*,*,#7612,.T.);
#7612 = EDGE_CURVE('',#7605,#7613,#7615,.T.);
#7613 = VERTEX_POINT('',#7614);
#7614 = CARTESIAN_POINT('',(-1.27,-1.524,2.54));
#7615 = LINE('',#7616,#7617);
#7616 = CARTESIAN_POINT('',(-1.016,-1.27,2.54));
#7617 = VECTOR('',#7618,1.);
#7618 = DIRECTION('',(-0.707106781187,-0.707106781187,0.));
#7619 = ORIENTED_EDGE('',*,*,#7620,.T.);
#7620 = EDGE_CURVE('',#7613,#7621,#7623,.T.);
#7621 = VERTEX_POINT('',#7622);
#7622 = CARTESIAN_POINT('',(-1.27,-3.556,2.54));
#7623 = LINE('',#7624,#7625);
#7624 = CARTESIAN_POINT('',(-1.27,-1.524,2.54));
#7625 = VECTOR('',#7626,1.);
#7626 = DIRECTION('',(0.,-1.,0.));
#7627 = ORIENTED_EDGE('',*,*,#7628,.T.);
#7628 = EDGE_CURVE('',#7621,#7629,#7631,.T.);
#7629 = VERTEX_POINT('',#7630);
#7630 = CARTESIAN_POINT('',(-1.016,-3.81,2.54));
#7631 = LINE('',#7632,#7633);
#7632 = CARTESIAN_POINT('',(-1.27,-3.556,2.54));
#7633 = VECTOR('',#7634,1.);
#7634 = DIRECTION('',(0.707106781187,-0.707106781187,0.));
#7635 = ORIENTED_EDGE('',*,*,#7636,.T.);
#7636 = EDGE_CURVE('',#7629,#7637,#7639,.T.);
#7637 = VERTEX_POINT('',#7638);
#7638 = CARTESIAN_POINT('',(-1.27,-4.064,2.54));
#7639 = LINE('',#7640,#7641);
#7640 = CARTESIAN_POINT('',(-1.016,-3.81,2.54));
#7641 = VECTOR('',#7642,1.);
#7642 = DIRECTION('',(-0.707106781187,-0.707106781187,0.));
#7643 = ORIENTED_EDGE('',*,*,#7644,.T.);
#7644 = EDGE_CURVE('',#7637,#7645,#7647,.T.);
#7645 = VERTEX_POINT('',#7646);
#7646 = CARTESIAN_POINT('',(-1.27,-6.096,2.54));
#7647 = LINE('',#7648,#7649);
#7648 = CARTESIAN_POINT('',(-1.27,-4.064,2.54));
#7649 = VECTOR('',#7650,1.);
#7650 = DIRECTION('',(0.,-1.,0.));
#7651 = ORIENTED_EDGE('',*,*,#7652,.T.);
#7652 = EDGE_CURVE('',#7645,#7653,#7655,.T.);
#7653 = VERTEX_POINT('',#7654);
#7654 = CARTESIAN_POINT('',(-1.016,-6.35,2.54));
#7655 = LINE('',#7656,#7657);
#7656 = CARTESIAN_POINT('',(-1.27,-6.096,2.54));
#7657 = VECTOR('',#7658,1.);
#7658 = DIRECTION('',(0.707106781187,-0.707106781187,0.));
#7659 = ORIENTED_EDGE('',*,*,#7660,.T.);
#7660 = EDGE_CURVE('',#7653,#7661,#7663,.T.);
#7661 = VERTEX_POINT('',#7662);
#7662 = CARTESIAN_POINT('',(-1.27,-6.604,2.54));
#7663 = LINE('',#7664,#7665);
#7664 = CARTESIAN_POINT('',(-1.016,-6.35,2.54));
#7665 = VECTOR('',#7666,1.);
#7666 = DIRECTION('',(-0.707106781187,-0.707106781187,0.));
#7667 = ORIENTED_EDGE('',*,*,#7668,.T.);
#7668 = EDGE_CURVE('',#7661,#7669,#7671,.T.);
#7669 = VERTEX_POINT('',#7670);
#7670 = CARTESIAN_POINT('',(-1.27,-8.636,2.54));
#7671 = LINE('',#7672,#7673);
#7672 = CARTESIAN_POINT('',(-1.27,-6.604,2.54));
#7673 = VECTOR('',#7674,1.);
#7674 = DIRECTION('',(0.,-1.,0.));
#7675 = ORIENTED_EDGE('',*,*,#7676,.T.);
#7676 = EDGE_CURVE('',#7669,#7677,#7679,.T.);
#7677 = VERTEX_POINT('',#7678);
#7678 = CARTESIAN_POINT('',(-1.016,-8.89,2.54));
#7679 = LINE('',#7680,#7681);
#7680 = CARTESIAN_POINT('',(-1.27,-8.636,2.54));
#7681 = VECTOR('',#7682,1.);
#7682 = DIRECTION('',(0.707106781187,-0.707106781187,0.));
#7683 = ORIENTED_EDGE('',*,*,#7684,.T.);
#7684 = EDGE_CURVE('',#7677,#7685,#7687,.T.);
#7685 = VERTEX_POINT('',#7686);
#7686 = CARTESIAN_POINT('',(-1.27,-9.144,2.54));
#7687 = LINE('',#7688,#7689);
#7688 = CARTESIAN_POINT('',(-1.016,-8.89,2.54));
#7689 = VECTOR('',#7690,1.);
#7690 = DIRECTION('',(-0.707106781187,-0.707106781187,0.));
#7691 = ORIENTED_EDGE('',*,*,#7692,.T.);
#7692 = EDGE_CURVE('',#7685,#7693,#7695,.T.);
#7693 = VERTEX_POINT('',#7694);
#7694 = CARTESIAN_POINT('',(-1.27,-11.176,2.54));
#7695 = LINE('',#7696,#7697);
#7696 = CARTESIAN_POINT('',(-1.27,-9.144,2.54));
#7697 = VECTOR('',#7698,1.);
#7698 = DIRECTION('',(0.,-1.,0.));
#7699 = ORIENTED_EDGE('',*,*,#7700,.T.);
#7700 = EDGE_CURVE('',#7693,#7701,#7703,.T.);
#7701 = VERTEX_POINT('',#7702);
#7702 = CARTESIAN_POINT('',(-1.016,-11.43,2.54));
#7703 = LINE('',#7704,#7705);
#7704 = CARTESIAN_POINT('',(-1.27,-11.176,2.54));
#7705 = VECTOR('',#7706,1.);
#7706 = DIRECTION('',(0.707106781187,-0.707106781187,0.));
#7707 = ORIENTED_EDGE('',*,*,#7708,.T.);
#7708 = EDGE_CURVE('',#7701,#7709,#7711,.T.);
#7709 = VERTEX_POINT('',#7710);
#7710 = CARTESIAN_POINT('',(1.016,-11.43,2.54));
#7711 = LINE('',#7712,#7713);
#7712 = CARTESIAN_POINT('',(-1.016,-11.43,2.54));
#7713 = VECTOR('',#7714,1.);
#7714 = DIRECTION('',(1.,0.,0.));
#7715 = ORIENTED_EDGE('',*,*,#7716,.T.);
#7716 = EDGE_CURVE('',#7709,#7717,#7719,.T.);
#7717 = VERTEX_POINT('',#7718);
#7718 = CARTESIAN_POINT('',(1.27,-11.176,2.54));
#7719 = LINE('',#7720,#7721);
#7720 = CARTESIAN_POINT('',(1.016,-11.43,2.54));
#7721 = VECTOR('',#7722,1.);
#7722 = DIRECTION('',(0.707106781187,0.707106781187,0.));
#7723 = ORIENTED_EDGE('',*,*,#7724,.T.);
#7724 = EDGE_CURVE('',#7717,#7725,#7727,.T.);
#7725 = VERTEX_POINT('',#7726);
#7726 = CARTESIAN_POINT('',(1.27,-9.144,2.54));
#7727 = LINE('',#7728,#7729);
#7728 = CARTESIAN_POINT('',(1.27,-11.176,2.54));
#7729 = VECTOR('',#7730,1.);
#7730 = DIRECTION('',(0.,1.,0.));
#7731 = ORIENTED_EDGE('',*,*,#7732,.T.);
#7732 = EDGE_CURVE('',#7725,#7733,#7735,.T.);
#7733 = VERTEX_POINT('',#7734);
#7734 = CARTESIAN_POINT('',(1.016,-8.89,2.54));
#7735 = LINE('',#7736,#7737);
#7736 = CARTESIAN_POINT('',(1.27,-9.144,2.54));
#7737 = VECTOR('',#7738,1.);
#7738 = DIRECTION('',(-0.707106781187,0.707106781187,0.));
#7739 = ORIENTED_EDGE('',*,*,#7740,.T.);
#7740 = EDGE_CURVE('',#7733,#7741,#7743,.T.);
#7741 = VERTEX_POINT('',#7742);
#7742 = CARTESIAN_POINT('',(1.27,-8.636,2.54));
#7743 = LINE('',#7744,#7745);
#7744 = CARTESIAN_POINT('',(1.016,-8.89,2.54));
#7745 = VECTOR('',#7746,1.);
#7746 = DIRECTION('',(0.707106781187,0.707106781187,0.));
#7747 = ORIENTED_EDGE('',*,*,#7748,.T.);
#7748 = EDGE_CURVE('',#7741,#7749,#7751,.T.);
#7749 = VERTEX_POINT('',#7750);
#7750 = CARTESIAN_POINT('',(1.27,-6.604,2.54));
#7751 = LINE('',#7752,#7753);
#7752 = CARTESIAN_POINT('',(1.27,-8.636,2.54));
#7753 = VECTOR('',#7754,1.);
#7754 = DIRECTION('',(0.,1.,0.));
#7755 = ORIENTED_EDGE('',*,*,#7756,.T.);
#7756 = EDGE_CURVE('',#7749,#7757,#7759,.T.);
#7757 = VERTEX_POINT('',#7758);
#7758 = CARTESIAN_POINT('',(1.016,-6.35,2.54));
#7759 = LINE('',#7760,#7761);
#7760 = CARTESIAN_POINT('',(1.27,-6.604,2.54));
#7761 = VECTOR('',#7762,1.);
#7762 = DIRECTION('',(-0.707106781187,0.707106781187,0.));
#7763 = ORIENTED_EDGE('',*,*,#7764,.T.);
#7764 = EDGE_CURVE('',#7757,#7765,#7767,.T.);
#7765 = VERTEX_POINT('',#7766);
#7766 = CARTESIAN_POINT('',(1.27,-6.096,2.54));
#7767 = LINE('',#7768,#7769);
#7768 = CARTESIAN_POINT('',(1.016,-6.35,2.54));
#7769 = VECTOR('',#7770,1.);
#7770 = DIRECTION('',(0.707106781187,0.707106781187,0.));
#7771 = ORIENTED_EDGE('',*,*,#7772,.T.);
#7772 = EDGE_CURVE('',#7765,#7773,#7775,.T.);
#7773 = VERTEX_POINT('',#7774);
#7774 = CARTESIAN_POINT('',(1.27,-4.064,2.54));
#7775 = LINE('',#7776,#7777);
#7776 = CARTESIAN_POINT('',(1.27,-6.096,2.54));
#7777 = VECTOR('',#7778,1.);
#7778 = DIRECTION('',(0.,1.,0.));
#7779 = ORIENTED_EDGE('',*,*,#7780,.T.);
#7780 = EDGE_CURVE('',#7773,#7781,#7783,.T.);
#7781 = VERTEX_POINT('',#7782);
#7782 = CARTESIAN_POINT('',(1.016,-3.81,2.54));
#7783 = LINE('',#7784,#7785);
#7784 = CARTESIAN_POINT('',(1.27,-4.064,2.54));
#7785 = VECTOR('',#7786,1.);
#7786 = DIRECTION('',(-0.707106781187,0.707106781187,0.));
#7787 = ORIENTED_EDGE('',*,*,#7788,.T.);
#7788 = EDGE_CURVE('',#7781,#7789,#7791,.T.);
#7789 = VERTEX_POINT('',#7790);
#7790 = CARTESIAN_POINT('',(1.27,-3.556,2.54));
#7791 = LINE('',#7792,#7793);
#7792 = CARTESIAN_POINT('',(1.016,-3.81,2.54));
#7793 = VECTOR('',#7794,1.);
#7794 = DIRECTION('',(0.707106781187,0.707106781187,0.));
#7795 = ORIENTED_EDGE('',*,*,#7796,.T.);
#7796 = EDGE_CURVE('',#7789,#7797,#7799,.T.);
#7797 = VERTEX_POINT('',#7798);
#7798 = CARTESIAN_POINT('',(1.27,-1.524,2.54));
#7799 = LINE('',#7800,#7801);
#7800 = CARTESIAN_POINT('',(1.27,-3.556,2.54));
#7801 = VECTOR('',#7802,1.);
#7802 = DIRECTION('',(0.,1.,0.));
#7803 = ORIENTED_EDGE('',*,*,#7804,.T.);
#7804 = EDGE_CURVE('',#7797,#7805,#7807,.T.);
#7805 = VERTEX_POINT('',#7806);
#7806 = CARTESIAN_POINT('',(1.016,-1.27,2.54));
#7807 = LINE('',#7808,#7809);
#7808 = CARTESIAN_POINT('',(1.27,-1.524,2.54));
#7809 = VECTOR('',#7810,1.);
#7810 = DIRECTION('',(-0.707106781187,0.707106781187,0.));
#7811 = ORIENTED_EDGE('',*,*,#7812,.T.);
#7812 = EDGE_CURVE('',#7805,#7813,#7815,.T.);
#7813 = VERTEX_POINT('',#7814);
#7814 = CARTESIAN_POINT('',(1.27,-1.016,2.54));
#7815 = LINE('',#7816,#7817);
#7816 = CARTESIAN_POINT('',(1.016,-1.27,2.54));
#7817 = VECTOR('',#7818,1.);
#7818 = DIRECTION('',(0.707106781187,0.707106781187,0.));
#7819 = ORIENTED_EDGE('',*,*,#7820,.T.);
#7820 = EDGE_CURVE('',#7813,#7821,#7823,.T.);
#7821 = VERTEX_POINT('',#7822);
#7822 = CARTESIAN_POINT('',(1.27,1.016,2.54));
#7823 = LINE('',#7824,#7825);
#7824 = CARTESIAN_POINT('',(1.27,-1.016,2.54));
#7825 = VECTOR('',#7826,1.);
#7826 = DIRECTION('',(0.,1.,0.));
#7827 = ORIENTED_EDGE('',*,*,#7828,.T.);
#7828 = EDGE_CURVE('',#7821,#7132,#7829,.T.);
#7829 = LINE('',#7830,#7831);
#7830 = CARTESIAN_POINT('',(1.27,1.016,2.54));
#7831 = VECTOR('',#7832,1.);
#7832 = DIRECTION('',(-0.707106781187,0.707106781187,0.));
#7833 = ORIENTED_EDGE('',*,*,#7139,.T.);
#7834 = FACE_BOUND('',#7835,.T.);
#7835 = EDGE_LOOP('',(#7836,#7846,#7854,#7862));
#7836 = ORIENTED_EDGE('',*,*,#7837,.F.);
#7837 = EDGE_CURVE('',#7838,#7840,#7842,.T.);
#7838 = VERTEX_POINT('',#7839);
#7839 = CARTESIAN_POINT('',(0.32,-0.32,2.54));
#7840 = VERTEX_POINT('',#7841);
#7841 = CARTESIAN_POINT('',(0.32,0.32,2.54));
#7842 = LINE('',#7843,#7844);
#7843 = CARTESIAN_POINT('',(0.32,-2.7,2.54));
#7844 = VECTOR('',#7845,1.);
#7845 = DIRECTION('',(0.,1.,0.));
#7846 = ORIENTED_EDGE('',*,*,#7847,.T.);
#7847 = EDGE_CURVE('',#7838,#7848,#7850,.T.);
#7848 = VERTEX_POINT('',#7849);
#7849 = CARTESIAN_POINT('',(-0.32,-0.32,2.54));
#7850 = LINE('',#7851,#7852);
#7851 = CARTESIAN_POINT('',(-0.16,-0.32,2.54));
#7852 = VECTOR('',#7853,1.);
#7853 = DIRECTION('',(-1.,0.,0.));
#7854 = ORIENTED_EDGE('',*,*,#7855,.T.);
#7855 = EDGE_CURVE('',#7848,#7856,#7858,.T.);
#7856 = VERTEX_POINT('',#7857);
#7857 = CARTESIAN_POINT('',(-0.32,0.32,2.54));
#7858 = LINE('',#7859,#7860);
#7859 = CARTESIAN_POINT('',(-0.32,-2.7,2.54));
#7860 = VECTOR('',#7861,1.);
#7861 = DIRECTION('',(0.,1.,0.));
#7862 = ORIENTED_EDGE('',*,*,#7863,.F.);
#7863 = EDGE_CURVE('',#7840,#7856,#7864,.T.);
#7864 = LINE('',#7865,#7866);
#7865 = CARTESIAN_POINT('',(-0.16,0.32,2.54));
#7866 = VECTOR('',#7867,1.);
#7867 = DIRECTION('',(-1.,0.,0.));
#7868 = FACE_BOUND('',#7869,.T.);
#7869 = EDGE_LOOP('',(#7870,#7880,#7888,#7896));
#7870 = ORIENTED_EDGE('',*,*,#7871,.F.);
#7871 = EDGE_CURVE('',#7872,#7874,#7876,.T.);
#7872 = VERTEX_POINT('',#7873);
#7873 = CARTESIAN_POINT('',(0.32,-2.22,2.54));
#7874 = VERTEX_POINT('',#7875);
#7875 = CARTESIAN_POINT('',(-0.32,-2.22,2.54));
#7876 = LINE('',#7877,#7878);
#7877 = CARTESIAN_POINT('',(-0.16,-2.22,2.54));
#7878 = VECTOR('',#7879,1.);
#7879 = DIRECTION('',(-1.,0.,0.));
#7880 = ORIENTED_EDGE('',*,*,#7881,.F.);
#7881 = EDGE_CURVE('',#7882,#7872,#7884,.T.);
#7882 = VERTEX_POINT('',#7883);
#7883 = CARTESIAN_POINT('',(0.32,-2.86,2.54));
#7884 = LINE('',#7885,#7886);
#7885 = CARTESIAN_POINT('',(0.32,-3.97,2.54));
#7886 = VECTOR('',#7887,1.);
#7887 = DIRECTION('',(0.,1.,0.));
#7888 = ORIENTED_EDGE('',*,*,#7889,.T.);
#7889 = EDGE_CURVE('',#7882,#7890,#7892,.T.);
#7890 = VERTEX_POINT('',#7891);
#7891 = CARTESIAN_POINT('',(-0.32,-2.86,2.54));
#7892 = LINE('',#7893,#7894);
#7893 = CARTESIAN_POINT('',(-0.16,-2.86,2.54));
#7894 = VECTOR('',#7895,1.);
#7895 = DIRECTION('',(-1.,0.,0.));
#7896 = ORIENTED_EDGE('',*,*,#7897,.T.);
#7897 = EDGE_CURVE('',#7890,#7874,#7898,.T.);
#7898 = LINE('',#7899,#7900);
#7899 = CARTESIAN_POINT('',(-0.32,-3.97,2.54));
#7900 = VECTOR('',#7901,1.);
#7901 = DIRECTION('',(0.,1.,0.));
#7902 = FACE_BOUND('',#7903,.T.);
#7903 = EDGE_LOOP('',(#7904,#7914,#7922,#7930));
#7904 = ORIENTED_EDGE('',*,*,#7905,.F.);
#7905 = EDGE_CURVE('',#7906,#7908,#7910,.T.);
#7906 = VERTEX_POINT('',#7907);
#7907 = CARTESIAN_POINT('',(0.32,-4.76,2.54));
#7908 = VERTEX_POINT('',#7909);
#7909 = CARTESIAN_POINT('',(-0.32,-4.76,2.54));
#7910 = LINE('',#7911,#7912);
#7911 = CARTESIAN_POINT('',(-0.16,-4.76,2.54));
#7912 = VECTOR('',#7913,1.);
#7913 = DIRECTION('',(-1.,0.,0.));
#7914 = ORIENTED_EDGE('',*,*,#7915,.F.);
#7915 = EDGE_CURVE('',#7916,#7906,#7918,.T.);
#7916 = VERTEX_POINT('',#7917);
#7917 = CARTESIAN_POINT('',(0.32,-5.4,2.54));
#7918 = LINE('',#7919,#7920);
#7919 = CARTESIAN_POINT('',(0.32,-5.24,2.54));
#7920 = VECTOR('',#7921,1.);
#7921 = DIRECTION('',(0.,1.,0.));
#7922 = ORIENTED_EDGE('',*,*,#7923,.T.);
#7923 = EDGE_CURVE('',#7916,#7924,#7926,.T.);
#7924 = VERTEX_POINT('',#7925);
#7925 = CARTESIAN_POINT('',(-0.32,-5.4,2.54));
#7926 = LINE('',#7927,#7928);
#7927 = CARTESIAN_POINT('',(-0.16,-5.4,2.54));
#7928 = VECTOR('',#7929,1.);
#7929 = DIRECTION('',(-1.,0.,0.));
#7930 = ORIENTED_EDGE('',*,*,#7931,.T.);
#7931 = EDGE_CURVE('',#7924,#7908,#7932,.T.);
#7932 = LINE('',#7933,#7934);
#7933 = CARTESIAN_POINT('',(-0.32,-5.24,2.54));
#7934 = VECTOR('',#7935,1.);
#7935 = DIRECTION('',(0.,1.,0.));
#7936 = FACE_BOUND('',#7937,.T.);
#7937 = EDGE_LOOP('',(#7938,#7948,#7956,#7964));
#7938 = ORIENTED_EDGE('',*,*,#7939,.F.);
#7939 = EDGE_CURVE('',#7940,#7942,#7944,.T.);
#7940 = VERTEX_POINT('',#7941);
#7941 = CARTESIAN_POINT('',(0.32,-9.84,2.54));
#7942 = VERTEX_POINT('',#7943);
#7943 = CARTESIAN_POINT('',(-0.32,-9.84,2.54));
#7944 = LINE('',#7945,#7946);
#7945 = CARTESIAN_POINT('',(-0.16,-9.84,2.54));
#7946 = VECTOR('',#7947,1.);
#7947 = DIRECTION('',(-1.,0.,0.));
#7948 = ORIENTED_EDGE('',*,*,#7949,.F.);
#7949 = EDGE_CURVE('',#7950,#7940,#7952,.T.);
#7950 = VERTEX_POINT('',#7951);
#7951 = CARTESIAN_POINT('',(0.32,-10.48,2.54));
#7952 = LINE('',#7953,#7954);
#7953 = CARTESIAN_POINT('',(0.32,-7.78,2.54));
#7954 = VECTOR('',#7955,1.);
#7955 = DIRECTION('',(0.,1.,0.));
#7956 = ORIENTED_EDGE('',*,*,#7957,.T.);
#7957 = EDGE_CURVE('',#7950,#7958,#7960,.T.);
#7958 = VERTEX_POINT('',#7959);
#7959 = CARTESIAN_POINT('',(-0.32,-10.48,2.54));
#7960 = LINE('',#7961,#7962);
#7961 = CARTESIAN_POINT('',(-0.16,-10.48,2.54));
#7962 = VECTOR('',#7963,1.);
#7963 = DIRECTION('',(-1.,0.,0.));
#7964 = ORIENTED_EDGE('',*,*,#7965,.T.);
#7965 = EDGE_CURVE('',#7958,#7942,#7966,.T.);
#7966 = LINE('',#7967,#7968);
#7967 = CARTESIAN_POINT('',(-0.32,-7.78,2.54));
#7968 = VECTOR('',#7969,1.);
#7969 = DIRECTION('',(0.,1.,0.));
#7970 = FACE_BOUND('',#7971,.T.);
#7971 = EDGE_LOOP('',(#7972,#7982,#7990,#7998));
#7972 = ORIENTED_EDGE('',*,*,#7973,.T.);
#7973 = EDGE_CURVE('',#7974,#7976,#7978,.T.);
#7974 = VERTEX_POINT('',#7975);
#7975 = CARTESIAN_POINT('',(0.32,-7.94,2.54));
#7976 = VERTEX_POINT('',#7977);
#7977 = CARTESIAN_POINT('',(-0.32,-7.94,2.54));
#7978 = LINE('',#7979,#7980);
#7979 = CARTESIAN_POINT('',(-0.16,-7.94,2.54));
#7980 = VECTOR('',#7981,1.);
#7981 = DIRECTION('',(-1.,0.,0.));
#7982 = ORIENTED_EDGE('',*,*,#7983,.T.);
#7983 = EDGE_CURVE('',#7976,#7984,#7986,.T.);
#7984 = VERTEX_POINT('',#7985);
#7985 = CARTESIAN_POINT('',(-0.32,-7.3,2.54));
#7986 = LINE('',#7987,#7988);
#7987 = CARTESIAN_POINT('',(-0.32,-6.51,2.54));
#7988 = VECTOR('',#7989,1.);
#7989 = DIRECTION('',(0.,1.,0.));
#7990 = ORIENTED_EDGE('',*,*,#7991,.F.);
#7991 = EDGE_CURVE('',#7992,#7984,#7994,.T.);
#7992 = VERTEX_POINT('',#7993);
#7993 = CARTESIAN_POINT('',(0.32,-7.3,2.54));
#7994 = LINE('',#7995,#7996);
#7995 = CARTESIAN_POINT('',(-0.16,-7.3,2.54));
#7996 = VECTOR('',#7997,1.);
#7997 = DIRECTION('',(-1.,0.,0.));
#7998 = ORIENTED_EDGE('',*,*,#7999,.F.);
#7999 = EDGE_CURVE('',#7974,#7992,#8000,.T.);
#8000 = LINE('',#8001,#8002);
#8001 = CARTESIAN_POINT('',(0.32,-6.51,2.54));
#8002 = VECTOR('',#8003,1.);
#8003 = DIRECTION('',(0.,1.,0.));
#8004 = PLANE('',#8005);
#8005 = AXIS2_PLACEMENT_3D('',#8006,#8007,#8008);
#8006 = CARTESIAN_POINT('',(-2.110141571089E-17,-5.08,2.54));
#8007 = DIRECTION('',(0.,0.,1.));
#8008 = DIRECTION('',(1.,0.,-0.));
#8009 = ADVANCED_FACE('',(#8010),#8021,.F.);
#8010 = FACE_BOUND('',#8011,.F.);
#8011 = EDGE_LOOP('',(#8012,#8018,#8019,#8020));
#8012 = ORIENTED_EDGE('',*,*,#8013,.T.);
#8013 = EDGE_CURVE('',#7410,#7821,#8014,.T.);
#8014 = LINE('',#8015,#8016);
#8015 = CARTESIAN_POINT('',(1.27,1.016,0.));
#8016 = VECTOR('',#8017,1.);
#8017 = DIRECTION('',(0.,0.,1.));
#8018 = ORIENTED_EDGE('',*,*,#7828,.T.);
#8019 = ORIENTED_EDGE('',*,*,#7129,.F.);
#8020 = ORIENTED_EDGE('',*,*,#7417,.F.);
#8021 = PLANE('',#8022);
#8022 = AXIS2_PLACEMENT_3D('',#8023,#8024,#8025);
#8023 = CARTESIAN_POINT('',(1.27,1.016,0.));
#8024 = DIRECTION('',(-0.707106781187,-0.707106781187,0.));
#8025 = DIRECTION('',(-0.707106781187,0.707106781187,0.));
#8026 = ADVANCED_FACE('',(#8027),#8038,.F.);
#8027 = FACE_BOUND('',#8028,.F.);
#8028 = EDGE_LOOP('',(#8029,#8030,#8031,#8037));
#8029 = ORIENTED_EDGE('',*,*,#7169,.T.);
#8030 = ORIENTED_EDGE('',*,*,#7604,.T.);
#8031 = ORIENTED_EDGE('',*,*,#8032,.F.);
#8032 = EDGE_CURVE('',#7194,#7605,#8033,.T.);
#8033 = LINE('',#8034,#8035);
#8034 = CARTESIAN_POINT('',(-1.016,-1.27,0.));
#8035 = VECTOR('',#8036,1.);
#8036 = DIRECTION('',(0.,0.,1.));
#8037 = ORIENTED_EDGE('',*,*,#7193,.F.);
#8038 = PLANE('',#8039);
#8039 = AXIS2_PLACEMENT_3D('',#8040,#8041,#8042);
#8040 = CARTESIAN_POINT('',(-1.27,-1.016,0.));
#8041 = DIRECTION('',(0.707106781187,0.707106781187,0.));
#8042 = DIRECTION('',(0.707106781187,-0.707106781187,0.));
#8043 = ADVANCED_FACE('',(#8044),#8055,.F.);
#8044 = FACE_BOUND('',#8045,.F.);
#8045 = EDGE_LOOP('',(#8046,#8052,#8053,#8054));
#8046 = ORIENTED_EDGE('',*,*,#8047,.T.);
#8047 = EDGE_CURVE('',#7402,#7813,#8048,.T.);
#8048 = LINE('',#8049,#8050);
#8049 = CARTESIAN_POINT('',(1.27,-1.016,0.));
#8050 = VECTOR('',#8051,1.);
#8051 = DIRECTION('',(0.,0.,1.));
#8052 = ORIENTED_EDGE('',*,*,#7820,.T.);
#8053 = ORIENTED_EDGE('',*,*,#8013,.F.);
#8054 = ORIENTED_EDGE('',*,*,#7409,.F.);
#8055 = PLANE('',#8056);
#8056 = AXIS2_PLACEMENT_3D('',#8057,#8058,#8059);
#8057 = CARTESIAN_POINT('',(1.27,-1.016,0.));
#8058 = DIRECTION('',(-1.,0.,0.));
#8059 = DIRECTION('',(0.,1.,0.));
#8060 = ADVANCED_FACE('',(#8061),#8072,.F.);
#8061 = FACE_BOUND('',#8062,.F.);
#8062 = EDGE_LOOP('',(#8063,#8064,#8065,#8071));
#8063 = ORIENTED_EDGE('',*,*,#8032,.T.);
#8064 = ORIENTED_EDGE('',*,*,#7612,.T.);
#8065 = ORIENTED_EDGE('',*,*,#8066,.F.);
#8066 = EDGE_CURVE('',#7202,#7613,#8067,.T.);
#8067 = LINE('',#8068,#8069);
#8068 = CARTESIAN_POINT('',(-1.27,-1.524,0.));
#8069 = VECTOR('',#8070,1.);
#8070 = DIRECTION('',(0.,0.,1.));
#8071 = ORIENTED_EDGE('',*,*,#7201,.F.);
#8072 = PLANE('',#8073);
#8073 = AXIS2_PLACEMENT_3D('',#8074,#8075,#8076);
#8074 = CARTESIAN_POINT('',(-1.016,-1.27,0.));
#8075 = DIRECTION('',(0.707106781187,-0.707106781187,0.));
#8076 = DIRECTION('',(-0.707106781187,-0.707106781187,0.));
#8077 = ADVANCED_FACE('',(#8078),#8089,.F.);
#8078 = FACE_BOUND('',#8079,.F.);
#8079 = EDGE_LOOP('',(#8080,#8086,#8087,#8088));
#8080 = ORIENTED_EDGE('',*,*,#8081,.T.);
#8081 = EDGE_CURVE('',#7394,#7805,#8082,.T.);
#8082 = LINE('',#8083,#8084);
#8083 = CARTESIAN_POINT('',(1.016,-1.27,0.));
#8084 = VECTOR('',#8085,1.);
#8085 = DIRECTION('',(0.,0.,1.));
#8086 = ORIENTED_EDGE('',*,*,#7812,.T.);
#8087 = ORIENTED_EDGE('',*,*,#8047,.F.);
#8088 = ORIENTED_EDGE('',*,*,#7401,.F.);
#8089 = PLANE('',#8090);
#8090 = AXIS2_PLACEMENT_3D('',#8091,#8092,#8093);
#8091 = CARTESIAN_POINT('',(1.016,-1.27,0.));
#8092 = DIRECTION('',(-0.707106781187,0.707106781187,0.));
#8093 = DIRECTION('',(0.707106781187,0.707106781187,0.));
#8094 = ADVANCED_FACE('',(#8095),#8106,.F.);
#8095 = FACE_BOUND('',#8096,.F.);
#8096 = EDGE_LOOP('',(#8097,#8098,#8099,#8105));
#8097 = ORIENTED_EDGE('',*,*,#8066,.T.);
#8098 = ORIENTED_EDGE('',*,*,#7620,.T.);
#8099 = ORIENTED_EDGE('',*,*,#8100,.F.);
#8100 = EDGE_CURVE('',#7210,#7621,#8101,.T.);
#8101 = LINE('',#8102,#8103);
#8102 = CARTESIAN_POINT('',(-1.27,-3.556,0.));
#8103 = VECTOR('',#8104,1.);
#8104 = DIRECTION('',(0.,0.,1.));
#8105 = ORIENTED_EDGE('',*,*,#7209,.F.);
#8106 = PLANE('',#8107);
#8107 = AXIS2_PLACEMENT_3D('',#8108,#8109,#8110);
#8108 = CARTESIAN_POINT('',(-1.27,-1.524,0.));
#8109 = DIRECTION('',(1.,0.,0.));
#8110 = DIRECTION('',(0.,-1.,0.));
#8111 = ADVANCED_FACE('',(#8112),#8123,.F.);
#8112 = FACE_BOUND('',#8113,.F.);
#8113 = EDGE_LOOP('',(#8114,#8120,#8121,#8122));
#8114 = ORIENTED_EDGE('',*,*,#8115,.T.);
#8115 = EDGE_CURVE('',#7386,#7797,#8116,.T.);
#8116 = LINE('',#8117,#8118);
#8117 = CARTESIAN_POINT('',(1.27,-1.524,0.));
#8118 = VECTOR('',#8119,1.);
#8119 = DIRECTION('',(0.,0.,1.));
#8120 = ORIENTED_EDGE('',*,*,#7804,.T.);
#8121 = ORIENTED_EDGE('',*,*,#8081,.F.);
#8122 = ORIENTED_EDGE('',*,*,#7393,.F.);
#8123 = PLANE('',#8124);
#8124 = AXIS2_PLACEMENT_3D('',#8125,#8126,#8127);
#8125 = CARTESIAN_POINT('',(1.27,-1.524,0.));
#8126 = DIRECTION('',(-0.707106781187,-0.707106781187,0.));
#8127 = DIRECTION('',(-0.707106781187,0.707106781187,0.));
#8128 = ADVANCED_FACE('',(#8129),#8140,.F.);
#8129 = FACE_BOUND('',#8130,.F.);
#8130 = EDGE_LOOP('',(#8131,#8132,#8133,#8139));
#8131 = ORIENTED_EDGE('',*,*,#8100,.T.);
#8132 = ORIENTED_EDGE('',*,*,#7628,.T.);
#8133 = ORIENTED_EDGE('',*,*,#8134,.F.);
#8134 = EDGE_CURVE('',#7218,#7629,#8135,.T.);
#8135 = LINE('',#8136,#8137);
#8136 = CARTESIAN_POINT('',(-1.016,-3.81,0.));
#8137 = VECTOR('',#8138,1.);
#8138 = DIRECTION('',(0.,0.,1.));
#8139 = ORIENTED_EDGE('',*,*,#7217,.F.);
#8140 = PLANE('',#8141);
#8141 = AXIS2_PLACEMENT_3D('',#8142,#8143,#8144);
#8142 = CARTESIAN_POINT('',(-1.27,-3.556,0.));
#8143 = DIRECTION('',(0.707106781187,0.707106781187,0.));
#8144 = DIRECTION('',(0.707106781187,-0.707106781187,0.));
#8145 = ADVANCED_FACE('',(#8146),#8157,.F.);
#8146 = FACE_BOUND('',#8147,.F.);
#8147 = EDGE_LOOP('',(#8148,#8154,#8155,#8156));
#8148 = ORIENTED_EDGE('',*,*,#8149,.T.);
#8149 = EDGE_CURVE('',#7378,#7789,#8150,.T.);
#8150 = LINE('',#8151,#8152);
#8151 = CARTESIAN_POINT('',(1.27,-3.556,0.));
#8152 = VECTOR('',#8153,1.);
#8153 = DIRECTION('',(0.,0.,1.));
#8154 = ORIENTED_EDGE('',*,*,#7796,.T.);
#8155 = ORIENTED_EDGE('',*,*,#8115,.F.);
#8156 = ORIENTED_EDGE('',*,*,#7385,.F.);
#8157 = PLANE('',#8158);
#8158 = AXIS2_PLACEMENT_3D('',#8159,#8160,#8161);
#8159 = CARTESIAN_POINT('',(1.27,-3.556,0.));
#8160 = DIRECTION('',(-1.,0.,0.));
#8161 = DIRECTION('',(0.,1.,0.));
#8162 = ADVANCED_FACE('',(#8163),#8174,.F.);
#8163 = FACE_BOUND('',#8164,.F.);
#8164 = EDGE_LOOP('',(#8165,#8166,#8167,#8173));
#8165 = ORIENTED_EDGE('',*,*,#8134,.T.);
#8166 = ORIENTED_EDGE('',*,*,#7636,.T.);
#8167 = ORIENTED_EDGE('',*,*,#8168,.F.);
#8168 = EDGE_CURVE('',#7226,#7637,#8169,.T.);
#8169 = LINE('',#8170,#8171);
#8170 = CARTESIAN_POINT('',(-1.27,-4.064,0.));
#8171 = VECTOR('',#8172,1.);
#8172 = DIRECTION('',(0.,0.,1.));
#8173 = ORIENTED_EDGE('',*,*,#7225,.F.);
#8174 = PLANE('',#8175);
#8175 = AXIS2_PLACEMENT_3D('',#8176,#8177,#8178);
#8176 = CARTESIAN_POINT('',(-1.016,-3.81,0.));
#8177 = DIRECTION('',(0.707106781187,-0.707106781187,0.));
#8178 = DIRECTION('',(-0.707106781187,-0.707106781187,0.));
#8179 = ADVANCED_FACE('',(#8180),#8191,.F.);
#8180 = FACE_BOUND('',#8181,.F.);
#8181 = EDGE_LOOP('',(#8182,#8188,#8189,#8190));
#8182 = ORIENTED_EDGE('',*,*,#8183,.T.);
#8183 = EDGE_CURVE('',#7370,#7781,#8184,.T.);
#8184 = LINE('',#8185,#8186);
#8185 = CARTESIAN_POINT('',(1.016,-3.81,0.));
#8186 = VECTOR('',#8187,1.);
#8187 = DIRECTION('',(0.,0.,1.));
#8188 = ORIENTED_EDGE('',*,*,#7788,.T.);
#8189 = ORIENTED_EDGE('',*,*,#8149,.F.);
#8190 = ORIENTED_EDGE('',*,*,#7377,.F.);
#8191 = PLANE('',#8192);
#8192 = AXIS2_PLACEMENT_3D('',#8193,#8194,#8195);
#8193 = CARTESIAN_POINT('',(1.016,-3.81,0.));
#8194 = DIRECTION('',(-0.707106781187,0.707106781187,0.));
#8195 = DIRECTION('',(0.707106781187,0.707106781187,0.));
#8196 = ADVANCED_FACE('',(#8197),#8208,.F.);
#8197 = FACE_BOUND('',#8198,.F.);
#8198 = EDGE_LOOP('',(#8199,#8200,#8201,#8207));
#8199 = ORIENTED_EDGE('',*,*,#8168,.T.);
#8200 = ORIENTED_EDGE('',*,*,#7644,.T.);
#8201 = ORIENTED_EDGE('',*,*,#8202,.F.);
#8202 = EDGE_CURVE('',#7234,#7645,#8203,.T.);
#8203 = LINE('',#8204,#8205);
#8204 = CARTESIAN_POINT('',(-1.27,-6.096,0.));
#8205 = VECTOR('',#8206,1.);
#8206 = DIRECTION('',(0.,0.,1.));
#8207 = ORIENTED_EDGE('',*,*,#7233,.F.);
#8208 = PLANE('',#8209);
#8209 = AXIS2_PLACEMENT_3D('',#8210,#8211,#8212);
#8210 = CARTESIAN_POINT('',(-1.27,-4.064,0.));
#8211 = DIRECTION('',(1.,0.,0.));
#8212 = DIRECTION('',(0.,-1.,0.));
#8213 = ADVANCED_FACE('',(#8214),#8225,.F.);
#8214 = FACE_BOUND('',#8215,.F.);
#8215 = EDGE_LOOP('',(#8216,#8222,#8223,#8224));
#8216 = ORIENTED_EDGE('',*,*,#8217,.T.);
#8217 = EDGE_CURVE('',#7362,#7773,#8218,.T.);
#8218 = LINE('',#8219,#8220);
#8219 = CARTESIAN_POINT('',(1.27,-4.064,0.));
#8220 = VECTOR('',#8221,1.);
#8221 = DIRECTION('',(0.,0.,1.));
#8222 = ORIENTED_EDGE('',*,*,#7780,.T.);
#8223 = ORIENTED_EDGE('',*,*,#8183,.F.);
#8224 = ORIENTED_EDGE('',*,*,#7369,.F.);
#8225 = PLANE('',#8226);
#8226 = AXIS2_PLACEMENT_3D('',#8227,#8228,#8229);
#8227 = CARTESIAN_POINT('',(1.27,-4.064,0.));
#8228 = DIRECTION('',(-0.707106781187,-0.707106781187,0.));
#8229 = DIRECTION('',(-0.707106781187,0.707106781187,0.));
#8230 = ADVANCED_FACE('',(#8231),#8242,.F.);
#8231 = FACE_BOUND('',#8232,.F.);
#8232 = EDGE_LOOP('',(#8233,#8234,#8235,#8241));
#8233 = ORIENTED_EDGE('',*,*,#8202,.T.);
#8234 = ORIENTED_EDGE('',*,*,#7652,.T.);
#8235 = ORIENTED_EDGE('',*,*,#8236,.F.);
#8236 = EDGE_CURVE('',#7242,#7653,#8237,.T.);
#8237 = LINE('',#8238,#8239);
#8238 = CARTESIAN_POINT('',(-1.016,-6.35,0.));
#8239 = VECTOR('',#8240,1.);
#8240 = DIRECTION('',(0.,0.,1.));
#8241 = ORIENTED_EDGE('',*,*,#7241,.F.);
#8242 = PLANE('',#8243);
#8243 = AXIS2_PLACEMENT_3D('',#8244,#8245,#8246);
#8244 = CARTESIAN_POINT('',(-1.27,-6.096,0.));
#8245 = DIRECTION('',(0.707106781187,0.707106781187,0.));
#8246 = DIRECTION('',(0.707106781187,-0.707106781187,0.));
#8247 = ADVANCED_FACE('',(#8248),#8259,.F.);
#8248 = FACE_BOUND('',#8249,.F.);
#8249 = EDGE_LOOP('',(#8250,#8256,#8257,#8258));
#8250 = ORIENTED_EDGE('',*,*,#8251,.T.);
#8251 = EDGE_CURVE('',#7354,#7765,#8252,.T.);
#8252 = LINE('',#8253,#8254);
#8253 = CARTESIAN_POINT('',(1.27,-6.096,0.));
#8254 = VECTOR('',#8255,1.);
#8255 = DIRECTION('',(0.,0.,1.));
#8256 = ORIENTED_EDGE('',*,*,#7772,.T.);
#8257 = ORIENTED_EDGE('',*,*,#8217,.F.);
#8258 = ORIENTED_EDGE('',*,*,#7361,.F.);
#8259 = PLANE('',#8260);
#8260 = AXIS2_PLACEMENT_3D('',#8261,#8262,#8263);
#8261 = CARTESIAN_POINT('',(1.27,-6.096,0.));
#8262 = DIRECTION('',(-1.,0.,0.));
#8263 = DIRECTION('',(0.,1.,0.));
#8264 = ADVANCED_FACE('',(#8265),#8276,.F.);
#8265 = FACE_BOUND('',#8266,.F.);
#8266 = EDGE_LOOP('',(#8267,#8268,#8269,#8275));
#8267 = ORIENTED_EDGE('',*,*,#8236,.T.);
#8268 = ORIENTED_EDGE('',*,*,#7660,.T.);
#8269 = ORIENTED_EDGE('',*,*,#8270,.F.);
#8270 = EDGE_CURVE('',#7250,#7661,#8271,.T.);
#8271 = LINE('',#8272,#8273);
#8272 = CARTESIAN_POINT('',(-1.27,-6.604,0.));
#8273 = VECTOR('',#8274,1.);
#8274 = DIRECTION('',(0.,0.,1.));
#8275 = ORIENTED_EDGE('',*,*,#7249,.F.);
#8276 = PLANE('',#8277);
#8277 = AXIS2_PLACEMENT_3D('',#8278,#8279,#8280);
#8278 = CARTESIAN_POINT('',(-1.016,-6.35,0.));
#8279 = DIRECTION('',(0.707106781187,-0.707106781187,0.));
#8280 = DIRECTION('',(-0.707106781187,-0.707106781187,0.));
#8281 = ADVANCED_FACE('',(#8282),#8293,.F.);
#8282 = FACE_BOUND('',#8283,.F.);
#8283 = EDGE_LOOP('',(#8284,#8290,#8291,#8292));
#8284 = ORIENTED_EDGE('',*,*,#8285,.T.);
#8285 = EDGE_CURVE('',#7346,#7757,#8286,.T.);
#8286 = LINE('',#8287,#8288);
#8287 = CARTESIAN_POINT('',(1.016,-6.35,0.));
#8288 = VECTOR('',#8289,1.);
#8289 = DIRECTION('',(0.,0.,1.));
#8290 = ORIENTED_EDGE('',*,*,#7764,.T.);
#8291 = ORIENTED_EDGE('',*,*,#8251,.F.);
#8292 = ORIENTED_EDGE('',*,*,#7353,.F.);
#8293 = PLANE('',#8294);
#8294 = AXIS2_PLACEMENT_3D('',#8295,#8296,#8297);
#8295 = CARTESIAN_POINT('',(1.016,-6.35,0.));
#8296 = DIRECTION('',(-0.707106781187,0.707106781187,0.));
#8297 = DIRECTION('',(0.707106781187,0.707106781187,0.));
#8298 = ADVANCED_FACE('',(#8299),#8310,.F.);
#8299 = FACE_BOUND('',#8300,.F.);
#8300 = EDGE_LOOP('',(#8301,#8302,#8303,#8309));
#8301 = ORIENTED_EDGE('',*,*,#8270,.T.);
#8302 = ORIENTED_EDGE('',*,*,#7668,.T.);
#8303 = ORIENTED_EDGE('',*,*,#8304,.F.);
#8304 = EDGE_CURVE('',#7258,#7669,#8305,.T.);
#8305 = LINE('',#8306,#8307);
#8306 = CARTESIAN_POINT('',(-1.27,-8.636,0.));
#8307 = VECTOR('',#8308,1.);
#8308 = DIRECTION('',(0.,0.,1.));
#8309 = ORIENTED_EDGE('',*,*,#7257,.F.);
#8310 = PLANE('',#8311);
#8311 = AXIS2_PLACEMENT_3D('',#8312,#8313,#8314);
#8312 = CARTESIAN_POINT('',(-1.27,-6.604,0.));
#8313 = DIRECTION('',(1.,0.,0.));
#8314 = DIRECTION('',(0.,-1.,0.));
#8315 = ADVANCED_FACE('',(#8316),#8327,.F.);
#8316 = FACE_BOUND('',#8317,.F.);
#8317 = EDGE_LOOP('',(#8318,#8324,#8325,#8326));
#8318 = ORIENTED_EDGE('',*,*,#8319,.T.);
#8319 = EDGE_CURVE('',#7338,#7749,#8320,.T.);
#8320 = LINE('',#8321,#8322);
#8321 = CARTESIAN_POINT('',(1.27,-6.604,0.));
#8322 = VECTOR('',#8323,1.);
#8323 = DIRECTION('',(0.,0.,1.));
#8324 = ORIENTED_EDGE('',*,*,#7756,.T.);
#8325 = ORIENTED_EDGE('',*,*,#8285,.F.);
#8326 = ORIENTED_EDGE('',*,*,#7345,.F.);
#8327 = PLANE('',#8328);
#8328 = AXIS2_PLACEMENT_3D('',#8329,#8330,#8331);
#8329 = CARTESIAN_POINT('',(1.27,-6.604,0.));
#8330 = DIRECTION('',(-0.707106781187,-0.707106781187,0.));
#8331 = DIRECTION('',(-0.707106781187,0.707106781187,0.));
#8332 = ADVANCED_FACE('',(#8333),#8344,.F.);
#8333 = FACE_BOUND('',#8334,.F.);
#8334 = EDGE_LOOP('',(#8335,#8336,#8337,#8343));
#8335 = ORIENTED_EDGE('',*,*,#8304,.T.);
#8336 = ORIENTED_EDGE('',*,*,#7676,.T.);
#8337 = ORIENTED_EDGE('',*,*,#8338,.F.);
#8338 = EDGE_CURVE('',#7266,#7677,#8339,.T.);
#8339 = LINE('',#8340,#8341);
#8340 = CARTESIAN_POINT('',(-1.016,-8.89,0.));
#8341 = VECTOR('',#8342,1.);
#8342 = DIRECTION('',(0.,0.,1.));
#8343 = ORIENTED_EDGE('',*,*,#7265,.F.);
#8344 = PLANE('',#8345);
#8345 = AXIS2_PLACEMENT_3D('',#8346,#8347,#8348);
#8346 = CARTESIAN_POINT('',(-1.27,-8.636,0.));
#8347 = DIRECTION('',(0.707106781187,0.707106781187,0.));
#8348 = DIRECTION('',(0.707106781187,-0.707106781187,0.));
#8349 = ADVANCED_FACE('',(#8350),#8361,.F.);
#8350 = FACE_BOUND('',#8351,.F.);
#8351 = EDGE_LOOP('',(#8352,#8358,#8359,#8360));
#8352 = ORIENTED_EDGE('',*,*,#8353,.T.);
#8353 = EDGE_CURVE('',#7330,#7741,#8354,.T.);
#8354 = LINE('',#8355,#8356);
#8355 = CARTESIAN_POINT('',(1.27,-8.636,0.));
#8356 = VECTOR('',#8357,1.);
#8357 = DIRECTION('',(0.,0.,1.));
#8358 = ORIENTED_EDGE('',*,*,#7748,.T.);
#8359 = ORIENTED_EDGE('',*,*,#8319,.F.);
#8360 = ORIENTED_EDGE('',*,*,#7337,.F.);
#8361 = PLANE('',#8362);
#8362 = AXIS2_PLACEMENT_3D('',#8363,#8364,#8365);
#8363 = CARTESIAN_POINT('',(1.27,-8.636,0.));
#8364 = DIRECTION('',(-1.,0.,0.));
#8365 = DIRECTION('',(0.,1.,0.));
#8366 = ADVANCED_FACE('',(#8367),#8378,.F.);
#8367 = FACE_BOUND('',#8368,.F.);
#8368 = EDGE_LOOP('',(#8369,#8370,#8371,#8377));
#8369 = ORIENTED_EDGE('',*,*,#8338,.T.);
#8370 = ORIENTED_EDGE('',*,*,#7684,.T.);
#8371 = ORIENTED_EDGE('',*,*,#8372,.F.);
#8372 = EDGE_CURVE('',#7274,#7685,#8373,.T.);
#8373 = LINE('',#8374,#8375);
#8374 = CARTESIAN_POINT('',(-1.27,-9.144,0.));
#8375 = VECTOR('',#8376,1.);
#8376 = DIRECTION('',(0.,0.,1.));
#8377 = ORIENTED_EDGE('',*,*,#7273,.F.);
#8378 = PLANE('',#8379);
#8379 = AXIS2_PLACEMENT_3D('',#8380,#8381,#8382);
#8380 = CARTESIAN_POINT('',(-1.016,-8.89,0.));
#8381 = DIRECTION('',(0.707106781187,-0.707106781187,0.));
#8382 = DIRECTION('',(-0.707106781187,-0.707106781187,0.));
#8383 = ADVANCED_FACE('',(#8384),#8395,.F.);
#8384 = FACE_BOUND('',#8385,.F.);
#8385 = EDGE_LOOP('',(#8386,#8392,#8393,#8394));
#8386 = ORIENTED_EDGE('',*,*,#8387,.T.);
#8387 = EDGE_CURVE('',#7322,#7733,#8388,.T.);
#8388 = LINE('',#8389,#8390);
#8389 = CARTESIAN_POINT('',(1.016,-8.89,0.));
#8390 = VECTOR('',#8391,1.);
#8391 = DIRECTION('',(0.,0.,1.));
#8392 = ORIENTED_EDGE('',*,*,#7740,.T.);
#8393 = ORIENTED_EDGE('',*,*,#8353,.F.);
#8394 = ORIENTED_EDGE('',*,*,#7329,.F.);
#8395 = PLANE('',#8396);
#8396 = AXIS2_PLACEMENT_3D('',#8397,#8398,#8399);
#8397 = CARTESIAN_POINT('',(1.016,-8.89,0.));
#8398 = DIRECTION('',(-0.707106781187,0.707106781187,0.));
#8399 = DIRECTION('',(0.707106781187,0.707106781187,0.));
#8400 = ADVANCED_FACE('',(#8401),#8412,.F.);
#8401 = FACE_BOUND('',#8402,.F.);
#8402 = EDGE_LOOP('',(#8403,#8404,#8405,#8411));
#8403 = ORIENTED_EDGE('',*,*,#8372,.T.);
#8404 = ORIENTED_EDGE('',*,*,#7692,.T.);
#8405 = ORIENTED_EDGE('',*,*,#8406,.F.);
#8406 = EDGE_CURVE('',#7282,#7693,#8407,.T.);
#8407 = LINE('',#8408,#8409);
#8408 = CARTESIAN_POINT('',(-1.27,-11.176,0.));
#8409 = VECTOR('',#8410,1.);
#8410 = DIRECTION('',(0.,0.,1.));
#8411 = ORIENTED_EDGE('',*,*,#7281,.F.);
#8412 = PLANE('',#8413);
#8413 = AXIS2_PLACEMENT_3D('',#8414,#8415,#8416);
#8414 = CARTESIAN_POINT('',(-1.27,-9.144,0.));
#8415 = DIRECTION('',(1.,0.,0.));
#8416 = DIRECTION('',(0.,-1.,0.));
#8417 = ADVANCED_FACE('',(#8418),#8429,.F.);
#8418 = FACE_BOUND('',#8419,.F.);
#8419 = EDGE_LOOP('',(#8420,#8426,#8427,#8428));
#8420 = ORIENTED_EDGE('',*,*,#8421,.T.);
#8421 = EDGE_CURVE('',#7314,#7725,#8422,.T.);
#8422 = LINE('',#8423,#8424);
#8423 = CARTESIAN_POINT('',(1.27,-9.144,0.));
#8424 = VECTOR('',#8425,1.);
#8425 = DIRECTION('',(0.,0.,1.));
#8426 = ORIENTED_EDGE('',*,*,#7732,.T.);
#8427 = ORIENTED_EDGE('',*,*,#8387,.F.);
#8428 = ORIENTED_EDGE('',*,*,#7321,.F.);
#8429 = PLANE('',#8430);
#8430 = AXIS2_PLACEMENT_3D('',#8431,#8432,#8433);
#8431 = CARTESIAN_POINT('',(1.27,-9.144,0.));
#8432 = DIRECTION('',(-0.707106781187,-0.707106781187,0.));
#8433 = DIRECTION('',(-0.707106781187,0.707106781187,0.));
#8434 = ADVANCED_FACE('',(#8435),#8446,.F.);
#8435 = FACE_BOUND('',#8436,.F.);
#8436 = EDGE_LOOP('',(#8437,#8438,#8439,#8445));
#8437 = ORIENTED_EDGE('',*,*,#8406,.T.);
#8438 = ORIENTED_EDGE('',*,*,#7700,.T.);
#8439 = ORIENTED_EDGE('',*,*,#8440,.F.);
#8440 = EDGE_CURVE('',#7290,#7701,#8441,.T.);
#8441 = LINE('',#8442,#8443);
#8442 = CARTESIAN_POINT('',(-1.016,-11.43,0.));
#8443 = VECTOR('',#8444,1.);
#8444 = DIRECTION('',(0.,0.,1.));
#8445 = ORIENTED_EDGE('',*,*,#7289,.F.);
#8446 = PLANE('',#8447);
#8447 = AXIS2_PLACEMENT_3D('',#8448,#8449,#8450);
#8448 = CARTESIAN_POINT('',(-1.27,-11.176,0.));
#8449 = DIRECTION('',(0.707106781187,0.707106781187,0.));
#8450 = DIRECTION('',(0.707106781187,-0.707106781187,0.));
#8451 = ADVANCED_FACE('',(#8452),#8463,.F.);
#8452 = FACE_BOUND('',#8453,.F.);
#8453 = EDGE_LOOP('',(#8454,#8460,#8461,#8462));
#8454 = ORIENTED_EDGE('',*,*,#8455,.T.);
#8455 = EDGE_CURVE('',#7306,#7717,#8456,.T.);
#8456 = LINE('',#8457,#8458);
#8457 = CARTESIAN_POINT('',(1.27,-11.176,0.));
#8458 = VECTOR('',#8459,1.);
#8459 = DIRECTION('',(0.,0.,1.));
#8460 = ORIENTED_EDGE('',*,*,#7724,.T.);
#8461 = ORIENTED_EDGE('',*,*,#8421,.F.);
#8462 = ORIENTED_EDGE('',*,*,#7313,.F.);
#8463 = PLANE('',#8464);
#8464 = AXIS2_PLACEMENT_3D('',#8465,#8466,#8467);
#8465 = CARTESIAN_POINT('',(1.27,-11.176,0.));
#8466 = DIRECTION('',(-1.,0.,0.));
#8467 = DIRECTION('',(0.,1.,0.));
#8468 = ADVANCED_FACE('',(#8469),#8480,.F.);
#8469 = FACE_BOUND('',#8470,.F.);
#8470 = EDGE_LOOP('',(#8471,#8472,#8473,#8479));
#8471 = ORIENTED_EDGE('',*,*,#8440,.T.);
#8472 = ORIENTED_EDGE('',*,*,#7708,.T.);
#8473 = ORIENTED_EDGE('',*,*,#8474,.F.);
#8474 = EDGE_CURVE('',#7298,#7709,#8475,.T.);
#8475 = LINE('',#8476,#8477);
#8476 = CARTESIAN_POINT('',(1.016,-11.43,0.));
#8477 = VECTOR('',#8478,1.);
#8478 = DIRECTION('',(0.,0.,1.));
#8479 = ORIENTED_EDGE('',*,*,#7297,.F.);
#8480 = PLANE('',#8481);
#8481 = AXIS2_PLACEMENT_3D('',#8482,#8483,#8484);
#8482 = CARTESIAN_POINT('',(-1.016,-11.43,0.));
#8483 = DIRECTION('',(0.,1.,0.));
#8484 = DIRECTION('',(1.,0.,0.));
#8485 = ADVANCED_FACE('',(#8486),#8492,.F.);
#8486 = FACE_BOUND('',#8487,.F.);
#8487 = EDGE_LOOP('',(#8488,#8489,#8490,#8491));
#8488 = ORIENTED_EDGE('',*,*,#8474,.T.);
#8489 = ORIENTED_EDGE('',*,*,#7716,.T.);
#8490 = ORIENTED_EDGE('',*,*,#8455,.F.);
#8491 = ORIENTED_EDGE('',*,*,#7305,.F.);
#8492 = PLANE('',#8493);
#8493 = AXIS2_PLACEMENT_3D('',#8494,#8495,#8496);
#8494 = CARTESIAN_POINT('',(1.016,-11.43,0.));
#8495 = DIRECTION('',(-0.707106781187,0.707106781187,0.));
#8496 = DIRECTION('',(0.707106781187,0.707106781187,0.));
#8497 = ADVANCED_FACE('',(#8498),#8523,.T.);
#8498 = FACE_BOUND('',#8499,.T.);
#8499 = EDGE_LOOP('',(#8500,#8508,#8516,#8522));
#8500 = ORIENTED_EDGE('',*,*,#8501,.F.);
#8501 = EDGE_CURVE('',#8502,#7427,#8504,.T.);
#8502 = VERTEX_POINT('',#8503);
#8503 = CARTESIAN_POINT('',(0.32,-0.32,-2.84));
#8504 = LINE('',#8505,#8506);
#8505 = CARTESIAN_POINT('',(0.32,-0.32,-3.));
#8506 = VECTOR('',#8507,1.);
#8507 = DIRECTION('',(0.,0.,1.));
#8508 = ORIENTED_EDGE('',*,*,#8509,.T.);
#8509 = EDGE_CURVE('',#8502,#8510,#8512,.T.);
#8510 = VERTEX_POINT('',#8511);
#8511 = CARTESIAN_POINT('',(0.32,0.32,-2.84));
#8512 = LINE('',#8513,#8514);
#8513 = CARTESIAN_POINT('',(0.32,-0.32,-2.84));
#8514 = VECTOR('',#8515,1.);
#8515 = DIRECTION('',(0.,1.,0.));
#8516 = ORIENTED_EDGE('',*,*,#8517,.T.);
#8517 = EDGE_CURVE('',#8510,#7429,#8518,.T.);
#8518 = LINE('',#8519,#8520);
#8519 = CARTESIAN_POINT('',(0.32,0.32,-3.));
#8520 = VECTOR('',#8521,1.);
#8521 = DIRECTION('',(0.,0.,1.));
#8522 = ORIENTED_EDGE('',*,*,#7426,.F.);
#8523 = PLANE('',#8524);
#8524 = AXIS2_PLACEMENT_3D('',#8525,#8526,#8527);
#8525 = CARTESIAN_POINT('',(0.32,-0.32,-3.));
#8526 = DIRECTION('',(1.,0.,0.));
#8527 = DIRECTION('',(0.,0.,1.));
#8528 = ADVANCED_FACE('',(#8529),#8547,.T.);
#8529 = FACE_BOUND('',#8530,.T.);
#8530 = EDGE_LOOP('',(#8531,#8532,#8540,#8546));
#8531 = ORIENTED_EDGE('',*,*,#8517,.F.);
#8532 = ORIENTED_EDGE('',*,*,#8533,.F.);
#8533 = EDGE_CURVE('',#8534,#8510,#8536,.T.);
#8534 = VERTEX_POINT('',#8535);
#8535 = CARTESIAN_POINT('',(-0.32,0.32,-2.84));
#8536 = LINE('',#8537,#8538);
#8537 = CARTESIAN_POINT('',(-0.32,0.32,-2.84));
#8538 = VECTOR('',#8539,1.);
#8539 = DIRECTION('',(1.,0.,0.));
#8540 = ORIENTED_EDGE('',*,*,#8541,.T.);
#8541 = EDGE_CURVE('',#8534,#7445,#8542,.T.);
#8542 = LINE('',#8543,#8544);
#8543 = CARTESIAN_POINT('',(-0.32,0.32,-3.));
#8544 = VECTOR('',#8545,1.);
#8545 = DIRECTION('',(0.,0.,1.));
#8546 = ORIENTED_EDGE('',*,*,#7452,.F.);
#8547 = PLANE('',#8548);
#8548 = AXIS2_PLACEMENT_3D('',#8549,#8550,#8551);
#8549 = CARTESIAN_POINT('',(-0.32,0.32,-3.));
#8550 = DIRECTION('',(0.,1.,0.));
#8551 = DIRECTION('',(0.,-0.,1.));
#8552 = ADVANCED_FACE('',(#8553),#8571,.F.);
#8553 = FACE_BOUND('',#8554,.F.);
#8554 = EDGE_LOOP('',(#8555,#8563,#8569,#8570));
#8555 = ORIENTED_EDGE('',*,*,#8556,.F.);
#8556 = EDGE_CURVE('',#8557,#7437,#8559,.T.);
#8557 = VERTEX_POINT('',#8558);
#8558 = CARTESIAN_POINT('',(-0.32,-0.32,-2.84));
#8559 = LINE('',#8560,#8561);
#8560 = CARTESIAN_POINT('',(-0.32,-0.32,-3.));
#8561 = VECTOR('',#8562,1.);
#8562 = DIRECTION('',(0.,0.,1.));
#8563 = ORIENTED_EDGE('',*,*,#8564,.T.);
#8564 = EDGE_CURVE('',#8557,#8534,#8565,.T.);
#8565 = LINE('',#8566,#8567);
#8566 = CARTESIAN_POINT('',(-0.32,-0.32,-2.84));
#8567 = VECTOR('',#8568,1.);
#8568 = DIRECTION('',(0.,1.,0.));
#8569 = ORIENTED_EDGE('',*,*,#8541,.T.);
#8570 = ORIENTED_EDGE('',*,*,#7444,.F.);
#8571 = PLANE('',#8572);
#8572 = AXIS2_PLACEMENT_3D('',#8573,#8574,#8575);
#8573 = CARTESIAN_POINT('',(-0.32,-0.32,-3.));
#8574 = DIRECTION('',(1.,0.,0.));
#8575 = DIRECTION('',(0.,0.,1.));
#8576 = ADVANCED_FACE('',(#8577),#8588,.F.);
#8577 = FACE_BOUND('',#8578,.F.);
#8578 = EDGE_LOOP('',(#8579,#8580,#8586,#8587));
#8579 = ORIENTED_EDGE('',*,*,#8501,.F.);
#8580 = ORIENTED_EDGE('',*,*,#8581,.F.);
#8581 = EDGE_CURVE('',#8557,#8502,#8582,.T.);
#8582 = LINE('',#8583,#8584);
#8583 = CARTESIAN_POINT('',(-0.32,-0.32,-2.84));
#8584 = VECTOR('',#8585,1.);
#8585 = DIRECTION('',(1.,0.,0.));
#8586 = ORIENTED_EDGE('',*,*,#8556,.T.);
#8587 = ORIENTED_EDGE('',*,*,#7436,.F.);
#8588 = PLANE('',#8589);
#8589 = AXIS2_PLACEMENT_3D('',#8590,#8591,#8592);
#8590 = CARTESIAN_POINT('',(-0.32,-0.32,-3.));
#8591 = DIRECTION('',(0.,1.,0.));
#8592 = DIRECTION('',(0.,-0.,1.));
#8593 = ADVANCED_FACE('',(#8594),#8619,.T.);
#8594 = FACE_BOUND('',#8595,.T.);
#8595 = EDGE_LOOP('',(#8596,#8604,#8612,#8618));
#8596 = ORIENTED_EDGE('',*,*,#8597,.F.);
#8597 = EDGE_CURVE('',#8598,#7461,#8600,.T.);
#8598 = VERTEX_POINT('',#8599);
#8599 = CARTESIAN_POINT('',(0.32,-2.22,-2.84));
#8600 = LINE('',#8601,#8602);
#8601 = CARTESIAN_POINT('',(0.32,-2.22,-3.));
#8602 = VECTOR('',#8603,1.);
#8603 = DIRECTION('',(0.,0.,1.));
#8604 = ORIENTED_EDGE('',*,*,#8605,.F.);
#8605 = EDGE_CURVE('',#8606,#8598,#8608,.T.);
#8606 = VERTEX_POINT('',#8607);
#8607 = CARTESIAN_POINT('',(-0.32,-2.22,-2.84));
#8608 = LINE('',#8609,#8610);
#8609 = CARTESIAN_POINT('',(-0.32,-2.22,-2.84));
#8610 = VECTOR('',#8611,1.);
#8611 = DIRECTION('',(1.,0.,0.));
#8612 = ORIENTED_EDGE('',*,*,#8613,.T.);
#8613 = EDGE_CURVE('',#8606,#7463,#8614,.T.);
#8614 = LINE('',#8615,#8616);
#8615 = CARTESIAN_POINT('',(-0.32,-2.22,-3.));
#8616 = VECTOR('',#8617,1.);
#8617 = DIRECTION('',(0.,0.,1.));
#8618 = ORIENTED_EDGE('',*,*,#7460,.F.);
#8619 = PLANE('',#8620);
#8620 = AXIS2_PLACEMENT_3D('',#8621,#8622,#8623);
#8621 = CARTESIAN_POINT('',(-0.32,-2.22,-3.));
#8622 = DIRECTION('',(0.,1.,0.));
#8623 = DIRECTION('',(0.,-0.,1.));
#8624 = ADVANCED_FACE('',(#8625),#8643,.F.);
#8625 = FACE_BOUND('',#8626,.F.);
#8626 = EDGE_LOOP('',(#8627,#8635,#8641,#8642));
#8627 = ORIENTED_EDGE('',*,*,#8628,.F.);
#8628 = EDGE_CURVE('',#8629,#7479,#8631,.T.);
#8629 = VERTEX_POINT('',#8630);
#8630 = CARTESIAN_POINT('',(-0.32,-2.86,-2.84));
#8631 = LINE('',#8632,#8633);
#8632 = CARTESIAN_POINT('',(-0.32,-2.86,-3.));
#8633 = VECTOR('',#8634,1.);
#8634 = DIRECTION('',(0.,0.,1.));
#8635 = ORIENTED_EDGE('',*,*,#8636,.T.);
#8636 = EDGE_CURVE('',#8629,#8606,#8637,.T.);
#8637 = LINE('',#8638,#8639);
#8638 = CARTESIAN_POINT('',(-0.32,-2.86,-2.84));
#8639 = VECTOR('',#8640,1.);
#8640 = DIRECTION('',(0.,1.,0.));
#8641 = ORIENTED_EDGE('',*,*,#8613,.T.);
#8642 = ORIENTED_EDGE('',*,*,#7486,.F.);
#8643 = PLANE('',#8644);
#8644 = AXIS2_PLACEMENT_3D('',#8645,#8646,#8647);
#8645 = CARTESIAN_POINT('',(-0.32,-2.86,-3.));
#8646 = DIRECTION('',(1.,0.,0.));
#8647 = DIRECTION('',(0.,0.,1.));
#8648 = ADVANCED_FACE('',(#8649),#8667,.F.);
#8649 = FACE_BOUND('',#8650,.F.);
#8650 = EDGE_LOOP('',(#8651,#8659,#8665,#8666));
#8651 = ORIENTED_EDGE('',*,*,#8652,.F.);
#8652 = EDGE_CURVE('',#8653,#7471,#8655,.T.);
#8653 = VERTEX_POINT('',#8654);
#8654 = CARTESIAN_POINT('',(0.32,-2.86,-2.84));
#8655 = LINE('',#8656,#8657);
#8656 = CARTESIAN_POINT('',(0.32,-2.86,-3.));
#8657 = VECTOR('',#8658,1.);
#8658 = DIRECTION('',(0.,0.,1.));
#8659 = ORIENTED_EDGE('',*,*,#8660,.F.);
#8660 = EDGE_CURVE('',#8629,#8653,#8661,.T.);
#8661 = LINE('',#8662,#8663);
#8662 = CARTESIAN_POINT('',(-0.32,-2.86,-2.84));
#8663 = VECTOR('',#8664,1.);
#8664 = DIRECTION('',(1.,0.,0.));
#8665 = ORIENTED_EDGE('',*,*,#8628,.T.);
#8666 = ORIENTED_EDGE('',*,*,#7478,.F.);
#8667 = PLANE('',#8668);
#8668 = AXIS2_PLACEMENT_3D('',#8669,#8670,#8671);
#8669 = CARTESIAN_POINT('',(-0.32,-2.86,-3.));
#8670 = DIRECTION('',(0.,1.,0.));
#8671 = DIRECTION('',(0.,-0.,1.));
#8672 = ADVANCED_FACE('',(#8673),#8684,.T.);
#8673 = FACE_BOUND('',#8674,.T.);
#8674 = EDGE_LOOP('',(#8675,#8676,#8682,#8683));
#8675 = ORIENTED_EDGE('',*,*,#8652,.F.);
#8676 = ORIENTED_EDGE('',*,*,#8677,.T.);
#8677 = EDGE_CURVE('',#8653,#8598,#8678,.T.);
#8678 = LINE('',#8679,#8680);
#8679 = CARTESIAN_POINT('',(0.32,-2.86,-2.84));
#8680 = VECTOR('',#8681,1.);
#8681 = DIRECTION('',(0.,1.,0.));
#8682 = ORIENTED_EDGE('',*,*,#8597,.T.);
#8683 = ORIENTED_EDGE('',*,*,#7470,.F.);
#8684 = PLANE('',#8685);
#8685 = AXIS2_PLACEMENT_3D('',#8686,#8687,#8688);
#8686 = CARTESIAN_POINT('',(0.32,-2.86,-3.));
#8687 = DIRECTION('',(1.,0.,0.));
#8688 = DIRECTION('',(0.,0.,1.));
#8689 = ADVANCED_FACE('',(#8690),#8715,.T.);
#8690 = FACE_BOUND('',#8691,.T.);
#8691 = EDGE_LOOP('',(#8692,#8700,#8708,#8714));
#8692 = ORIENTED_EDGE('',*,*,#8693,.F.);
#8693 = EDGE_CURVE('',#8694,#7495,#8696,.T.);
#8694 = VERTEX_POINT('',#8695);
#8695 = CARTESIAN_POINT('',(0.32,-4.76,-2.84));
#8696 = LINE('',#8697,#8698);
#8697 = CARTESIAN_POINT('',(0.32,-4.76,-3.));
#8698 = VECTOR('',#8699,1.);
#8699 = DIRECTION('',(0.,0.,1.));
#8700 = ORIENTED_EDGE('',*,*,#8701,.F.);
#8701 = EDGE_CURVE('',#8702,#8694,#8704,.T.);
#8702 = VERTEX_POINT('',#8703);
#8703 = CARTESIAN_POINT('',(-0.32,-4.76,-2.84));
#8704 = LINE('',#8705,#8706);
#8705 = CARTESIAN_POINT('',(-0.32,-4.76,-2.84));
#8706 = VECTOR('',#8707,1.);
#8707 = DIRECTION('',(1.,0.,0.));
#8708 = ORIENTED_EDGE('',*,*,#8709,.T.);
#8709 = EDGE_CURVE('',#8702,#7497,#8710,.T.);
#8710 = LINE('',#8711,#8712);
#8711 = CARTESIAN_POINT('',(-0.32,-4.76,-3.));
#8712 = VECTOR('',#8713,1.);
#8713 = DIRECTION('',(0.,0.,1.));
#8714 = ORIENTED_EDGE('',*,*,#7494,.F.);
#8715 = PLANE('',#8716);
#8716 = AXIS2_PLACEMENT_3D('',#8717,#8718,#8719);
#8717 = CARTESIAN_POINT('',(-0.32,-4.76,-3.));
#8718 = DIRECTION('',(0.,1.,0.));
#8719 = DIRECTION('',(0.,-0.,1.));
#8720 = ADVANCED_FACE('',(#8721),#8739,.F.);
#8721 = FACE_BOUND('',#8722,.F.);
#8722 = EDGE_LOOP('',(#8723,#8731,#8737,#8738));
#8723 = ORIENTED_EDGE('',*,*,#8724,.F.);
#8724 = EDGE_CURVE('',#8725,#7513,#8727,.T.);
#8725 = VERTEX_POINT('',#8726);
#8726 = CARTESIAN_POINT('',(-0.32,-5.4,-2.84));
#8727 = LINE('',#8728,#8729);
#8728 = CARTESIAN_POINT('',(-0.32,-5.4,-3.));
#8729 = VECTOR('',#8730,1.);
#8730 = DIRECTION('',(0.,0.,1.));
#8731 = ORIENTED_EDGE('',*,*,#8732,.T.);
#8732 = EDGE_CURVE('',#8725,#8702,#8733,.T.);
#8733 = LINE('',#8734,#8735);
#8734 = CARTESIAN_POINT('',(-0.32,-5.4,-2.84));
#8735 = VECTOR('',#8736,1.);
#8736 = DIRECTION('',(0.,1.,0.));
#8737 = ORIENTED_EDGE('',*,*,#8709,.T.);
#8738 = ORIENTED_EDGE('',*,*,#7520,.F.);
#8739 = PLANE('',#8740);
#8740 = AXIS2_PLACEMENT_3D('',#8741,#8742,#8743);
#8741 = CARTESIAN_POINT('',(-0.32,-5.4,-3.));
#8742 = DIRECTION('',(1.,0.,0.));
#8743 = DIRECTION('',(0.,0.,1.));
#8744 = ADVANCED_FACE('',(#8745),#8763,.F.);
#8745 = FACE_BOUND('',#8746,.F.);
#8746 = EDGE_LOOP('',(#8747,#8755,#8761,#8762));
#8747 = ORIENTED_EDGE('',*,*,#8748,.F.);
#8748 = EDGE_CURVE('',#8749,#7505,#8751,.T.);
#8749 = VERTEX_POINT('',#8750);
#8750 = CARTESIAN_POINT('',(0.32,-5.4,-2.84));
#8751 = LINE('',#8752,#8753);
#8752 = CARTESIAN_POINT('',(0.32,-5.4,-3.));
#8753 = VECTOR('',#8754,1.);
#8754 = DIRECTION('',(0.,0.,1.));
#8755 = ORIENTED_EDGE('',*,*,#8756,.F.);
#8756 = EDGE_CURVE('',#8725,#8749,#8757,.T.);
#8757 = LINE('',#8758,#8759);
#8758 = CARTESIAN_POINT('',(-0.32,-5.4,-2.84));
#8759 = VECTOR('',#8760,1.);
#8760 = DIRECTION('',(1.,0.,0.));
#8761 = ORIENTED_EDGE('',*,*,#8724,.T.);
#8762 = ORIENTED_EDGE('',*,*,#7512,.F.);
#8763 = PLANE('',#8764);
#8764 = AXIS2_PLACEMENT_3D('',#8765,#8766,#8767);
#8765 = CARTESIAN_POINT('',(-0.32,-5.4,-3.));
#8766 = DIRECTION('',(0.,1.,0.));
#8767 = DIRECTION('',(0.,-0.,1.));
#8768 = ADVANCED_FACE('',(#8769),#8780,.T.);
#8769 = FACE_BOUND('',#8770,.T.);
#8770 = EDGE_LOOP('',(#8771,#8772,#8778,#8779));
#8771 = ORIENTED_EDGE('',*,*,#8748,.F.);
#8772 = ORIENTED_EDGE('',*,*,#8773,.T.);
#8773 = EDGE_CURVE('',#8749,#8694,#8774,.T.);
#8774 = LINE('',#8775,#8776);
#8775 = CARTESIAN_POINT('',(0.32,-5.4,-2.84));
#8776 = VECTOR('',#8777,1.);
#8777 = DIRECTION('',(0.,1.,0.));
#8778 = ORIENTED_EDGE('',*,*,#8693,.T.);
#8779 = ORIENTED_EDGE('',*,*,#7504,.F.);
#8780 = PLANE('',#8781);
#8781 = AXIS2_PLACEMENT_3D('',#8782,#8783,#8784);
#8782 = CARTESIAN_POINT('',(0.32,-5.4,-3.));
#8783 = DIRECTION('',(1.,0.,0.));
#8784 = DIRECTION('',(0.,0.,1.));
#8785 = ADVANCED_FACE('',(#8786),#8811,.T.);
#8786 = FACE_BOUND('',#8787,.T.);
#8787 = EDGE_LOOP('',(#8788,#8796,#8804,#8810));
#8788 = ORIENTED_EDGE('',*,*,#8789,.F.);
#8789 = EDGE_CURVE('',#8790,#7529,#8792,.T.);
#8790 = VERTEX_POINT('',#8791);
#8791 = CARTESIAN_POINT('',(0.32,-9.84,-2.84));
#8792 = LINE('',#8793,#8794);
#8793 = CARTESIAN_POINT('',(0.32,-9.84,-3.));
#8794 = VECTOR('',#8795,1.);
#8795 = DIRECTION('',(0.,0.,1.));
#8796 = ORIENTED_EDGE('',*,*,#8797,.F.);
#8797 = EDGE_CURVE('',#8798,#8790,#8800,.T.);
#8798 = VERTEX_POINT('',#8799);
#8799 = CARTESIAN_POINT('',(-0.32,-9.84,-2.84));
#8800 = LINE('',#8801,#8802);
#8801 = CARTESIAN_POINT('',(-0.32,-9.84,-2.84));
#8802 = VECTOR('',#8803,1.);
#8803 = DIRECTION('',(1.,0.,0.));
#8804 = ORIENTED_EDGE('',*,*,#8805,.T.);
#8805 = EDGE_CURVE('',#8798,#7531,#8806,.T.);
#8806 = LINE('',#8807,#8808);
#8807 = CARTESIAN_POINT('',(-0.32,-9.84,-3.));
#8808 = VECTOR('',#8809,1.);
#8809 = DIRECTION('',(0.,0.,1.));
#8810 = ORIENTED_EDGE('',*,*,#7528,.F.);
#8811 = PLANE('',#8812);
#8812 = AXIS2_PLACEMENT_3D('',#8813,#8814,#8815);
#8813 = CARTESIAN_POINT('',(-0.32,-9.84,-3.));
#8814 = DIRECTION('',(0.,1.,0.));
#8815 = DIRECTION('',(0.,-0.,1.));
#8816 = ADVANCED_FACE('',(#8817),#8835,.F.);
#8817 = FACE_BOUND('',#8818,.F.);
#8818 = EDGE_LOOP('',(#8819,#8827,#8833,#8834));
#8819 = ORIENTED_EDGE('',*,*,#8820,.F.);
#8820 = EDGE_CURVE('',#8821,#7547,#8823,.T.);
#8821 = VERTEX_POINT('',#8822);
#8822 = CARTESIAN_POINT('',(-0.32,-10.48,-2.84));
#8823 = LINE('',#8824,#8825);
#8824 = CARTESIAN_POINT('',(-0.32,-10.48,-3.));
#8825 = VECTOR('',#8826,1.);
#8826 = DIRECTION('',(0.,0.,1.));
#8827 = ORIENTED_EDGE('',*,*,#8828,.T.);
#8828 = EDGE_CURVE('',#8821,#8798,#8829,.T.);
#8829 = LINE('',#8830,#8831);
#8830 = CARTESIAN_POINT('',(-0.32,-10.48,-2.84));
#8831 = VECTOR('',#8832,1.);
#8832 = DIRECTION('',(0.,1.,0.));
#8833 = ORIENTED_EDGE('',*,*,#8805,.T.);
#8834 = ORIENTED_EDGE('',*,*,#7554,.F.);
#8835 = PLANE('',#8836);
#8836 = AXIS2_PLACEMENT_3D('',#8837,#8838,#8839);
#8837 = CARTESIAN_POINT('',(-0.32,-10.48,-3.));
#8838 = DIRECTION('',(1.,0.,0.));
#8839 = DIRECTION('',(0.,0.,1.));
#8840 = ADVANCED_FACE('',(#8841),#8859,.F.);
#8841 = FACE_BOUND('',#8842,.F.);
#8842 = EDGE_LOOP('',(#8843,#8851,#8857,#8858));
#8843 = ORIENTED_EDGE('',*,*,#8844,.F.);
#8844 = EDGE_CURVE('',#8845,#7539,#8847,.T.);
#8845 = VERTEX_POINT('',#8846);
#8846 = CARTESIAN_POINT('',(0.32,-10.48,-2.84));
#8847 = LINE('',#8848,#8849);
#8848 = CARTESIAN_POINT('',(0.32,-10.48,-3.));
#8849 = VECTOR('',#8850,1.);
#8850 = DIRECTION('',(0.,0.,1.));
#8851 = ORIENTED_EDGE('',*,*,#8852,.F.);
#8852 = EDGE_CURVE('',#8821,#8845,#8853,.T.);
#8853 = LINE('',#8854,#8855);
#8854 = CARTESIAN_POINT('',(-0.32,-10.48,-2.84));
#8855 = VECTOR('',#8856,1.);
#8856 = DIRECTION('',(1.,0.,0.));
#8857 = ORIENTED_EDGE('',*,*,#8820,.T.);
#8858 = ORIENTED_EDGE('',*,*,#7546,.F.);
#8859 = PLANE('',#8860);
#8860 = AXIS2_PLACEMENT_3D('',#8861,#8862,#8863);
#8861 = CARTESIAN_POINT('',(-0.32,-10.48,-3.));
#8862 = DIRECTION('',(0.,1.,0.));
#8863 = DIRECTION('',(0.,-0.,1.));
#8864 = ADVANCED_FACE('',(#8865),#8876,.T.);
#8865 = FACE_BOUND('',#8866,.T.);
#8866 = EDGE_LOOP('',(#8867,#8868,#8874,#8875));
#8867 = ORIENTED_EDGE('',*,*,#8844,.F.);
#8868 = ORIENTED_EDGE('',*,*,#8869,.T.);
#8869 = EDGE_CURVE('',#8845,#8790,#8870,.T.);
#8870 = LINE('',#8871,#8872);
#8871 = CARTESIAN_POINT('',(0.32,-10.48,-2.84));
#8872 = VECTOR('',#8873,1.);
#8873 = DIRECTION('',(0.,1.,0.));
#8874 = ORIENTED_EDGE('',*,*,#8789,.T.);
#8875 = ORIENTED_EDGE('',*,*,#7538,.F.);
#8876 = PLANE('',#8877);
#8877 = AXIS2_PLACEMENT_3D('',#8878,#8879,#8880);
#8878 = CARTESIAN_POINT('',(0.32,-10.48,-3.));
#8879 = DIRECTION('',(1.,0.,0.));
#8880 = DIRECTION('',(0.,0.,1.));
#8881 = ADVANCED_FACE('',(#8882),#8907,.F.);
#8882 = FACE_BOUND('',#8883,.F.);
#8883 = EDGE_LOOP('',(#8884,#8892,#8900,#8906));
#8884 = ORIENTED_EDGE('',*,*,#8885,.F.);
#8885 = EDGE_CURVE('',#8886,#7563,#8888,.T.);
#8886 = VERTEX_POINT('',#8887);
#8887 = CARTESIAN_POINT('',(0.32,-7.94,-2.84));
#8888 = LINE('',#8889,#8890);
#8889 = CARTESIAN_POINT('',(0.32,-7.94,-3.));
#8890 = VECTOR('',#8891,1.);
#8891 = DIRECTION('',(0.,0.,1.));
#8892 = ORIENTED_EDGE('',*,*,#8893,.F.);
#8893 = EDGE_CURVE('',#8894,#8886,#8896,.T.);
#8894 = VERTEX_POINT('',#8895);
#8895 = CARTESIAN_POINT('',(-0.32,-7.94,-2.84));
#8896 = LINE('',#8897,#8898);
#8897 = CARTESIAN_POINT('',(-0.32,-7.94,-2.84));
#8898 = VECTOR('',#8899,1.);
#8899 = DIRECTION('',(1.,0.,0.));
#8900 = ORIENTED_EDGE('',*,*,#8901,.T.);
#8901 = EDGE_CURVE('',#8894,#7565,#8902,.T.);
#8902 = LINE('',#8903,#8904);
#8903 = CARTESIAN_POINT('',(-0.32,-7.94,-3.));
#8904 = VECTOR('',#8905,1.);
#8905 = DIRECTION('',(0.,0.,1.));
#8906 = ORIENTED_EDGE('',*,*,#7562,.F.);
#8907 = PLANE('',#8908);
#8908 = AXIS2_PLACEMENT_3D('',#8909,#8910,#8911);
#8909 = CARTESIAN_POINT('',(-0.32,-7.94,-3.));
#8910 = DIRECTION('',(0.,1.,0.));
#8911 = DIRECTION('',(0.,-0.,1.));
#8912 = ADVANCED_FACE('',(#8913),#8931,.T.);
#8913 = FACE_BOUND('',#8914,.T.);
#8914 = EDGE_LOOP('',(#8915,#8916,#8924,#8930));
#8915 = ORIENTED_EDGE('',*,*,#8885,.F.);
#8916 = ORIENTED_EDGE('',*,*,#8917,.T.);
#8917 = EDGE_CURVE('',#8886,#8918,#8920,.T.);
#8918 = VERTEX_POINT('',#8919);
#8919 = CARTESIAN_POINT('',(0.32,-7.3,-2.84));
#8920 = LINE('',#8921,#8922);
#8921 = CARTESIAN_POINT('',(0.32,-7.94,-2.84));
#8922 = VECTOR('',#8923,1.);
#8923 = DIRECTION('',(0.,1.,0.));
#8924 = ORIENTED_EDGE('',*,*,#8925,.T.);
#8925 = EDGE_CURVE('',#8918,#7581,#8926,.T.);
#8926 = LINE('',#8927,#8928);
#8927 = CARTESIAN_POINT('',(0.32,-7.3,-3.));
#8928 = VECTOR('',#8929,1.);
#8929 = DIRECTION('',(0.,0.,1.));
#8930 = ORIENTED_EDGE('',*,*,#7588,.F.);
#8931 = PLANE('',#8932);
#8932 = AXIS2_PLACEMENT_3D('',#8933,#8934,#8935);
#8933 = CARTESIAN_POINT('',(0.32,-7.94,-3.));
#8934 = DIRECTION('',(1.,0.,0.));
#8935 = DIRECTION('',(0.,0.,1.));
#8936 = ADVANCED_FACE('',(#8937),#8955,.T.);
#8937 = FACE_BOUND('',#8938,.T.);
#8938 = EDGE_LOOP('',(#8939,#8940,#8948,#8954));
#8939 = ORIENTED_EDGE('',*,*,#8925,.F.);
#8940 = ORIENTED_EDGE('',*,*,#8941,.F.);
#8941 = EDGE_CURVE('',#8942,#8918,#8944,.T.);
#8942 = VERTEX_POINT('',#8943);
#8943 = CARTESIAN_POINT('',(-0.32,-7.3,-2.84));
#8944 = LINE('',#8945,#8946);
#8945 = CARTESIAN_POINT('',(-0.32,-7.3,-2.84));
#8946 = VECTOR('',#8947,1.);
#8947 = DIRECTION('',(1.,0.,0.));
#8948 = ORIENTED_EDGE('',*,*,#8949,.T.);
#8949 = EDGE_CURVE('',#8942,#7573,#8950,.T.);
#8950 = LINE('',#8951,#8952);
#8951 = CARTESIAN_POINT('',(-0.32,-7.3,-3.));
#8952 = VECTOR('',#8953,1.);
#8953 = DIRECTION('',(0.,0.,1.));
#8954 = ORIENTED_EDGE('',*,*,#7580,.F.);
#8955 = PLANE('',#8956);
#8956 = AXIS2_PLACEMENT_3D('',#8957,#8958,#8959);
#8957 = CARTESIAN_POINT('',(-0.32,-7.3,-3.));
#8958 = DIRECTION('',(0.,1.,0.));
#8959 = DIRECTION('',(0.,-0.,1.));
#8960 = ADVANCED_FACE('',(#8961),#8972,.F.);
#8961 = FACE_BOUND('',#8962,.F.);
#8962 = EDGE_LOOP('',(#8963,#8964,#8970,#8971));
#8963 = ORIENTED_EDGE('',*,*,#8901,.F.);
#8964 = ORIENTED_EDGE('',*,*,#8965,.T.);
#8965 = EDGE_CURVE('',#8894,#8942,#8966,.T.);
#8966 = LINE('',#8967,#8968);
#8967 = CARTESIAN_POINT('',(-0.32,-7.94,-2.84));
#8968 = VECTOR('',#8969,1.);
#8969 = DIRECTION('',(0.,1.,0.));
#8970 = ORIENTED_EDGE('',*,*,#8949,.T.);
#8971 = ORIENTED_EDGE('',*,*,#7572,.F.);
#8972 = PLANE('',#8973);
#8973 = AXIS2_PLACEMENT_3D('',#8974,#8975,#8976);
#8974 = CARTESIAN_POINT('',(-0.32,-7.94,-3.));
#8975 = DIRECTION('',(1.,0.,0.));
#8976 = DIRECTION('',(0.,0.,1.));
#8977 = ADVANCED_FACE('',(#8978),#9003,.T.);
#8978 = FACE_BOUND('',#8979,.T.);
#8979 = EDGE_LOOP('',(#8980,#8988,#8989,#8997));
#8980 = ORIENTED_EDGE('',*,*,#8981,.F.);
#8981 = EDGE_CURVE('',#7838,#8982,#8984,.T.);
#8982 = VERTEX_POINT('',#8983);
#8983 = CARTESIAN_POINT('',(0.32,-0.32,8.38));
#8984 = LINE('',#8985,#8986);
#8985 = CARTESIAN_POINT('',(0.32,-0.32,-3.));
#8986 = VECTOR('',#8987,1.);
#8987 = DIRECTION('',(0.,0.,1.));
#8988 = ORIENTED_EDGE('',*,*,#7837,.T.);
#8989 = ORIENTED_EDGE('',*,*,#8990,.T.);
#8990 = EDGE_CURVE('',#7840,#8991,#8993,.T.);
#8991 = VERTEX_POINT('',#8992);
#8992 = CARTESIAN_POINT('',(0.32,0.32,8.38));
#8993 = LINE('',#8994,#8995);
#8994 = CARTESIAN_POINT('',(0.32,0.32,-3.));
#8995 = VECTOR('',#8996,1.);
#8996 = DIRECTION('',(0.,0.,1.));
#8997 = ORIENTED_EDGE('',*,*,#8998,.F.);
#8998 = EDGE_CURVE('',#8982,#8991,#8999,.T.);
#8999 = LINE('',#9000,#9001);
#9000 = CARTESIAN_POINT('',(0.32,-0.32,8.38));
#9001 = VECTOR('',#9002,1.);
#9002 = DIRECTION('',(0.,1.,0.));
#9003 = PLANE('',#9004);
#9004 = AXIS2_PLACEMENT_3D('',#9005,#9006,#9007);
#9005 = CARTESIAN_POINT('',(0.32,-0.32,-3.));
#9006 = DIRECTION('',(1.,0.,0.));
#9007 = DIRECTION('',(0.,0.,1.));
#9008 = ADVANCED_FACE('',(#9009),#9027,.T.);
#9009 = FACE_BOUND('',#9010,.T.);
#9010 = EDGE_LOOP('',(#9011,#9012,#9013,#9021));
#9011 = ORIENTED_EDGE('',*,*,#8990,.F.);
#9012 = ORIENTED_EDGE('',*,*,#7863,.T.);
#9013 = ORIENTED_EDGE('',*,*,#9014,.T.);
#9014 = EDGE_CURVE('',#7856,#9015,#9017,.T.);
#9015 = VERTEX_POINT('',#9016);
#9016 = CARTESIAN_POINT('',(-0.32,0.32,8.38));
#9017 = LINE('',#9018,#9019);
#9018 = CARTESIAN_POINT('',(-0.32,0.32,-3.));
#9019 = VECTOR('',#9020,1.);
#9020 = DIRECTION('',(0.,0.,1.));
#9021 = ORIENTED_EDGE('',*,*,#9022,.T.);
#9022 = EDGE_CURVE('',#9015,#8991,#9023,.T.);
#9023 = LINE('',#9024,#9025);
#9024 = CARTESIAN_POINT('',(-0.32,0.32,8.38));
#9025 = VECTOR('',#9026,1.);
#9026 = DIRECTION('',(1.,0.,0.));
#9027 = PLANE('',#9028);
#9028 = AXIS2_PLACEMENT_3D('',#9029,#9030,#9031);
#9029 = CARTESIAN_POINT('',(-0.32,0.32,-3.));
#9030 = DIRECTION('',(0.,1.,0.));
#9031 = DIRECTION('',(0.,-0.,1.));
#9032 = ADVANCED_FACE('',(#9033),#9051,.F.);
#9033 = FACE_BOUND('',#9034,.F.);
#9034 = EDGE_LOOP('',(#9035,#9043,#9044,#9045));
#9035 = ORIENTED_EDGE('',*,*,#9036,.F.);
#9036 = EDGE_CURVE('',#7848,#9037,#9039,.T.);
#9037 = VERTEX_POINT('',#9038);
#9038 = CARTESIAN_POINT('',(-0.32,-0.32,8.38));
#9039 = LINE('',#9040,#9041);
#9040 = CARTESIAN_POINT('',(-0.32,-0.32,-3.));
#9041 = VECTOR('',#9042,1.);
#9042 = DIRECTION('',(0.,0.,1.));
#9043 = ORIENTED_EDGE('',*,*,#7855,.T.);
#9044 = ORIENTED_EDGE('',*,*,#9014,.T.);
#9045 = ORIENTED_EDGE('',*,*,#9046,.F.);
#9046 = EDGE_CURVE('',#9037,#9015,#9047,.T.);
#9047 = LINE('',#9048,#9049);
#9048 = CARTESIAN_POINT('',(-0.32,-0.32,8.38));
#9049 = VECTOR('',#9050,1.);
#9050 = DIRECTION('',(0.,1.,0.));
#9051 = PLANE('',#9052);
#9052 = AXIS2_PLACEMENT_3D('',#9053,#9054,#9055);
#9053 = CARTESIAN_POINT('',(-0.32,-0.32,-3.));
#9054 = DIRECTION('',(1.,0.,0.));
#9055 = DIRECTION('',(0.,0.,1.));
#9056 = ADVANCED_FACE('',(#9057),#9068,.F.);
#9057 = FACE_BOUND('',#9058,.F.);
#9058 = EDGE_LOOP('',(#9059,#9060,#9061,#9062));
#9059 = ORIENTED_EDGE('',*,*,#8981,.F.);
#9060 = ORIENTED_EDGE('',*,*,#7847,.T.);
#9061 = ORIENTED_EDGE('',*,*,#9036,.T.);
#9062 = ORIENTED_EDGE('',*,*,#9063,.T.);
#9063 = EDGE_CURVE('',#9037,#8982,#9064,.T.);
#9064 = LINE('',#9065,#9066);
#9065 = CARTESIAN_POINT('',(-0.32,-0.32,8.38));
#9066 = VECTOR('',#9067,1.);
#9067 = DIRECTION('',(1.,0.,0.));
#9068 = PLANE('',#9069);
#9069 = AXIS2_PLACEMENT_3D('',#9070,#9071,#9072);
#9070 = CARTESIAN_POINT('',(-0.32,-0.32,-3.));
#9071 = DIRECTION('',(0.,1.,0.));
#9072 = DIRECTION('',(0.,-0.,1.));
#9073 = ADVANCED_FACE('',(#9074),#9099,.T.);
#9074 = FACE_BOUND('',#9075,.T.);
#9075 = EDGE_LOOP('',(#9076,#9084,#9085,#9093));
#9076 = ORIENTED_EDGE('',*,*,#9077,.F.);
#9077 = EDGE_CURVE('',#7872,#9078,#9080,.T.);
#9078 = VERTEX_POINT('',#9079);
#9079 = CARTESIAN_POINT('',(0.32,-2.22,8.38));
#9080 = LINE('',#9081,#9082);
#9081 = CARTESIAN_POINT('',(0.32,-2.22,-3.));
#9082 = VECTOR('',#9083,1.);
#9083 = DIRECTION('',(0.,0.,1.));
#9084 = ORIENTED_EDGE('',*,*,#7871,.T.);
#9085 = ORIENTED_EDGE('',*,*,#9086,.T.);
#9086 = EDGE_CURVE('',#7874,#9087,#9089,.T.);
#9087 = VERTEX_POINT('',#9088);
#9088 = CARTESIAN_POINT('',(-0.32,-2.22,8.38));
#9089 = LINE('',#9090,#9091);
#9090 = CARTESIAN_POINT('',(-0.32,-2.22,-3.));
#9091 = VECTOR('',#9092,1.);
#9092 = DIRECTION('',(0.,0.,1.));
#9093 = ORIENTED_EDGE('',*,*,#9094,.T.);
#9094 = EDGE_CURVE('',#9087,#9078,#9095,.T.);
#9095 = LINE('',#9096,#9097);
#9096 = CARTESIAN_POINT('',(-0.32,-2.22,8.38));
#9097 = VECTOR('',#9098,1.);
#9098 = DIRECTION('',(1.,0.,0.));
#9099 = PLANE('',#9100);
#9100 = AXIS2_PLACEMENT_3D('',#9101,#9102,#9103);
#9101 = CARTESIAN_POINT('',(-0.32,-2.22,-3.));
#9102 = DIRECTION('',(0.,1.,0.));
#9103 = DIRECTION('',(0.,-0.,1.));
#9104 = ADVANCED_FACE('',(#9105),#9123,.F.);
#9105 = FACE_BOUND('',#9106,.F.);
#9106 = EDGE_LOOP('',(#9107,#9115,#9116,#9117));
#9107 = ORIENTED_EDGE('',*,*,#9108,.F.);
#9108 = EDGE_CURVE('',#7890,#9109,#9111,.T.);
#9109 = VERTEX_POINT('',#9110);
#9110 = CARTESIAN_POINT('',(-0.32,-2.86,8.38));
#9111 = LINE('',#9112,#9113);
#9112 = CARTESIAN_POINT('',(-0.32,-2.86,-3.));
#9113 = VECTOR('',#9114,1.);
#9114 = DIRECTION('',(0.,0.,1.));
#9115 = ORIENTED_EDGE('',*,*,#7897,.T.);
#9116 = ORIENTED_EDGE('',*,*,#9086,.T.);
#9117 = ORIENTED_EDGE('',*,*,#9118,.F.);
#9118 = EDGE_CURVE('',#9109,#9087,#9119,.T.);
#9119 = LINE('',#9120,#9121);
#9120 = CARTESIAN_POINT('',(-0.32,-2.86,8.38));
#9121 = VECTOR('',#9122,1.);
#9122 = DIRECTION('',(0.,1.,0.));
#9123 = PLANE('',#9124);
#9124 = AXIS2_PLACEMENT_3D('',#9125,#9126,#9127);
#9125 = CARTESIAN_POINT('',(-0.32,-2.86,-3.));
#9126 = DIRECTION('',(1.,0.,0.));
#9127 = DIRECTION('',(0.,0.,1.));
#9128 = ADVANCED_FACE('',(#9129),#9147,.F.);
#9129 = FACE_BOUND('',#9130,.F.);
#9130 = EDGE_LOOP('',(#9131,#9139,#9140,#9141));
#9131 = ORIENTED_EDGE('',*,*,#9132,.F.);
#9132 = EDGE_CURVE('',#7882,#9133,#9135,.T.);
#9133 = VERTEX_POINT('',#9134);
#9134 = CARTESIAN_POINT('',(0.32,-2.86,8.38));
#9135 = LINE('',#9136,#9137);
#9136 = CARTESIAN_POINT('',(0.32,-2.86,-3.));
#9137 = VECTOR('',#9138,1.);
#9138 = DIRECTION('',(0.,0.,1.));
#9139 = ORIENTED_EDGE('',*,*,#7889,.T.);
#9140 = ORIENTED_EDGE('',*,*,#9108,.T.);
#9141 = ORIENTED_EDGE('',*,*,#9142,.T.);
#9142 = EDGE_CURVE('',#9109,#9133,#9143,.T.);
#9143 = LINE('',#9144,#9145);
#9144 = CARTESIAN_POINT('',(-0.32,-2.86,8.38));
#9145 = VECTOR('',#9146,1.);
#9146 = DIRECTION('',(1.,0.,0.));
#9147 = PLANE('',#9148);
#9148 = AXIS2_PLACEMENT_3D('',#9149,#9150,#9151);
#9149 = CARTESIAN_POINT('',(-0.32,-2.86,-3.));
#9150 = DIRECTION('',(0.,1.,0.));
#9151 = DIRECTION('',(0.,-0.,1.));
#9152 = ADVANCED_FACE('',(#9153),#9164,.T.);
#9153 = FACE_BOUND('',#9154,.T.);
#9154 = EDGE_LOOP('',(#9155,#9156,#9157,#9158));
#9155 = ORIENTED_EDGE('',*,*,#9132,.F.);
#9156 = ORIENTED_EDGE('',*,*,#7881,.T.);
#9157 = ORIENTED_EDGE('',*,*,#9077,.T.);
#9158 = ORIENTED_EDGE('',*,*,#9159,.F.);
#9159 = EDGE_CURVE('',#9133,#9078,#9160,.T.);
#9160 = LINE('',#9161,#9162);
#9161 = CARTESIAN_POINT('',(0.32,-2.86,8.38));
#9162 = VECTOR('',#9163,1.);
#9163 = DIRECTION('',(0.,1.,0.));
#9164 = PLANE('',#9165);
#9165 = AXIS2_PLACEMENT_3D('',#9166,#9167,#9168);
#9166 = CARTESIAN_POINT('',(0.32,-2.86,-3.));
#9167 = DIRECTION('',(1.,0.,0.));
#9168 = DIRECTION('',(0.,0.,1.));
#9169 = ADVANCED_FACE('',(#9170),#9195,.T.);
#9170 = FACE_BOUND('',#9171,.T.);
#9171 = EDGE_LOOP('',(#9172,#9180,#9181,#9189));
#9172 = ORIENTED_EDGE('',*,*,#9173,.F.);
#9173 = EDGE_CURVE('',#7906,#9174,#9176,.T.);
#9174 = VERTEX_POINT('',#9175);
#9175 = CARTESIAN_POINT('',(0.32,-4.76,8.38));
#9176 = LINE('',#9177,#9178);
#9177 = CARTESIAN_POINT('',(0.32,-4.76,-3.));
#9178 = VECTOR('',#9179,1.);
#9179 = DIRECTION('',(0.,0.,1.));
#9180 = ORIENTED_EDGE('',*,*,#7905,.T.);
#9181 = ORIENTED_EDGE('',*,*,#9182,.T.);
#9182 = EDGE_CURVE('',#7908,#9183,#9185,.T.);
#9183 = VERTEX_POINT('',#9184);
#9184 = CARTESIAN_POINT('',(-0.32,-4.76,8.38));
#9185 = LINE('',#9186,#9187);
#9186 = CARTESIAN_POINT('',(-0.32,-4.76,-3.));
#9187 = VECTOR('',#9188,1.);
#9188 = DIRECTION('',(0.,0.,1.));
#9189 = ORIENTED_EDGE('',*,*,#9190,.T.);
#9190 = EDGE_CURVE('',#9183,#9174,#9191,.T.);
#9191 = LINE('',#9192,#9193);
#9192 = CARTESIAN_POINT('',(-0.32,-4.76,8.38));
#9193 = VECTOR('',#9194,1.);
#9194 = DIRECTION('',(1.,0.,0.));
#9195 = PLANE('',#9196);
#9196 = AXIS2_PLACEMENT_3D('',#9197,#9198,#9199);
#9197 = CARTESIAN_POINT('',(-0.32,-4.76,-3.));
#9198 = DIRECTION('',(0.,1.,0.));
#9199 = DIRECTION('',(0.,-0.,1.));
#9200 = ADVANCED_FACE('',(#9201),#9219,.F.);
#9201 = FACE_BOUND('',#9202,.F.);
#9202 = EDGE_LOOP('',(#9203,#9211,#9212,#9213));
#9203 = ORIENTED_EDGE('',*,*,#9204,.F.);
#9204 = EDGE_CURVE('',#7924,#9205,#9207,.T.);
#9205 = VERTEX_POINT('',#9206);
#9206 = CARTESIAN_POINT('',(-0.32,-5.4,8.38));
#9207 = LINE('',#9208,#9209);
#9208 = CARTESIAN_POINT('',(-0.32,-5.4,-3.));
#9209 = VECTOR('',#9210,1.);
#9210 = DIRECTION('',(0.,0.,1.));
#9211 = ORIENTED_EDGE('',*,*,#7931,.T.);
#9212 = ORIENTED_EDGE('',*,*,#9182,.T.);
#9213 = ORIENTED_EDGE('',*,*,#9214,.F.);
#9214 = EDGE_CURVE('',#9205,#9183,#9215,.T.);
#9215 = LINE('',#9216,#9217);
#9216 = CARTESIAN_POINT('',(-0.32,-5.4,8.38));
#9217 = VECTOR('',#9218,1.);
#9218 = DIRECTION('',(0.,1.,0.));
#9219 = PLANE('',#9220);
#9220 = AXIS2_PLACEMENT_3D('',#9221,#9222,#9223);
#9221 = CARTESIAN_POINT('',(-0.32,-5.4,-3.));
#9222 = DIRECTION('',(1.,0.,0.));
#9223 = DIRECTION('',(0.,0.,1.));
#9224 = ADVANCED_FACE('',(#9225),#9243,.F.);
#9225 = FACE_BOUND('',#9226,.F.);
#9226 = EDGE_LOOP('',(#9227,#9235,#9236,#9237));
#9227 = ORIENTED_EDGE('',*,*,#9228,.F.);
#9228 = EDGE_CURVE('',#7916,#9229,#9231,.T.);
#9229 = VERTEX_POINT('',#9230);
#9230 = CARTESIAN_POINT('',(0.32,-5.4,8.38));
#9231 = LINE('',#9232,#9233);
#9232 = CARTESIAN_POINT('',(0.32,-5.4,-3.));
#9233 = VECTOR('',#9234,1.);
#9234 = DIRECTION('',(0.,0.,1.));
#9235 = ORIENTED_EDGE('',*,*,#7923,.T.);
#9236 = ORIENTED_EDGE('',*,*,#9204,.T.);
#9237 = ORIENTED_EDGE('',*,*,#9238,.T.);
#9238 = EDGE_CURVE('',#9205,#9229,#9239,.T.);
#9239 = LINE('',#9240,#9241);
#9240 = CARTESIAN_POINT('',(-0.32,-5.4,8.38));
#9241 = VECTOR('',#9242,1.);
#9242 = DIRECTION('',(1.,0.,0.));
#9243 = PLANE('',#9244);
#9244 = AXIS2_PLACEMENT_3D('',#9245,#9246,#9247);
#9245 = CARTESIAN_POINT('',(-0.32,-5.4,-3.));
#9246 = DIRECTION('',(0.,1.,0.));
#9247 = DIRECTION('',(0.,-0.,1.));
#9248 = ADVANCED_FACE('',(#9249),#9260,.T.);
#9249 = FACE_BOUND('',#9250,.T.);
#9250 = EDGE_LOOP('',(#9251,#9252,#9253,#9254));
#9251 = ORIENTED_EDGE('',*,*,#9228,.F.);
#9252 = ORIENTED_EDGE('',*,*,#7915,.T.);
#9253 = ORIENTED_EDGE('',*,*,#9173,.T.);
#9254 = ORIENTED_EDGE('',*,*,#9255,.F.);
#9255 = EDGE_CURVE('',#9229,#9174,#9256,.T.);
#9256 = LINE('',#9257,#9258);
#9257 = CARTESIAN_POINT('',(0.32,-5.4,8.38));
#9258 = VECTOR('',#9259,1.);
#9259 = DIRECTION('',(0.,1.,0.));
#9260 = PLANE('',#9261);
#9261 = AXIS2_PLACEMENT_3D('',#9262,#9263,#9264);
#9262 = CARTESIAN_POINT('',(0.32,-5.4,-3.));
#9263 = DIRECTION('',(1.,0.,0.));
#9264 = DIRECTION('',(0.,0.,1.));
#9265 = ADVANCED_FACE('',(#9266),#9291,.T.);
#9266 = FACE_BOUND('',#9267,.T.);
#9267 = EDGE_LOOP('',(#9268,#9276,#9277,#9285));
#9268 = ORIENTED_EDGE('',*,*,#9269,.F.);
#9269 = EDGE_CURVE('',#7940,#9270,#9272,.T.);
#9270 = VERTEX_POINT('',#9271);
#9271 = CARTESIAN_POINT('',(0.32,-9.84,8.38));
#9272 = LINE('',#9273,#9274);
#9273 = CARTESIAN_POINT('',(0.32,-9.84,-3.));
#9274 = VECTOR('',#9275,1.);
#9275 = DIRECTION('',(0.,0.,1.));
#9276 = ORIENTED_EDGE('',*,*,#7939,.T.);
#9277 = ORIENTED_EDGE('',*,*,#9278,.T.);
#9278 = EDGE_CURVE('',#7942,#9279,#9281,.T.);
#9279 = VERTEX_POINT('',#9280);
#9280 = CARTESIAN_POINT('',(-0.32,-9.84,8.38));
#9281 = LINE('',#9282,#9283);
#9282 = CARTESIAN_POINT('',(-0.32,-9.84,-3.));
#9283 = VECTOR('',#9284,1.);
#9284 = DIRECTION('',(0.,0.,1.));
#9285 = ORIENTED_EDGE('',*,*,#9286,.T.);
#9286 = EDGE_CURVE('',#9279,#9270,#9287,.T.);
#9287 = LINE('',#9288,#9289);
#9288 = CARTESIAN_POINT('',(-0.32,-9.84,8.38));
#9289 = VECTOR('',#9290,1.);
#9290 = DIRECTION('',(1.,0.,0.));
#9291 = PLANE('',#9292);
#9292 = AXIS2_PLACEMENT_3D('',#9293,#9294,#9295);
#9293 = CARTESIAN_POINT('',(-0.32,-9.84,-3.));
#9294 = DIRECTION('',(0.,1.,0.));
#9295 = DIRECTION('',(0.,-0.,1.));
#9296 = ADVANCED_FACE('',(#9297),#9315,.F.);
#9297 = FACE_BOUND('',#9298,.F.);
#9298 = EDGE_LOOP('',(#9299,#9307,#9308,#9309));
#9299 = ORIENTED_EDGE('',*,*,#9300,.F.);
#9300 = EDGE_CURVE('',#7958,#9301,#9303,.T.);
#9301 = VERTEX_POINT('',#9302);
#9302 = CARTESIAN_POINT('',(-0.32,-10.48,8.38));
#9303 = LINE('',#9304,#9305);
#9304 = CARTESIAN_POINT('',(-0.32,-10.48,-3.));
#9305 = VECTOR('',#9306,1.);
#9306 = DIRECTION('',(0.,0.,1.));
#9307 = ORIENTED_EDGE('',*,*,#7965,.T.);
#9308 = ORIENTED_EDGE('',*,*,#9278,.T.);
#9309 = ORIENTED_EDGE('',*,*,#9310,.F.);
#9310 = EDGE_CURVE('',#9301,#9279,#9311,.T.);
#9311 = LINE('',#9312,#9313);
#9312 = CARTESIAN_POINT('',(-0.32,-10.48,8.38));
#9313 = VECTOR('',#9314,1.);
#9314 = DIRECTION('',(0.,1.,0.));
#9315 = PLANE('',#9316);
#9316 = AXIS2_PLACEMENT_3D('',#9317,#9318,#9319);
#9317 = CARTESIAN_POINT('',(-0.32,-10.48,-3.));
#9318 = DIRECTION('',(1.,0.,0.));
#9319 = DIRECTION('',(0.,0.,1.));
#9320 = ADVANCED_FACE('',(#9321),#9339,.F.);
#9321 = FACE_BOUND('',#9322,.F.);
#9322 = EDGE_LOOP('',(#9323,#9331,#9332,#9333));
#9323 = ORIENTED_EDGE('',*,*,#9324,.F.);
#9324 = EDGE_CURVE('',#7950,#9325,#9327,.T.);
#9325 = VERTEX_POINT('',#9326);
#9326 = CARTESIAN_POINT('',(0.32,-10.48,8.38));
#9327 = LINE('',#9328,#9329);
#9328 = CARTESIAN_POINT('',(0.32,-10.48,-3.));
#9329 = VECTOR('',#9330,1.);
#9330 = DIRECTION('',(0.,0.,1.));
#9331 = ORIENTED_EDGE('',*,*,#7957,.T.);
#9332 = ORIENTED_EDGE('',*,*,#9300,.T.);
#9333 = ORIENTED_EDGE('',*,*,#9334,.T.);
#9334 = EDGE_CURVE('',#9301,#9325,#9335,.T.);
#9335 = LINE('',#9336,#9337);
#9336 = CARTESIAN_POINT('',(-0.32,-10.48,8.38));
#9337 = VECTOR('',#9338,1.);
#9338 = DIRECTION('',(1.,0.,0.));
#9339 = PLANE('',#9340);
#9340 = AXIS2_PLACEMENT_3D('',#9341,#9342,#9343);
#9341 = CARTESIAN_POINT('',(-0.32,-10.48,-3.));
#9342 = DIRECTION('',(0.,1.,0.));
#9343 = DIRECTION('',(0.,-0.,1.));
#9344 = ADVANCED_FACE('',(#9345),#9356,.T.);
#9345 = FACE_BOUND('',#9346,.T.);
#9346 = EDGE_LOOP('',(#9347,#9348,#9349,#9350));
#9347 = ORIENTED_EDGE('',*,*,#9324,.F.);
#9348 = ORIENTED_EDGE('',*,*,#7949,.T.);
#9349 = ORIENTED_EDGE('',*,*,#9269,.T.);
#9350 = ORIENTED_EDGE('',*,*,#9351,.F.);
#9351 = EDGE_CURVE('',#9325,#9270,#9352,.T.);
#9352 = LINE('',#9353,#9354);
#9353 = CARTESIAN_POINT('',(0.32,-10.48,8.38));
#9354 = VECTOR('',#9355,1.);
#9355 = DIRECTION('',(0.,1.,0.));
#9356 = PLANE('',#9357);
#9357 = AXIS2_PLACEMENT_3D('',#9358,#9359,#9360);
#9358 = CARTESIAN_POINT('',(0.32,-10.48,-3.));
#9359 = DIRECTION('',(1.,0.,0.));
#9360 = DIRECTION('',(0.,0.,1.));
#9361 = ADVANCED_FACE('',(#9362),#9387,.F.);
#9362 = FACE_BOUND('',#9363,.F.);
#9363 = EDGE_LOOP('',(#9364,#9372,#9373,#9381));
#9364 = ORIENTED_EDGE('',*,*,#9365,.F.);
#9365 = EDGE_CURVE('',#7974,#9366,#9368,.T.);
#9366 = VERTEX_POINT('',#9367);
#9367 = CARTESIAN_POINT('',(0.32,-7.94,8.38));
#9368 = LINE('',#9369,#9370);
#9369 = CARTESIAN_POINT('',(0.32,-7.94,-3.));
#9370 = VECTOR('',#9371,1.);
#9371 = DIRECTION('',(0.,0.,1.));
#9372 = ORIENTED_EDGE('',*,*,#7973,.T.);
#9373 = ORIENTED_EDGE('',*,*,#9374,.T.);
#9374 = EDGE_CURVE('',#7976,#9375,#9377,.T.);
#9375 = VERTEX_POINT('',#9376);
#9376 = CARTESIAN_POINT('',(-0.32,-7.94,8.38));
#9377 = LINE('',#9378,#9379);
#9378 = CARTESIAN_POINT('',(-0.32,-7.94,-3.));
#9379 = VECTOR('',#9380,1.);
#9380 = DIRECTION('',(0.,0.,1.));
#9381 = ORIENTED_EDGE('',*,*,#9382,.T.);
#9382 = EDGE_CURVE('',#9375,#9366,#9383,.T.);
#9383 = LINE('',#9384,#9385);
#9384 = CARTESIAN_POINT('',(-0.32,-7.94,8.38));
#9385 = VECTOR('',#9386,1.);
#9386 = DIRECTION('',(1.,0.,0.));
#9387 = PLANE('',#9388);
#9388 = AXIS2_PLACEMENT_3D('',#9389,#9390,#9391);
#9389 = CARTESIAN_POINT('',(-0.32,-7.94,-3.));
#9390 = DIRECTION('',(0.,1.,0.));
#9391 = DIRECTION('',(0.,-0.,1.));
#9392 = ADVANCED_FACE('',(#9393),#9411,.T.);
#9393 = FACE_BOUND('',#9394,.T.);
#9394 = EDGE_LOOP('',(#9395,#9396,#9397,#9405));
#9395 = ORIENTED_EDGE('',*,*,#9365,.F.);
#9396 = ORIENTED_EDGE('',*,*,#7999,.T.);
#9397 = ORIENTED_EDGE('',*,*,#9398,.T.);
#9398 = EDGE_CURVE('',#7992,#9399,#9401,.T.);
#9399 = VERTEX_POINT('',#9400);
#9400 = CARTESIAN_POINT('',(0.32,-7.3,8.38));
#9401 = LINE('',#9402,#9403);
#9402 = CARTESIAN_POINT('',(0.32,-7.3,-3.));
#9403 = VECTOR('',#9404,1.);
#9404 = DIRECTION('',(0.,0.,1.));
#9405 = ORIENTED_EDGE('',*,*,#9406,.F.);
#9406 = EDGE_CURVE('',#9366,#9399,#9407,.T.);
#9407 = LINE('',#9408,#9409);
#9408 = CARTESIAN_POINT('',(0.32,-7.94,8.38));
#9409 = VECTOR('',#9410,1.);
#9410 = DIRECTION('',(0.,1.,0.));
#9411 = PLANE('',#9412);
#9412 = AXIS2_PLACEMENT_3D('',#9413,#9414,#9415);
#9413 = CARTESIAN_POINT('',(0.32,-7.94,-3.));
#9414 = DIRECTION('',(1.,0.,0.));
#9415 = DIRECTION('',(0.,0.,1.));
#9416 = ADVANCED_FACE('',(#9417),#9435,.T.);
#9417 = FACE_BOUND('',#9418,.T.);
#9418 = EDGE_LOOP('',(#9419,#9420,#9421,#9429));
#9419 = ORIENTED_EDGE('',*,*,#9398,.F.);
#9420 = ORIENTED_EDGE('',*,*,#7991,.T.);
#9421 = ORIENTED_EDGE('',*,*,#9422,.T.);
#9422 = EDGE_CURVE('',#7984,#9423,#9425,.T.);
#9423 = VERTEX_POINT('',#9424);
#9424 = CARTESIAN_POINT('',(-0.32,-7.3,8.38));
#9425 = LINE('',#9426,#9427);
#9426 = CARTESIAN_POINT('',(-0.32,-7.3,-3.));
#9427 = VECTOR('',#9428,1.);
#9428 = DIRECTION('',(0.,0.,1.));
#9429 = ORIENTED_EDGE('',*,*,#9430,.T.);
#9430 = EDGE_CURVE('',#9423,#9399,#9431,.T.);
#9431 = LINE('',#9432,#9433);
#9432 = CARTESIAN_POINT('',(-0.32,-7.3,8.38));
#9433 = VECTOR('',#9434,1.);
#9434 = DIRECTION('',(1.,0.,0.));
#9435 = PLANE('',#9436);
#9436 = AXIS2_PLACEMENT_3D('',#9437,#9438,#9439);
#9437 = CARTESIAN_POINT('',(-0.32,-7.3,-3.));
#9438 = DIRECTION('',(0.,1.,0.));
#9439 = DIRECTION('',(0.,-0.,1.));
#9440 = ADVANCED_FACE('',(#9441),#9452,.F.);
#9441 = FACE_BOUND('',#9442,.F.);
#9442 = EDGE_LOOP('',(#9443,#9444,#9445,#9446));
#9443 = ORIENTED_EDGE('',*,*,#9374,.F.);
#9444 = ORIENTED_EDGE('',*,*,#7983,.T.);
#9445 = ORIENTED_EDGE('',*,*,#9422,.T.);
#9446 = ORIENTED_EDGE('',*,*,#9447,.F.);
#9447 = EDGE_CURVE('',#9375,#9423,#9448,.T.);
#9448 = LINE('',#9449,#9450);
#9449 = CARTESIAN_POINT('',(-0.32,-7.94,8.38));
#9450 = VECTOR('',#9451,1.);
#9451 = DIRECTION('',(0.,1.,0.));
#9452 = PLANE('',#9453);
#9453 = AXIS2_PLACEMENT_3D('',#9454,#9455,#9456);
#9454 = CARTESIAN_POINT('',(-0.32,-7.94,-3.));
#9455 = DIRECTION('',(1.,0.,0.));
#9456 = DIRECTION('',(0.,0.,1.));
#9457 = ADVANCED_FACE('',(#9458),#9483,.F.);
#9458 = FACE_BOUND('',#9459,.F.);
#9459 = EDGE_LOOP('',(#9460,#9468,#9469,#9477));
#9460 = ORIENTED_EDGE('',*,*,#9461,.F.);
#9461 = EDGE_CURVE('',#8502,#9462,#9464,.T.);
#9462 = VERTEX_POINT('',#9463);
#9463 = CARTESIAN_POINT('',(0.16,-0.16,-3.));
#9464 = LINE('',#9465,#9466);
#9465 = CARTESIAN_POINT('',(0.16,-0.16,-3.));
#9466 = VECTOR('',#9467,1.);
#9467 = DIRECTION('',(-0.57735026919,0.57735026919,-0.57735026919));
#9468 = ORIENTED_EDGE('',*,*,#8509,.T.);
#9469 = ORIENTED_EDGE('',*,*,#9470,.T.);
#9470 = EDGE_CURVE('',#8510,#9471,#9473,.T.);
#9471 = VERTEX_POINT('',#9472);
#9472 = CARTESIAN_POINT('',(0.16,0.16,-3.));
#9473 = LINE('',#9474,#9475);
#9474 = CARTESIAN_POINT('',(5.333333333333E-02,5.333333333333E-02,
    -3.106666666667));
#9475 = VECTOR('',#9476,1.);
#9476 = DIRECTION('',(-0.57735026919,-0.57735026919,-0.57735026919));
#9477 = ORIENTED_EDGE('',*,*,#9478,.F.);
#9478 = EDGE_CURVE('',#9462,#9471,#9479,.T.);
#9479 = LINE('',#9480,#9481);
#9480 = CARTESIAN_POINT('',(0.16,-0.32,-3.));
#9481 = VECTOR('',#9482,1.);
#9482 = DIRECTION('',(0.,1.,0.));
#9483 = PLANE('',#9484);
#9484 = AXIS2_PLACEMENT_3D('',#9485,#9486,#9487);
#9485 = CARTESIAN_POINT('',(0.24,-0.32,-2.92));
#9486 = DIRECTION('',(-0.707106781187,1.735167508357E-18,0.707106781187)
  );
#9487 = DIRECTION('',(1.226948711654E-18,1.,-1.226948711654E-18));
#9488 = ADVANCED_FACE('',(#9489),#9507,.F.);
#9489 = FACE_BOUND('',#9490,.T.);
#9490 = EDGE_LOOP('',(#9491,#9499,#9500,#9501));
#9491 = ORIENTED_EDGE('',*,*,#9492,.F.);
#9492 = EDGE_CURVE('',#8534,#9493,#9495,.T.);
#9493 = VERTEX_POINT('',#9494);
#9494 = CARTESIAN_POINT('',(-0.16,0.16,-3.));
#9495 = LINE('',#9496,#9497);
#9496 = CARTESIAN_POINT('',(-0.16,0.16,-3.));
#9497 = VECTOR('',#9498,1.);
#9498 = DIRECTION('',(0.57735026919,-0.57735026919,-0.57735026919));
#9499 = ORIENTED_EDGE('',*,*,#8533,.T.);
#9500 = ORIENTED_EDGE('',*,*,#9470,.T.);
#9501 = ORIENTED_EDGE('',*,*,#9502,.F.);
#9502 = EDGE_CURVE('',#9493,#9471,#9503,.T.);
#9503 = LINE('',#9504,#9505);
#9504 = CARTESIAN_POINT('',(-0.32,0.16,-3.));
#9505 = VECTOR('',#9506,1.);
#9506 = DIRECTION('',(1.,0.,0.));
#9507 = PLANE('',#9508);
#9508 = AXIS2_PLACEMENT_3D('',#9509,#9510,#9511);
#9509 = CARTESIAN_POINT('',(-0.32,0.24,-2.92));
#9510 = DIRECTION('',(-1.735167508357E-18,-0.707106781187,0.707106781187
    ));
#9511 = DIRECTION('',(-1.,1.226948711654E-18,-1.226948711654E-18));
#9512 = ADVANCED_FACE('',(#9513),#9531,.T.);
#9513 = FACE_BOUND('',#9514,.T.);
#9514 = EDGE_LOOP('',(#9515,#9523,#9524,#9525));
#9515 = ORIENTED_EDGE('',*,*,#9516,.F.);
#9516 = EDGE_CURVE('',#8557,#9517,#9519,.T.);
#9517 = VERTEX_POINT('',#9518);
#9518 = CARTESIAN_POINT('',(-0.16,-0.16,-3.));
#9519 = LINE('',#9520,#9521);
#9520 = CARTESIAN_POINT('',(-0.266666666667,-0.266666666667,
    -2.893333333333));
#9521 = VECTOR('',#9522,1.);
#9522 = DIRECTION('',(0.57735026919,0.57735026919,-0.57735026919));
#9523 = ORIENTED_EDGE('',*,*,#8564,.T.);
#9524 = ORIENTED_EDGE('',*,*,#9492,.T.);
#9525 = ORIENTED_EDGE('',*,*,#9526,.F.);
#9526 = EDGE_CURVE('',#9517,#9493,#9527,.T.);
#9527 = LINE('',#9528,#9529);
#9528 = CARTESIAN_POINT('',(-0.16,-0.32,-3.));
#9529 = VECTOR('',#9530,1.);
#9530 = DIRECTION('',(0.,1.,0.));
#9531 = PLANE('',#9532);
#9532 = AXIS2_PLACEMENT_3D('',#9533,#9534,#9535);
#9533 = CARTESIAN_POINT('',(-0.24,-0.32,-2.92));
#9534 = DIRECTION('',(-0.707106781187,-1.735167508357E-18,
    -0.707106781187));
#9535 = DIRECTION('',(-1.226948711654E-18,1.,-1.226948711654E-18));
#9536 = ADVANCED_FACE('',(#9537),#9548,.T.);
#9537 = FACE_BOUND('',#9538,.F.);
#9538 = EDGE_LOOP('',(#9539,#9540,#9541,#9542));
#9539 = ORIENTED_EDGE('',*,*,#9516,.F.);
#9540 = ORIENTED_EDGE('',*,*,#8581,.T.);
#9541 = ORIENTED_EDGE('',*,*,#9461,.T.);
#9542 = ORIENTED_EDGE('',*,*,#9543,.F.);
#9543 = EDGE_CURVE('',#9517,#9462,#9544,.T.);
#9544 = LINE('',#9545,#9546);
#9545 = CARTESIAN_POINT('',(-0.32,-0.16,-3.));
#9546 = VECTOR('',#9547,1.);
#9547 = DIRECTION('',(1.,0.,0.));
#9548 = PLANE('',#9549);
#9549 = AXIS2_PLACEMENT_3D('',#9550,#9551,#9552);
#9550 = CARTESIAN_POINT('',(-0.32,-0.24,-2.92));
#9551 = DIRECTION('',(1.735167508357E-18,-0.707106781187,-0.707106781187
    ));
#9552 = DIRECTION('',(-1.,-1.226948711654E-18,-1.226948711654E-18));
#9553 = ADVANCED_FACE('',(#9554),#9579,.F.);
#9554 = FACE_BOUND('',#9555,.T.);
#9555 = EDGE_LOOP('',(#9556,#9564,#9565,#9573));
#9556 = ORIENTED_EDGE('',*,*,#9557,.F.);
#9557 = EDGE_CURVE('',#8606,#9558,#9560,.T.);
#9558 = VERTEX_POINT('',#9559);
#9559 = CARTESIAN_POINT('',(-0.16,-2.38,-3.));
#9560 = LINE('',#9561,#9562);
#9561 = CARTESIAN_POINT('',(-0.16,-2.38,-3.));
#9562 = VECTOR('',#9563,1.);
#9563 = DIRECTION('',(0.57735026919,-0.57735026919,-0.57735026919));
#9564 = ORIENTED_EDGE('',*,*,#8605,.T.);
#9565 = ORIENTED_EDGE('',*,*,#9566,.T.);
#9566 = EDGE_CURVE('',#8598,#9567,#9569,.T.);
#9567 = VERTEX_POINT('',#9568);
#9568 = CARTESIAN_POINT('',(0.16,-2.38,-3.));
#9569 = LINE('',#9570,#9571);
#9570 = CARTESIAN_POINT('',(5.333333333333E-02,-2.486666666667,
    -3.106666666667));
#9571 = VECTOR('',#9572,1.);
#9572 = DIRECTION('',(-0.57735026919,-0.57735026919,-0.57735026919));
#9573 = ORIENTED_EDGE('',*,*,#9574,.F.);
#9574 = EDGE_CURVE('',#9558,#9567,#9575,.T.);
#9575 = LINE('',#9576,#9577);
#9576 = CARTESIAN_POINT('',(-0.32,-2.38,-3.));
#9577 = VECTOR('',#9578,1.);
#9578 = DIRECTION('',(1.,0.,0.));
#9579 = PLANE('',#9580);
#9580 = AXIS2_PLACEMENT_3D('',#9581,#9582,#9583);
#9581 = CARTESIAN_POINT('',(-0.32,-2.3,-2.92));
#9582 = DIRECTION('',(-1.735167508357E-18,-0.707106781187,0.707106781187
    ));
#9583 = DIRECTION('',(-1.,1.226948711654E-18,-1.226948711654E-18));
#9584 = ADVANCED_FACE('',(#9585),#9603,.T.);
#9585 = FACE_BOUND('',#9586,.T.);
#9586 = EDGE_LOOP('',(#9587,#9595,#9596,#9597));
#9587 = ORIENTED_EDGE('',*,*,#9588,.F.);
#9588 = EDGE_CURVE('',#8629,#9589,#9591,.T.);
#9589 = VERTEX_POINT('',#9590);
#9590 = CARTESIAN_POINT('',(-0.16,-2.7,-3.));
#9591 = LINE('',#9592,#9593);
#9592 = CARTESIAN_POINT('',(-0.266666666667,-2.806666666667,
    -2.893333333333));
#9593 = VECTOR('',#9594,1.);
#9594 = DIRECTION('',(0.57735026919,0.57735026919,-0.57735026919));
#9595 = ORIENTED_EDGE('',*,*,#8636,.T.);
#9596 = ORIENTED_EDGE('',*,*,#9557,.T.);
#9597 = ORIENTED_EDGE('',*,*,#9598,.F.);
#9598 = EDGE_CURVE('',#9589,#9558,#9599,.T.);
#9599 = LINE('',#9600,#9601);
#9600 = CARTESIAN_POINT('',(-0.16,-2.86,-3.));
#9601 = VECTOR('',#9602,1.);
#9602 = DIRECTION('',(0.,1.,0.));
#9603 = PLANE('',#9604);
#9604 = AXIS2_PLACEMENT_3D('',#9605,#9606,#9607);
#9605 = CARTESIAN_POINT('',(-0.24,-2.86,-2.92));
#9606 = DIRECTION('',(-0.707106781187,-1.735167508357E-18,
    -0.707106781187));
#9607 = DIRECTION('',(-1.226948711654E-18,1.,-1.226948711654E-18));
#9608 = ADVANCED_FACE('',(#9609),#9627,.T.);
#9609 = FACE_BOUND('',#9610,.F.);
#9610 = EDGE_LOOP('',(#9611,#9612,#9613,#9621));
#9611 = ORIENTED_EDGE('',*,*,#9588,.F.);
#9612 = ORIENTED_EDGE('',*,*,#8660,.T.);
#9613 = ORIENTED_EDGE('',*,*,#9614,.T.);
#9614 = EDGE_CURVE('',#8653,#9615,#9617,.T.);
#9615 = VERTEX_POINT('',#9616);
#9616 = CARTESIAN_POINT('',(0.16,-2.7,-3.));
#9617 = LINE('',#9618,#9619);
#9618 = CARTESIAN_POINT('',(0.16,-2.7,-3.));
#9619 = VECTOR('',#9620,1.);
#9620 = DIRECTION('',(-0.57735026919,0.57735026919,-0.57735026919));
#9621 = ORIENTED_EDGE('',*,*,#9622,.F.);
#9622 = EDGE_CURVE('',#9589,#9615,#9623,.T.);
#9623 = LINE('',#9624,#9625);
#9624 = CARTESIAN_POINT('',(-0.32,-2.7,-3.));
#9625 = VECTOR('',#9626,1.);
#9626 = DIRECTION('',(1.,0.,0.));
#9627 = PLANE('',#9628);
#9628 = AXIS2_PLACEMENT_3D('',#9629,#9630,#9631);
#9629 = CARTESIAN_POINT('',(-0.32,-2.78,-2.92));
#9630 = DIRECTION('',(1.735167508357E-18,-0.707106781187,-0.707106781187
    ));
#9631 = DIRECTION('',(-1.,-1.226948711654E-18,-1.226948711654E-18));
#9632 = ADVANCED_FACE('',(#9633),#9644,.F.);
#9633 = FACE_BOUND('',#9634,.F.);
#9634 = EDGE_LOOP('',(#9635,#9636,#9637,#9638));
#9635 = ORIENTED_EDGE('',*,*,#9614,.F.);
#9636 = ORIENTED_EDGE('',*,*,#8677,.T.);
#9637 = ORIENTED_EDGE('',*,*,#9566,.T.);
#9638 = ORIENTED_EDGE('',*,*,#9639,.F.);
#9639 = EDGE_CURVE('',#9615,#9567,#9640,.T.);
#9640 = LINE('',#9641,#9642);
#9641 = CARTESIAN_POINT('',(0.16,-2.86,-3.));
#9642 = VECTOR('',#9643,1.);
#9643 = DIRECTION('',(0.,1.,0.));
#9644 = PLANE('',#9645);
#9645 = AXIS2_PLACEMENT_3D('',#9646,#9647,#9648);
#9646 = CARTESIAN_POINT('',(0.24,-2.86,-2.92));
#9647 = DIRECTION('',(-0.707106781187,1.735167508357E-18,0.707106781187)
  );
#9648 = DIRECTION('',(1.226948711654E-18,1.,-1.226948711654E-18));
#9649 = ADVANCED_FACE('',(#9650),#9675,.F.);
#9650 = FACE_BOUND('',#9651,.T.);
#9651 = EDGE_LOOP('',(#9652,#9660,#9661,#9669));
#9652 = ORIENTED_EDGE('',*,*,#9653,.F.);
#9653 = EDGE_CURVE('',#8702,#9654,#9656,.T.);
#9654 = VERTEX_POINT('',#9655);
#9655 = CARTESIAN_POINT('',(-0.16,-4.92,-3.));
#9656 = LINE('',#9657,#9658);
#9657 = CARTESIAN_POINT('',(-0.16,-4.92,-3.));
#9658 = VECTOR('',#9659,1.);
#9659 = DIRECTION('',(0.57735026919,-0.57735026919,-0.57735026919));
#9660 = ORIENTED_EDGE('',*,*,#8701,.T.);
#9661 = ORIENTED_EDGE('',*,*,#9662,.T.);
#9662 = EDGE_CURVE('',#8694,#9663,#9665,.T.);
#9663 = VERTEX_POINT('',#9664);
#9664 = CARTESIAN_POINT('',(0.16,-4.92,-3.));
#9665 = LINE('',#9666,#9667);
#9666 = CARTESIAN_POINT('',(5.333333333333E-02,-5.026666666667,
    -3.106666666667));
#9667 = VECTOR('',#9668,1.);
#9668 = DIRECTION('',(-0.57735026919,-0.57735026919,-0.57735026919));
#9669 = ORIENTED_EDGE('',*,*,#9670,.F.);
#9670 = EDGE_CURVE('',#9654,#9663,#9671,.T.);
#9671 = LINE('',#9672,#9673);
#9672 = CARTESIAN_POINT('',(-0.32,-4.92,-3.));
#9673 = VECTOR('',#9674,1.);
#9674 = DIRECTION('',(1.,0.,0.));
#9675 = PLANE('',#9676);
#9676 = AXIS2_PLACEMENT_3D('',#9677,#9678,#9679);
#9677 = CARTESIAN_POINT('',(-0.32,-4.84,-2.92));
#9678 = DIRECTION('',(-1.735167508357E-18,-0.707106781187,0.707106781187
    ));
#9679 = DIRECTION('',(-1.,1.226948711654E-18,-1.226948711654E-18));
#9680 = ADVANCED_FACE('',(#9681),#9699,.T.);
#9681 = FACE_BOUND('',#9682,.T.);
#9682 = EDGE_LOOP('',(#9683,#9691,#9692,#9693));
#9683 = ORIENTED_EDGE('',*,*,#9684,.F.);
#9684 = EDGE_CURVE('',#8725,#9685,#9687,.T.);
#9685 = VERTEX_POINT('',#9686);
#9686 = CARTESIAN_POINT('',(-0.16,-5.24,-3.));
#9687 = LINE('',#9688,#9689);
#9688 = CARTESIAN_POINT('',(-0.266666666667,-5.346666666667,
    -2.893333333333));
#9689 = VECTOR('',#9690,1.);
#9690 = DIRECTION('',(0.57735026919,0.57735026919,-0.57735026919));
#9691 = ORIENTED_EDGE('',*,*,#8732,.T.);
#9692 = ORIENTED_EDGE('',*,*,#9653,.T.);
#9693 = ORIENTED_EDGE('',*,*,#9694,.F.);
#9694 = EDGE_CURVE('',#9685,#9654,#9695,.T.);
#9695 = LINE('',#9696,#9697);
#9696 = CARTESIAN_POINT('',(-0.16,-5.4,-3.));
#9697 = VECTOR('',#9698,1.);
#9698 = DIRECTION('',(0.,1.,0.));
#9699 = PLANE('',#9700);
#9700 = AXIS2_PLACEMENT_3D('',#9701,#9702,#9703);
#9701 = CARTESIAN_POINT('',(-0.24,-5.4,-2.92));
#9702 = DIRECTION('',(-0.707106781187,-1.735167508357E-18,
    -0.707106781187));
#9703 = DIRECTION('',(-1.226948711654E-18,1.,-1.226948711654E-18));
#9704 = ADVANCED_FACE('',(#9705),#9723,.T.);
#9705 = FACE_BOUND('',#9706,.F.);
#9706 = EDGE_LOOP('',(#9707,#9708,#9709,#9717));
#9707 = ORIENTED_EDGE('',*,*,#9684,.F.);
#9708 = ORIENTED_EDGE('',*,*,#8756,.T.);
#9709 = ORIENTED_EDGE('',*,*,#9710,.T.);
#9710 = EDGE_CURVE('',#8749,#9711,#9713,.T.);
#9711 = VERTEX_POINT('',#9712);
#9712 = CARTESIAN_POINT('',(0.16,-5.24,-3.));
#9713 = LINE('',#9714,#9715);
#9714 = CARTESIAN_POINT('',(0.16,-5.24,-3.));
#9715 = VECTOR('',#9716,1.);
#9716 = DIRECTION('',(-0.57735026919,0.57735026919,-0.57735026919));
#9717 = ORIENTED_EDGE('',*,*,#9718,.F.);
#9718 = EDGE_CURVE('',#9685,#9711,#9719,.T.);
#9719 = LINE('',#9720,#9721);
#9720 = CARTESIAN_POINT('',(-0.32,-5.24,-3.));
#9721 = VECTOR('',#9722,1.);
#9722 = DIRECTION('',(1.,0.,0.));
#9723 = PLANE('',#9724);
#9724 = AXIS2_PLACEMENT_3D('',#9725,#9726,#9727);
#9725 = CARTESIAN_POINT('',(-0.32,-5.32,-2.92));
#9726 = DIRECTION('',(1.735167508357E-18,-0.707106781187,-0.707106781187
    ));
#9727 = DIRECTION('',(-1.,-1.226948711654E-18,-1.226948711654E-18));
#9728 = ADVANCED_FACE('',(#9729),#9740,.F.);
#9729 = FACE_BOUND('',#9730,.F.);
#9730 = EDGE_LOOP('',(#9731,#9732,#9733,#9734));
#9731 = ORIENTED_EDGE('',*,*,#9710,.F.);
#9732 = ORIENTED_EDGE('',*,*,#8773,.T.);
#9733 = ORIENTED_EDGE('',*,*,#9662,.T.);
#9734 = ORIENTED_EDGE('',*,*,#9735,.F.);
#9735 = EDGE_CURVE('',#9711,#9663,#9736,.T.);
#9736 = LINE('',#9737,#9738);
#9737 = CARTESIAN_POINT('',(0.16,-5.4,-3.));
#9738 = VECTOR('',#9739,1.);
#9739 = DIRECTION('',(0.,1.,0.));
#9740 = PLANE('',#9741);
#9741 = AXIS2_PLACEMENT_3D('',#9742,#9743,#9744);
#9742 = CARTESIAN_POINT('',(0.24,-5.4,-2.92));
#9743 = DIRECTION('',(-0.707106781187,1.735167508357E-18,0.707106781187)
  );
#9744 = DIRECTION('',(1.226948711654E-18,1.,-1.226948711654E-18));
#9745 = ADVANCED_FACE('',(#9746),#9771,.F.);
#9746 = FACE_BOUND('',#9747,.T.);
#9747 = EDGE_LOOP('',(#9748,#9756,#9757,#9765));
#9748 = ORIENTED_EDGE('',*,*,#9749,.F.);
#9749 = EDGE_CURVE('',#8798,#9750,#9752,.T.);
#9750 = VERTEX_POINT('',#9751);
#9751 = CARTESIAN_POINT('',(-0.16,-10.,-3.));
#9752 = LINE('',#9753,#9754);
#9753 = CARTESIAN_POINT('',(-0.16,-10.,-3.));
#9754 = VECTOR('',#9755,1.);
#9755 = DIRECTION('',(0.57735026919,-0.57735026919,-0.57735026919));
#9756 = ORIENTED_EDGE('',*,*,#8797,.T.);
#9757 = ORIENTED_EDGE('',*,*,#9758,.T.);
#9758 = EDGE_CURVE('',#8790,#9759,#9761,.T.);
#9759 = VERTEX_POINT('',#9760);
#9760 = CARTESIAN_POINT('',(0.16,-10.,-3.));
#9761 = LINE('',#9762,#9763);
#9762 = CARTESIAN_POINT('',(5.333333333333E-02,-10.10666666666,
    -3.106666666667));
#9763 = VECTOR('',#9764,1.);
#9764 = DIRECTION('',(-0.57735026919,-0.57735026919,-0.57735026919));
#9765 = ORIENTED_EDGE('',*,*,#9766,.F.);
#9766 = EDGE_CURVE('',#9750,#9759,#9767,.T.);
#9767 = LINE('',#9768,#9769);
#9768 = CARTESIAN_POINT('',(-0.32,-10.,-3.));
#9769 = VECTOR('',#9770,1.);
#9770 = DIRECTION('',(1.,0.,0.));
#9771 = PLANE('',#9772);
#9772 = AXIS2_PLACEMENT_3D('',#9773,#9774,#9775);
#9773 = CARTESIAN_POINT('',(-0.32,-9.92,-2.92));
#9774 = DIRECTION('',(-1.735167508357E-18,-0.707106781187,0.707106781187
    ));
#9775 = DIRECTION('',(-1.,1.226948711654E-18,-1.226948711654E-18));
#9776 = ADVANCED_FACE('',(#9777),#9795,.T.);
#9777 = FACE_BOUND('',#9778,.T.);
#9778 = EDGE_LOOP('',(#9779,#9787,#9788,#9789));
#9779 = ORIENTED_EDGE('',*,*,#9780,.F.);
#9780 = EDGE_CURVE('',#8821,#9781,#9783,.T.);
#9781 = VERTEX_POINT('',#9782);
#9782 = CARTESIAN_POINT('',(-0.16,-10.32,-3.));
#9783 = LINE('',#9784,#9785);
#9784 = CARTESIAN_POINT('',(-0.266666666667,-10.42666666666,
    -2.893333333333));
#9785 = VECTOR('',#9786,1.);
#9786 = DIRECTION('',(0.57735026919,0.57735026919,-0.57735026919));
#9787 = ORIENTED_EDGE('',*,*,#8828,.T.);
#9788 = ORIENTED_EDGE('',*,*,#9749,.T.);
#9789 = ORIENTED_EDGE('',*,*,#9790,.F.);
#9790 = EDGE_CURVE('',#9781,#9750,#9791,.T.);
#9791 = LINE('',#9792,#9793);
#9792 = CARTESIAN_POINT('',(-0.16,-10.48,-3.));
#9793 = VECTOR('',#9794,1.);
#9794 = DIRECTION('',(0.,1.,0.));
#9795 = PLANE('',#9796);
#9796 = AXIS2_PLACEMENT_3D('',#9797,#9798,#9799);
#9797 = CARTESIAN_POINT('',(-0.24,-10.48,-2.92));
#9798 = DIRECTION('',(-0.707106781187,-1.735167508357E-18,
    -0.707106781187));
#9799 = DIRECTION('',(-1.226948711654E-18,1.,-1.226948711654E-18));
#9800 = ADVANCED_FACE('',(#9801),#9819,.T.);
#9801 = FACE_BOUND('',#9802,.F.);
#9802 = EDGE_LOOP('',(#9803,#9804,#9805,#9813));
#9803 = ORIENTED_EDGE('',*,*,#9780,.F.);
#9804 = ORIENTED_EDGE('',*,*,#8852,.T.);
#9805 = ORIENTED_EDGE('',*,*,#9806,.T.);
#9806 = EDGE_CURVE('',#8845,#9807,#9809,.T.);
#9807 = VERTEX_POINT('',#9808);
#9808 = CARTESIAN_POINT('',(0.16,-10.32,-3.));
#9809 = LINE('',#9810,#9811);
#9810 = CARTESIAN_POINT('',(0.16,-10.32,-3.));
#9811 = VECTOR('',#9812,1.);
#9812 = DIRECTION('',(-0.57735026919,0.57735026919,-0.57735026919));
#9813 = ORIENTED_EDGE('',*,*,#9814,.F.);
#9814 = EDGE_CURVE('',#9781,#9807,#9815,.T.);
#9815 = LINE('',#9816,#9817);
#9816 = CARTESIAN_POINT('',(-0.32,-10.32,-3.));
#9817 = VECTOR('',#9818,1.);
#9818 = DIRECTION('',(1.,0.,0.));
#9819 = PLANE('',#9820);
#9820 = AXIS2_PLACEMENT_3D('',#9821,#9822,#9823);
#9821 = CARTESIAN_POINT('',(-0.32,-10.4,-2.92));
#9822 = DIRECTION('',(1.735167508357E-18,-0.707106781187,-0.707106781187
    ));
#9823 = DIRECTION('',(-1.,-1.226948711654E-18,-1.226948711654E-18));
#9824 = ADVANCED_FACE('',(#9825),#9836,.F.);
#9825 = FACE_BOUND('',#9826,.F.);
#9826 = EDGE_LOOP('',(#9827,#9828,#9829,#9830));
#9827 = ORIENTED_EDGE('',*,*,#9806,.F.);
#9828 = ORIENTED_EDGE('',*,*,#8869,.T.);
#9829 = ORIENTED_EDGE('',*,*,#9758,.T.);
#9830 = ORIENTED_EDGE('',*,*,#9831,.F.);
#9831 = EDGE_CURVE('',#9807,#9759,#9832,.T.);
#9832 = LINE('',#9833,#9834);
#9833 = CARTESIAN_POINT('',(0.16,-10.48,-3.));
#9834 = VECTOR('',#9835,1.);
#9835 = DIRECTION('',(0.,1.,0.));
#9836 = PLANE('',#9837);
#9837 = AXIS2_PLACEMENT_3D('',#9838,#9839,#9840);
#9838 = CARTESIAN_POINT('',(0.24,-10.48,-2.92));
#9839 = DIRECTION('',(-0.707106781187,1.735167508357E-18,0.707106781187)
  );
#9840 = DIRECTION('',(1.226948711654E-18,1.,-1.226948711654E-18));
#9841 = ADVANCED_FACE('',(#9842),#9867,.T.);
#9842 = FACE_BOUND('',#9843,.F.);
#9843 = EDGE_LOOP('',(#9844,#9852,#9853,#9861));
#9844 = ORIENTED_EDGE('',*,*,#9845,.F.);
#9845 = EDGE_CURVE('',#8894,#9846,#9848,.T.);
#9846 = VERTEX_POINT('',#9847);
#9847 = CARTESIAN_POINT('',(-0.16,-7.78,-3.));
#9848 = LINE('',#9849,#9850);
#9849 = CARTESIAN_POINT('',(-0.266666666667,-7.886666666667,
    -2.893333333333));
#9850 = VECTOR('',#9851,1.);
#9851 = DIRECTION('',(0.57735026919,0.57735026919,-0.57735026919));
#9852 = ORIENTED_EDGE('',*,*,#8893,.T.);
#9853 = ORIENTED_EDGE('',*,*,#9854,.T.);
#9854 = EDGE_CURVE('',#8886,#9855,#9857,.T.);
#9855 = VERTEX_POINT('',#9856);
#9856 = CARTESIAN_POINT('',(0.16,-7.78,-3.));
#9857 = LINE('',#9858,#9859);
#9858 = CARTESIAN_POINT('',(0.16,-7.78,-3.));
#9859 = VECTOR('',#9860,1.);
#9860 = DIRECTION('',(-0.57735026919,0.57735026919,-0.57735026919));
#9861 = ORIENTED_EDGE('',*,*,#9862,.F.);
#9862 = EDGE_CURVE('',#9846,#9855,#9863,.T.);
#9863 = LINE('',#9864,#9865);
#9864 = CARTESIAN_POINT('',(-0.32,-7.78,-3.));
#9865 = VECTOR('',#9866,1.);
#9866 = DIRECTION('',(1.,0.,0.));
#9867 = PLANE('',#9868);
#9868 = AXIS2_PLACEMENT_3D('',#9869,#9870,#9871);
#9869 = CARTESIAN_POINT('',(-0.32,-7.86,-2.92));
#9870 = DIRECTION('',(1.735167508357E-18,-0.707106781187,-0.707106781187
    ));
#9871 = DIRECTION('',(-1.,-1.226948711654E-18,-1.226948711654E-18));
#9872 = ADVANCED_FACE('',(#9873),#9891,.F.);
#9873 = FACE_BOUND('',#9874,.F.);
#9874 = EDGE_LOOP('',(#9875,#9876,#9877,#9885));
#9875 = ORIENTED_EDGE('',*,*,#9854,.F.);
#9876 = ORIENTED_EDGE('',*,*,#8917,.T.);
#9877 = ORIENTED_EDGE('',*,*,#9878,.T.);
#9878 = EDGE_CURVE('',#8918,#9879,#9881,.T.);
#9879 = VERTEX_POINT('',#9880);
#9880 = CARTESIAN_POINT('',(0.16,-7.46,-3.));
#9881 = LINE('',#9882,#9883);
#9882 = CARTESIAN_POINT('',(5.333333333333E-02,-7.566666666667,
    -3.106666666667));
#9883 = VECTOR('',#9884,1.);
#9884 = DIRECTION('',(-0.57735026919,-0.57735026919,-0.57735026919));
#9885 = ORIENTED_EDGE('',*,*,#9886,.F.);
#9886 = EDGE_CURVE('',#9855,#9879,#9887,.T.);
#9887 = LINE('',#9888,#9889);
#9888 = CARTESIAN_POINT('',(0.16,-7.94,-3.));
#9889 = VECTOR('',#9890,1.);
#9890 = DIRECTION('',(0.,1.,0.));
#9891 = PLANE('',#9892);
#9892 = AXIS2_PLACEMENT_3D('',#9893,#9894,#9895);
#9893 = CARTESIAN_POINT('',(0.24,-7.94,-2.92));
#9894 = DIRECTION('',(-0.707106781187,1.735167508357E-18,0.707106781187)
  );
#9895 = DIRECTION('',(1.226948711654E-18,1.,-1.226948711654E-18));
#9896 = ADVANCED_FACE('',(#9897),#9915,.F.);
#9897 = FACE_BOUND('',#9898,.T.);
#9898 = EDGE_LOOP('',(#9899,#9907,#9908,#9909));
#9899 = ORIENTED_EDGE('',*,*,#9900,.F.);
#9900 = EDGE_CURVE('',#8942,#9901,#9903,.T.);
#9901 = VERTEX_POINT('',#9902);
#9902 = CARTESIAN_POINT('',(-0.16,-7.46,-3.));
#9903 = LINE('',#9904,#9905);
#9904 = CARTESIAN_POINT('',(-0.16,-7.46,-3.));
#9905 = VECTOR('',#9906,1.);
#9906 = DIRECTION('',(0.57735026919,-0.57735026919,-0.57735026919));
#9907 = ORIENTED_EDGE('',*,*,#8941,.T.);
#9908 = ORIENTED_EDGE('',*,*,#9878,.T.);
#9909 = ORIENTED_EDGE('',*,*,#9910,.F.);
#9910 = EDGE_CURVE('',#9901,#9879,#9911,.T.);
#9911 = LINE('',#9912,#9913);
#9912 = CARTESIAN_POINT('',(-0.32,-7.46,-3.));
#9913 = VECTOR('',#9914,1.);
#9914 = DIRECTION('',(1.,0.,0.));
#9915 = PLANE('',#9916);
#9916 = AXIS2_PLACEMENT_3D('',#9917,#9918,#9919);
#9917 = CARTESIAN_POINT('',(-0.32,-7.38,-2.92));
#9918 = DIRECTION('',(-1.735167508357E-18,-0.707106781187,0.707106781187
    ));
#9919 = DIRECTION('',(-1.,1.226948711654E-18,-1.226948711654E-18));
#9920 = ADVANCED_FACE('',(#9921),#9932,.T.);
#9921 = FACE_BOUND('',#9922,.T.);
#9922 = EDGE_LOOP('',(#9923,#9924,#9925,#9926));
#9923 = ORIENTED_EDGE('',*,*,#9845,.F.);
#9924 = ORIENTED_EDGE('',*,*,#8965,.T.);
#9925 = ORIENTED_EDGE('',*,*,#9900,.T.);
#9926 = ORIENTED_EDGE('',*,*,#9927,.F.);
#9927 = EDGE_CURVE('',#9846,#9901,#9928,.T.);
#9928 = LINE('',#9929,#9930);
#9929 = CARTESIAN_POINT('',(-0.16,-7.94,-3.));
#9930 = VECTOR('',#9931,1.);
#9931 = DIRECTION('',(0.,1.,0.));
#9932 = PLANE('',#9933);
#9933 = AXIS2_PLACEMENT_3D('',#9934,#9935,#9936);
#9934 = CARTESIAN_POINT('',(-0.24,-7.94,-2.92));
#9935 = DIRECTION('',(-0.707106781187,-1.735167508357E-18,
    -0.707106781187));
#9936 = DIRECTION('',(-1.226948711654E-18,1.,-1.226948711654E-18));
#9937 = ADVANCED_FACE('',(#9938),#9963,.T.);
#9938 = FACE_BOUND('',#9939,.T.);
#9939 = EDGE_LOOP('',(#9940,#9948,#9949,#9957));
#9940 = ORIENTED_EDGE('',*,*,#9941,.F.);
#9941 = EDGE_CURVE('',#8982,#9942,#9944,.T.);
#9942 = VERTEX_POINT('',#9943);
#9943 = CARTESIAN_POINT('',(0.16,-0.16,8.54));
#9944 = LINE('',#9945,#9946);
#9945 = CARTESIAN_POINT('',(0.16,-0.16,8.54));
#9946 = VECTOR('',#9947,1.);
#9947 = DIRECTION('',(-0.57735026919,0.57735026919,0.57735026919));
#9948 = ORIENTED_EDGE('',*,*,#8998,.T.);
#9949 = ORIENTED_EDGE('',*,*,#9950,.T.);
#9950 = EDGE_CURVE('',#8991,#9951,#9953,.T.);
#9951 = VERTEX_POINT('',#9952);
#9952 = CARTESIAN_POINT('',(0.16,0.16,8.54));
#9953 = LINE('',#9954,#9955);
#9954 = CARTESIAN_POINT('',(5.333333333333E-02,5.333333333333E-02,
    8.646666666667));
#9955 = VECTOR('',#9956,1.);
#9956 = DIRECTION('',(-0.57735026919,-0.57735026919,0.57735026919));
#9957 = ORIENTED_EDGE('',*,*,#9958,.F.);
#9958 = EDGE_CURVE('',#9942,#9951,#9959,.T.);
#9959 = LINE('',#9960,#9961);
#9960 = CARTESIAN_POINT('',(0.16,-0.32,8.54));
#9961 = VECTOR('',#9962,1.);
#9962 = DIRECTION('',(0.,1.,0.));
#9963 = PLANE('',#9964);
#9964 = AXIS2_PLACEMENT_3D('',#9965,#9966,#9967);
#9965 = CARTESIAN_POINT('',(0.24,-0.32,8.46));
#9966 = DIRECTION('',(0.707106781187,-1.735167508357E-18,0.707106781187)
  );
#9967 = DIRECTION('',(1.226948711654E-18,1.,1.226948711654E-18));
#9968 = ADVANCED_FACE('',(#9969),#9987,.T.);
#9969 = FACE_BOUND('',#9970,.F.);
#9970 = EDGE_LOOP('',(#9971,#9979,#9980,#9981));
#9971 = ORIENTED_EDGE('',*,*,#9972,.F.);
#9972 = EDGE_CURVE('',#9015,#9973,#9975,.T.);
#9973 = VERTEX_POINT('',#9974);
#9974 = CARTESIAN_POINT('',(-0.16,0.16,8.54));
#9975 = LINE('',#9976,#9977);
#9976 = CARTESIAN_POINT('',(-0.16,0.16,8.54));
#9977 = VECTOR('',#9978,1.);
#9978 = DIRECTION('',(0.57735026919,-0.57735026919,0.57735026919));
#9979 = ORIENTED_EDGE('',*,*,#9022,.T.);
#9980 = ORIENTED_EDGE('',*,*,#9950,.T.);
#9981 = ORIENTED_EDGE('',*,*,#9982,.F.);
#9982 = EDGE_CURVE('',#9973,#9951,#9983,.T.);
#9983 = LINE('',#9984,#9985);
#9984 = CARTESIAN_POINT('',(-0.32,0.16,8.54));
#9985 = VECTOR('',#9986,1.);
#9986 = DIRECTION('',(1.,0.,0.));
#9987 = PLANE('',#9988);
#9988 = AXIS2_PLACEMENT_3D('',#9989,#9990,#9991);
#9989 = CARTESIAN_POINT('',(-0.32,0.24,8.46));
#9990 = DIRECTION('',(1.735167508357E-18,0.707106781187,0.707106781187)
  );
#9991 = DIRECTION('',(-1.,1.226948711654E-18,1.226948711654E-18));
#9992 = ADVANCED_FACE('',(#9993),#10011,.F.);
#9993 = FACE_BOUND('',#9994,.F.);
#9994 = EDGE_LOOP('',(#9995,#10003,#10004,#10005));
#9995 = ORIENTED_EDGE('',*,*,#9996,.F.);
#9996 = EDGE_CURVE('',#9037,#9997,#9999,.T.);
#9997 = VERTEX_POINT('',#9998);
#9998 = CARTESIAN_POINT('',(-0.16,-0.16,8.54));
#9999 = LINE('',#10000,#10001);
#10000 = CARTESIAN_POINT('',(-0.266666666667,-0.266666666667,
    8.433333333333));
#10001 = VECTOR('',#10002,1.);
#10002 = DIRECTION('',(0.57735026919,0.57735026919,0.57735026919));
#10003 = ORIENTED_EDGE('',*,*,#9046,.T.);
#10004 = ORIENTED_EDGE('',*,*,#9972,.T.);
#10005 = ORIENTED_EDGE('',*,*,#10006,.F.);
#10006 = EDGE_CURVE('',#9997,#9973,#10007,.T.);
#10007 = LINE('',#10008,#10009);
#10008 = CARTESIAN_POINT('',(-0.16,-0.32,8.54));
#10009 = VECTOR('',#10010,1.);
#10010 = DIRECTION('',(0.,1.,0.));
#10011 = PLANE('',#10012);
#10012 = AXIS2_PLACEMENT_3D('',#10013,#10014,#10015);
#10013 = CARTESIAN_POINT('',(-0.24,-0.32,8.46));
#10014 = DIRECTION('',(0.707106781187,1.735167508357E-18,-0.707106781187
    ));
#10015 = DIRECTION('',(-1.226948711654E-18,1.,1.226948711654E-18));
#10016 = ADVANCED_FACE('',(#10017),#10028,.F.);
#10017 = FACE_BOUND('',#10018,.T.);
#10018 = EDGE_LOOP('',(#10019,#10020,#10021,#10022));
#10019 = ORIENTED_EDGE('',*,*,#9996,.F.);
#10020 = ORIENTED_EDGE('',*,*,#9063,.T.);
#10021 = ORIENTED_EDGE('',*,*,#9941,.T.);
#10022 = ORIENTED_EDGE('',*,*,#10023,.F.);
#10023 = EDGE_CURVE('',#9997,#9942,#10024,.T.);
#10024 = LINE('',#10025,#10026);
#10025 = CARTESIAN_POINT('',(-0.32,-0.16,8.54));
#10026 = VECTOR('',#10027,1.);
#10027 = DIRECTION('',(1.,0.,0.));
#10028 = PLANE('',#10029);
#10029 = AXIS2_PLACEMENT_3D('',#10030,#10031,#10032);
#10030 = CARTESIAN_POINT('',(-0.32,-0.24,8.46));
#10031 = DIRECTION('',(-1.735167508357E-18,0.707106781187,
    -0.707106781187));
#10032 = DIRECTION('',(-1.,-1.226948711654E-18,1.226948711654E-18));
#10033 = ADVANCED_FACE('',(#10034),#10059,.T.);
#10034 = FACE_BOUND('',#10035,.F.);
#10035 = EDGE_LOOP('',(#10036,#10044,#10045,#10053));
#10036 = ORIENTED_EDGE('',*,*,#10037,.F.);
#10037 = EDGE_CURVE('',#9087,#10038,#10040,.T.);
#10038 = VERTEX_POINT('',#10039);
#10039 = CARTESIAN_POINT('',(-0.16,-2.38,8.54));
#10040 = LINE('',#10041,#10042);
#10041 = CARTESIAN_POINT('',(-0.16,-2.38,8.54));
#10042 = VECTOR('',#10043,1.);
#10043 = DIRECTION('',(0.57735026919,-0.57735026919,0.57735026919));
#10044 = ORIENTED_EDGE('',*,*,#9094,.T.);
#10045 = ORIENTED_EDGE('',*,*,#10046,.T.);
#10046 = EDGE_CURVE('',#9078,#10047,#10049,.T.);
#10047 = VERTEX_POINT('',#10048);
#10048 = CARTESIAN_POINT('',(0.16,-2.38,8.54));
#10049 = LINE('',#10050,#10051);
#10050 = CARTESIAN_POINT('',(5.333333333333E-02,-2.486666666667,
    8.646666666667));
#10051 = VECTOR('',#10052,1.);
#10052 = DIRECTION('',(-0.57735026919,-0.57735026919,0.57735026919));
#10053 = ORIENTED_EDGE('',*,*,#10054,.F.);
#10054 = EDGE_CURVE('',#10038,#10047,#10055,.T.);
#10055 = LINE('',#10056,#10057);
#10056 = CARTESIAN_POINT('',(-0.32,-2.38,8.54));
#10057 = VECTOR('',#10058,1.);
#10058 = DIRECTION('',(1.,0.,0.));
#10059 = PLANE('',#10060);
#10060 = AXIS2_PLACEMENT_3D('',#10061,#10062,#10063);
#10061 = CARTESIAN_POINT('',(-0.32,-2.3,8.46));
#10062 = DIRECTION('',(1.735167508357E-18,0.707106781187,0.707106781187)
  );
#10063 = DIRECTION('',(-1.,1.226948711654E-18,1.226948711654E-18));
#10064 = ADVANCED_FACE('',(#10065),#10083,.F.);
#10065 = FACE_BOUND('',#10066,.F.);
#10066 = EDGE_LOOP('',(#10067,#10075,#10076,#10077));
#10067 = ORIENTED_EDGE('',*,*,#10068,.F.);
#10068 = EDGE_CURVE('',#9109,#10069,#10071,.T.);
#10069 = VERTEX_POINT('',#10070);
#10070 = CARTESIAN_POINT('',(-0.16,-2.7,8.54));
#10071 = LINE('',#10072,#10073);
#10072 = CARTESIAN_POINT('',(-0.266666666667,-2.806666666667,
    8.433333333333));
#10073 = VECTOR('',#10074,1.);
#10074 = DIRECTION('',(0.57735026919,0.57735026919,0.57735026919));
#10075 = ORIENTED_EDGE('',*,*,#9118,.T.);
#10076 = ORIENTED_EDGE('',*,*,#10037,.T.);
#10077 = ORIENTED_EDGE('',*,*,#10078,.F.);
#10078 = EDGE_CURVE('',#10069,#10038,#10079,.T.);
#10079 = LINE('',#10080,#10081);
#10080 = CARTESIAN_POINT('',(-0.16,-2.86,8.54));
#10081 = VECTOR('',#10082,1.);
#10082 = DIRECTION('',(0.,1.,0.));
#10083 = PLANE('',#10084);
#10084 = AXIS2_PLACEMENT_3D('',#10085,#10086,#10087);
#10085 = CARTESIAN_POINT('',(-0.24,-2.86,8.46));
#10086 = DIRECTION('',(0.707106781187,1.735167508357E-18,-0.707106781187
    ));
#10087 = DIRECTION('',(-1.226948711654E-18,1.,1.226948711654E-18));
#10088 = ADVANCED_FACE('',(#10089),#10107,.F.);
#10089 = FACE_BOUND('',#10090,.T.);
#10090 = EDGE_LOOP('',(#10091,#10092,#10093,#10101));
#10091 = ORIENTED_EDGE('',*,*,#10068,.F.);
#10092 = ORIENTED_EDGE('',*,*,#9142,.T.);
#10093 = ORIENTED_EDGE('',*,*,#10094,.T.);
#10094 = EDGE_CURVE('',#9133,#10095,#10097,.T.);
#10095 = VERTEX_POINT('',#10096);
#10096 = CARTESIAN_POINT('',(0.16,-2.7,8.54));
#10097 = LINE('',#10098,#10099);
#10098 = CARTESIAN_POINT('',(0.16,-2.7,8.54));
#10099 = VECTOR('',#10100,1.);
#10100 = DIRECTION('',(-0.57735026919,0.57735026919,0.57735026919));
#10101 = ORIENTED_EDGE('',*,*,#10102,.F.);
#10102 = EDGE_CURVE('',#10069,#10095,#10103,.T.);
#10103 = LINE('',#10104,#10105);
#10104 = CARTESIAN_POINT('',(-0.32,-2.7,8.54));
#10105 = VECTOR('',#10106,1.);
#10106 = DIRECTION('',(1.,0.,0.));
#10107 = PLANE('',#10108);
#10108 = AXIS2_PLACEMENT_3D('',#10109,#10110,#10111);
#10109 = CARTESIAN_POINT('',(-0.32,-2.78,8.46));
#10110 = DIRECTION('',(-1.735167508357E-18,0.707106781187,
    -0.707106781187));
#10111 = DIRECTION('',(-1.,-1.226948711654E-18,1.226948711654E-18));
#10112 = ADVANCED_FACE('',(#10113),#10124,.T.);
#10113 = FACE_BOUND('',#10114,.T.);
#10114 = EDGE_LOOP('',(#10115,#10116,#10117,#10118));
#10115 = ORIENTED_EDGE('',*,*,#10094,.F.);
#10116 = ORIENTED_EDGE('',*,*,#9159,.T.);
#10117 = ORIENTED_EDGE('',*,*,#10046,.T.);
#10118 = ORIENTED_EDGE('',*,*,#10119,.F.);
#10119 = EDGE_CURVE('',#10095,#10047,#10120,.T.);
#10120 = LINE('',#10121,#10122);
#10121 = CARTESIAN_POINT('',(0.16,-2.86,8.54));
#10122 = VECTOR('',#10123,1.);
#10123 = DIRECTION('',(0.,1.,0.));
#10124 = PLANE('',#10125);
#10125 = AXIS2_PLACEMENT_3D('',#10126,#10127,#10128);
#10126 = CARTESIAN_POINT('',(0.24,-2.86,8.46));
#10127 = DIRECTION('',(0.707106781187,-1.735167508357E-18,0.707106781187
    ));
#10128 = DIRECTION('',(1.226948711654E-18,1.,1.226948711654E-18));
#10129 = ADVANCED_FACE('',(#10130),#10155,.T.);
#10130 = FACE_BOUND('',#10131,.F.);
#10131 = EDGE_LOOP('',(#10132,#10140,#10141,#10149));
#10132 = ORIENTED_EDGE('',*,*,#10133,.F.);
#10133 = EDGE_CURVE('',#9183,#10134,#10136,.T.);
#10134 = VERTEX_POINT('',#10135);
#10135 = CARTESIAN_POINT('',(-0.16,-4.92,8.54));
#10136 = LINE('',#10137,#10138);
#10137 = CARTESIAN_POINT('',(-0.16,-4.92,8.54));
#10138 = VECTOR('',#10139,1.);
#10139 = DIRECTION('',(0.57735026919,-0.57735026919,0.57735026919));
#10140 = ORIENTED_EDGE('',*,*,#9190,.T.);
#10141 = ORIENTED_EDGE('',*,*,#10142,.T.);
#10142 = EDGE_CURVE('',#9174,#10143,#10145,.T.);
#10143 = VERTEX_POINT('',#10144);
#10144 = CARTESIAN_POINT('',(0.16,-4.92,8.54));
#10145 = LINE('',#10146,#10147);
#10146 = CARTESIAN_POINT('',(5.333333333333E-02,-5.026666666667,
    8.646666666667));
#10147 = VECTOR('',#10148,1.);
#10148 = DIRECTION('',(-0.57735026919,-0.57735026919,0.57735026919));
#10149 = ORIENTED_EDGE('',*,*,#10150,.F.);
#10150 = EDGE_CURVE('',#10134,#10143,#10151,.T.);
#10151 = LINE('',#10152,#10153);
#10152 = CARTESIAN_POINT('',(-0.32,-4.92,8.54));
#10153 = VECTOR('',#10154,1.);
#10154 = DIRECTION('',(1.,0.,0.));
#10155 = PLANE('',#10156);
#10156 = AXIS2_PLACEMENT_3D('',#10157,#10158,#10159);
#10157 = CARTESIAN_POINT('',(-0.32,-4.84,8.46));
#10158 = DIRECTION('',(1.735167508357E-18,0.707106781187,0.707106781187)
  );
#10159 = DIRECTION('',(-1.,1.226948711654E-18,1.226948711654E-18));
#10160 = ADVANCED_FACE('',(#10161),#10179,.F.);
#10161 = FACE_BOUND('',#10162,.F.);
#10162 = EDGE_LOOP('',(#10163,#10171,#10172,#10173));
#10163 = ORIENTED_EDGE('',*,*,#10164,.F.);
#10164 = EDGE_CURVE('',#9205,#10165,#10167,.T.);
#10165 = VERTEX_POINT('',#10166);
#10166 = CARTESIAN_POINT('',(-0.16,-5.24,8.54));
#10167 = LINE('',#10168,#10169);
#10168 = CARTESIAN_POINT('',(-0.266666666667,-5.346666666667,
    8.433333333333));
#10169 = VECTOR('',#10170,1.);
#10170 = DIRECTION('',(0.57735026919,0.57735026919,0.57735026919));
#10171 = ORIENTED_EDGE('',*,*,#9214,.T.);
#10172 = ORIENTED_EDGE('',*,*,#10133,.T.);
#10173 = ORIENTED_EDGE('',*,*,#10174,.F.);
#10174 = EDGE_CURVE('',#10165,#10134,#10175,.T.);
#10175 = LINE('',#10176,#10177);
#10176 = CARTESIAN_POINT('',(-0.16,-5.4,8.54));
#10177 = VECTOR('',#10178,1.);
#10178 = DIRECTION('',(0.,1.,0.));
#10179 = PLANE('',#10180);
#10180 = AXIS2_PLACEMENT_3D('',#10181,#10182,#10183);
#10181 = CARTESIAN_POINT('',(-0.24,-5.4,8.46));
#10182 = DIRECTION('',(0.707106781187,1.735167508357E-18,-0.707106781187
    ));
#10183 = DIRECTION('',(-1.226948711654E-18,1.,1.226948711654E-18));
#10184 = ADVANCED_FACE('',(#10185),#10203,.F.);
#10185 = FACE_BOUND('',#10186,.T.);
#10186 = EDGE_LOOP('',(#10187,#10188,#10189,#10197));
#10187 = ORIENTED_EDGE('',*,*,#10164,.F.);
#10188 = ORIENTED_EDGE('',*,*,#9238,.T.);
#10189 = ORIENTED_EDGE('',*,*,#10190,.T.);
#10190 = EDGE_CURVE('',#9229,#10191,#10193,.T.);
#10191 = VERTEX_POINT('',#10192);
#10192 = CARTESIAN_POINT('',(0.16,-5.24,8.54));
#10193 = LINE('',#10194,#10195);
#10194 = CARTESIAN_POINT('',(0.16,-5.24,8.54));
#10195 = VECTOR('',#10196,1.);
#10196 = DIRECTION('',(-0.57735026919,0.57735026919,0.57735026919));
#10197 = ORIENTED_EDGE('',*,*,#10198,.F.);
#10198 = EDGE_CURVE('',#10165,#10191,#10199,.T.);
#10199 = LINE('',#10200,#10201);
#10200 = CARTESIAN_POINT('',(-0.32,-5.24,8.54));
#10201 = VECTOR('',#10202,1.);
#10202 = DIRECTION('',(1.,0.,0.));
#10203 = PLANE('',#10204);
#10204 = AXIS2_PLACEMENT_3D('',#10205,#10206,#10207);
#10205 = CARTESIAN_POINT('',(-0.32,-5.32,8.46));
#10206 = DIRECTION('',(-1.735167508357E-18,0.707106781187,
    -0.707106781187));
#10207 = DIRECTION('',(-1.,-1.226948711654E-18,1.226948711654E-18));
#10208 = ADVANCED_FACE('',(#10209),#10220,.T.);
#10209 = FACE_BOUND('',#10210,.T.);
#10210 = EDGE_LOOP('',(#10211,#10212,#10213,#10214));
#10211 = ORIENTED_EDGE('',*,*,#10190,.F.);
#10212 = ORIENTED_EDGE('',*,*,#9255,.T.);
#10213 = ORIENTED_EDGE('',*,*,#10142,.T.);
#10214 = ORIENTED_EDGE('',*,*,#10215,.F.);
#10215 = EDGE_CURVE('',#10191,#10143,#10216,.T.);
#10216 = LINE('',#10217,#10218);
#10217 = CARTESIAN_POINT('',(0.16,-5.4,8.54));
#10218 = VECTOR('',#10219,1.);
#10219 = DIRECTION('',(0.,1.,0.));
#10220 = PLANE('',#10221);
#10221 = AXIS2_PLACEMENT_3D('',#10222,#10223,#10224);
#10222 = CARTESIAN_POINT('',(0.24,-5.4,8.46));
#10223 = DIRECTION('',(0.707106781187,-1.735167508357E-18,0.707106781187
    ));
#10224 = DIRECTION('',(1.226948711654E-18,1.,1.226948711654E-18));
#10225 = ADVANCED_FACE('',(#10226),#10251,.T.);
#10226 = FACE_BOUND('',#10227,.F.);
#10227 = EDGE_LOOP('',(#10228,#10236,#10237,#10245));
#10228 = ORIENTED_EDGE('',*,*,#10229,.F.);
#10229 = EDGE_CURVE('',#9279,#10230,#10232,.T.);
#10230 = VERTEX_POINT('',#10231);
#10231 = CARTESIAN_POINT('',(-0.16,-10.,8.54));
#10232 = LINE('',#10233,#10234);
#10233 = CARTESIAN_POINT('',(-0.16,-10.,8.54));
#10234 = VECTOR('',#10235,1.);
#10235 = DIRECTION('',(0.57735026919,-0.57735026919,0.57735026919));
#10236 = ORIENTED_EDGE('',*,*,#9286,.T.);
#10237 = ORIENTED_EDGE('',*,*,#10238,.T.);
#10238 = EDGE_CURVE('',#9270,#10239,#10241,.T.);
#10239 = VERTEX_POINT('',#10240);
#10240 = CARTESIAN_POINT('',(0.16,-10.,8.54));
#10241 = LINE('',#10242,#10243);
#10242 = CARTESIAN_POINT('',(5.333333333333E-02,-10.10666666666,
    8.646666666667));
#10243 = VECTOR('',#10244,1.);
#10244 = DIRECTION('',(-0.57735026919,-0.57735026919,0.57735026919));
#10245 = ORIENTED_EDGE('',*,*,#10246,.F.);
#10246 = EDGE_CURVE('',#10230,#10239,#10247,.T.);
#10247 = LINE('',#10248,#10249);
#10248 = CARTESIAN_POINT('',(-0.32,-10.,8.54));
#10249 = VECTOR('',#10250,1.);
#10250 = DIRECTION('',(1.,0.,0.));
#10251 = PLANE('',#10252);
#10252 = AXIS2_PLACEMENT_3D('',#10253,#10254,#10255);
#10253 = CARTESIAN_POINT('',(-0.32,-9.92,8.46));
#10254 = DIRECTION('',(1.735167508357E-18,0.707106781187,0.707106781187)
  );
#10255 = DIRECTION('',(-1.,1.226948711654E-18,1.226948711654E-18));
#10256 = ADVANCED_FACE('',(#10257),#10275,.F.);
#10257 = FACE_BOUND('',#10258,.F.);
#10258 = EDGE_LOOP('',(#10259,#10267,#10268,#10269));
#10259 = ORIENTED_EDGE('',*,*,#10260,.F.);
#10260 = EDGE_CURVE('',#9301,#10261,#10263,.T.);
#10261 = VERTEX_POINT('',#10262);
#10262 = CARTESIAN_POINT('',(-0.16,-10.32,8.54));
#10263 = LINE('',#10264,#10265);
#10264 = CARTESIAN_POINT('',(-0.266666666667,-10.42666666666,
    8.433333333333));
#10265 = VECTOR('',#10266,1.);
#10266 = DIRECTION('',(0.57735026919,0.57735026919,0.57735026919));
#10267 = ORIENTED_EDGE('',*,*,#9310,.T.);
#10268 = ORIENTED_EDGE('',*,*,#10229,.T.);
#10269 = ORIENTED_EDGE('',*,*,#10270,.F.);
#10270 = EDGE_CURVE('',#10261,#10230,#10271,.T.);
#10271 = LINE('',#10272,#10273);
#10272 = CARTESIAN_POINT('',(-0.16,-10.48,8.54));
#10273 = VECTOR('',#10274,1.);
#10274 = DIRECTION('',(0.,1.,0.));
#10275 = PLANE('',#10276);
#10276 = AXIS2_PLACEMENT_3D('',#10277,#10278,#10279);
#10277 = CARTESIAN_POINT('',(-0.24,-10.48,8.46));
#10278 = DIRECTION('',(0.707106781187,1.735167508357E-18,-0.707106781187
    ));
#10279 = DIRECTION('',(-1.226948711654E-18,1.,1.226948711654E-18));
#10280 = ADVANCED_FACE('',(#10281),#10299,.F.);
#10281 = FACE_BOUND('',#10282,.T.);
#10282 = EDGE_LOOP('',(#10283,#10284,#10285,#10293));
#10283 = ORIENTED_EDGE('',*,*,#10260,.F.);
#10284 = ORIENTED_EDGE('',*,*,#9334,.T.);
#10285 = ORIENTED_EDGE('',*,*,#10286,.T.);
#10286 = EDGE_CURVE('',#9325,#10287,#10289,.T.);
#10287 = VERTEX_POINT('',#10288);
#10288 = CARTESIAN_POINT('',(0.16,-10.32,8.54));
#10289 = LINE('',#10290,#10291);
#10290 = CARTESIAN_POINT('',(0.16,-10.32,8.54));
#10291 = VECTOR('',#10292,1.);
#10292 = DIRECTION('',(-0.57735026919,0.57735026919,0.57735026919));
#10293 = ORIENTED_EDGE('',*,*,#10294,.F.);
#10294 = EDGE_CURVE('',#10261,#10287,#10295,.T.);
#10295 = LINE('',#10296,#10297);
#10296 = CARTESIAN_POINT('',(-0.32,-10.32,8.54));
#10297 = VECTOR('',#10298,1.);
#10298 = DIRECTION('',(1.,0.,0.));
#10299 = PLANE('',#10300);
#10300 = AXIS2_PLACEMENT_3D('',#10301,#10302,#10303);
#10301 = CARTESIAN_POINT('',(-0.32,-10.4,8.46));
#10302 = DIRECTION('',(-1.735167508357E-18,0.707106781187,
    -0.707106781187));
#10303 = DIRECTION('',(-1.,-1.226948711654E-18,1.226948711654E-18));
#10304 = ADVANCED_FACE('',(#10305),#10316,.T.);
#10305 = FACE_BOUND('',#10306,.T.);
#10306 = EDGE_LOOP('',(#10307,#10308,#10309,#10310));
#10307 = ORIENTED_EDGE('',*,*,#10286,.F.);
#10308 = ORIENTED_EDGE('',*,*,#9351,.T.);
#10309 = ORIENTED_EDGE('',*,*,#10238,.T.);
#10310 = ORIENTED_EDGE('',*,*,#10311,.F.);
#10311 = EDGE_CURVE('',#10287,#10239,#10312,.T.);
#10312 = LINE('',#10313,#10314);
#10313 = CARTESIAN_POINT('',(0.16,-10.48,8.54));
#10314 = VECTOR('',#10315,1.);
#10315 = DIRECTION('',(0.,1.,0.));
#10316 = PLANE('',#10317);
#10317 = AXIS2_PLACEMENT_3D('',#10318,#10319,#10320);
#10318 = CARTESIAN_POINT('',(0.24,-10.48,8.46));
#10319 = DIRECTION('',(0.707106781187,-1.735167508357E-18,0.707106781187
    ));
#10320 = DIRECTION('',(1.226948711654E-18,1.,1.226948711654E-18));
#10321 = ADVANCED_FACE('',(#10322),#10347,.F.);
#10322 = FACE_BOUND('',#10323,.T.);
#10323 = EDGE_LOOP('',(#10324,#10332,#10333,#10341));
#10324 = ORIENTED_EDGE('',*,*,#10325,.F.);
#10325 = EDGE_CURVE('',#9375,#10326,#10328,.T.);
#10326 = VERTEX_POINT('',#10327);
#10327 = CARTESIAN_POINT('',(-0.16,-7.78,8.54));
#10328 = LINE('',#10329,#10330);
#10329 = CARTESIAN_POINT('',(-0.266666666667,-7.886666666667,
    8.433333333333));
#10330 = VECTOR('',#10331,1.);
#10331 = DIRECTION('',(0.57735026919,0.57735026919,0.57735026919));
#10332 = ORIENTED_EDGE('',*,*,#9382,.T.);
#10333 = ORIENTED_EDGE('',*,*,#10334,.T.);
#10334 = EDGE_CURVE('',#9366,#10335,#10337,.T.);
#10335 = VERTEX_POINT('',#10336);
#10336 = CARTESIAN_POINT('',(0.16,-7.78,8.54));
#10337 = LINE('',#10338,#10339);
#10338 = CARTESIAN_POINT('',(0.16,-7.78,8.54));
#10339 = VECTOR('',#10340,1.);
#10340 = DIRECTION('',(-0.57735026919,0.57735026919,0.57735026919));
#10341 = ORIENTED_EDGE('',*,*,#10342,.F.);
#10342 = EDGE_CURVE('',#10326,#10335,#10343,.T.);
#10343 = LINE('',#10344,#10345);
#10344 = CARTESIAN_POINT('',(-0.32,-7.78,8.54));
#10345 = VECTOR('',#10346,1.);
#10346 = DIRECTION('',(1.,0.,0.));
#10347 = PLANE('',#10348);
#10348 = AXIS2_PLACEMENT_3D('',#10349,#10350,#10351);
#10349 = CARTESIAN_POINT('',(-0.32,-7.86,8.46));
#10350 = DIRECTION('',(-1.735167508357E-18,0.707106781187,
    -0.707106781187));
#10351 = DIRECTION('',(-1.,-1.226948711654E-18,1.226948711654E-18));
#10352 = ADVANCED_FACE('',(#10353),#10371,.T.);
#10353 = FACE_BOUND('',#10354,.T.);
#10354 = EDGE_LOOP('',(#10355,#10356,#10357,#10365));
#10355 = ORIENTED_EDGE('',*,*,#10334,.F.);
#10356 = ORIENTED_EDGE('',*,*,#9406,.T.);
#10357 = ORIENTED_EDGE('',*,*,#10358,.T.);
#10358 = EDGE_CURVE('',#9399,#10359,#10361,.T.);
#10359 = VERTEX_POINT('',#10360);
#10360 = CARTESIAN_POINT('',(0.16,-7.46,8.54));
#10361 = LINE('',#10362,#10363);
#10362 = CARTESIAN_POINT('',(5.333333333333E-02,-7.566666666667,
    8.646666666667));
#10363 = VECTOR('',#10364,1.);
#10364 = DIRECTION('',(-0.57735026919,-0.57735026919,0.57735026919));
#10365 = ORIENTED_EDGE('',*,*,#10366,.F.);
#10366 = EDGE_CURVE('',#10335,#10359,#10367,.T.);
#10367 = LINE('',#10368,#10369);
#10368 = CARTESIAN_POINT('',(0.16,-7.94,8.54));
#10369 = VECTOR('',#10370,1.);
#10370 = DIRECTION('',(0.,1.,0.));
#10371 = PLANE('',#10372);
#10372 = AXIS2_PLACEMENT_3D('',#10373,#10374,#10375);
#10373 = CARTESIAN_POINT('',(0.24,-7.94,8.46));
#10374 = DIRECTION('',(0.707106781187,-1.735167508357E-18,0.707106781187
    ));
#10375 = DIRECTION('',(1.226948711654E-18,1.,1.226948711654E-18));
#10376 = ADVANCED_FACE('',(#10377),#10395,.T.);
#10377 = FACE_BOUND('',#10378,.F.);
#10378 = EDGE_LOOP('',(#10379,#10387,#10388,#10389));
#10379 = ORIENTED_EDGE('',*,*,#10380,.F.);
#10380 = EDGE_CURVE('',#9423,#10381,#10383,.T.);
#10381 = VERTEX_POINT('',#10382);
#10382 = CARTESIAN_POINT('',(-0.16,-7.46,8.54));
#10383 = LINE('',#10384,#10385);
#10384 = CARTESIAN_POINT('',(-0.16,-7.46,8.54));
#10385 = VECTOR('',#10386,1.);
#10386 = DIRECTION('',(0.57735026919,-0.57735026919,0.57735026919));
#10387 = ORIENTED_EDGE('',*,*,#9430,.T.);
#10388 = ORIENTED_EDGE('',*,*,#10358,.T.);
#10389 = ORIENTED_EDGE('',*,*,#10390,.F.);
#10390 = EDGE_CURVE('',#10381,#10359,#10391,.T.);
#10391 = LINE('',#10392,#10393);
#10392 = CARTESIAN_POINT('',(-0.32,-7.46,8.54));
#10393 = VECTOR('',#10394,1.);
#10394 = DIRECTION('',(1.,0.,0.));
#10395 = PLANE('',#10396);
#10396 = AXIS2_PLACEMENT_3D('',#10397,#10398,#10399);
#10397 = CARTESIAN_POINT('',(-0.32,-7.38,8.46));
#10398 = DIRECTION('',(1.735167508357E-18,0.707106781187,0.707106781187)
  );
#10399 = DIRECTION('',(-1.,1.226948711654E-18,1.226948711654E-18));
#10400 = ADVANCED_FACE('',(#10401),#10412,.F.);
#10401 = FACE_BOUND('',#10402,.F.);
#10402 = EDGE_LOOP('',(#10403,#10404,#10405,#10406));
#10403 = ORIENTED_EDGE('',*,*,#10325,.F.);
#10404 = ORIENTED_EDGE('',*,*,#9447,.T.);
#10405 = ORIENTED_EDGE('',*,*,#10380,.T.);
#10406 = ORIENTED_EDGE('',*,*,#10407,.F.);
#10407 = EDGE_CURVE('',#10326,#10381,#10408,.T.);
#10408 = LINE('',#10409,#10410);
#10409 = CARTESIAN_POINT('',(-0.16,-7.94,8.54));
#10410 = VECTOR('',#10411,1.);
#10411 = DIRECTION('',(0.,1.,0.));
#10412 = PLANE('',#10413);
#10413 = AXIS2_PLACEMENT_3D('',#10414,#10415,#10416);
#10414 = CARTESIAN_POINT('',(-0.24,-7.94,8.46));
#10415 = DIRECTION('',(0.707106781187,1.735167508357E-18,-0.707106781187
    ));
#10416 = DIRECTION('',(-1.226948711654E-18,1.,1.226948711654E-18));
#10417 = ADVANCED_FACE('',(#10418),#10424,.F.);
#10418 = FACE_BOUND('',#10419,.F.);
#10419 = EDGE_LOOP('',(#10420,#10421,#10422,#10423));
#10420 = ORIENTED_EDGE('',*,*,#9543,.T.);
#10421 = ORIENTED_EDGE('',*,*,#9478,.T.);
#10422 = ORIENTED_EDGE('',*,*,#9502,.F.);
#10423 = ORIENTED_EDGE('',*,*,#9526,.F.);
#10424 = PLANE('',#10425);
#10425 = AXIS2_PLACEMENT_3D('',#10426,#10427,#10428);
#10426 = CARTESIAN_POINT('',(-0.32,-0.32,-3.));
#10427 = DIRECTION('',(0.,0.,1.));
#10428 = DIRECTION('',(1.,0.,-0.));
#10429 = ADVANCED_FACE('',(#10430),#10436,.F.);
#10430 = FACE_BOUND('',#10431,.F.);
#10431 = EDGE_LOOP('',(#10432,#10433,#10434,#10435));
#10432 = ORIENTED_EDGE('',*,*,#9622,.T.);
#10433 = ORIENTED_EDGE('',*,*,#9639,.T.);
#10434 = ORIENTED_EDGE('',*,*,#9574,.F.);
#10435 = ORIENTED_EDGE('',*,*,#9598,.F.);
#10436 = PLANE('',#10437);
#10437 = AXIS2_PLACEMENT_3D('',#10438,#10439,#10440);
#10438 = CARTESIAN_POINT('',(-0.32,-2.86,-3.));
#10439 = DIRECTION('',(0.,0.,1.));
#10440 = DIRECTION('',(1.,0.,-0.));
#10441 = ADVANCED_FACE('',(#10442),#10448,.F.);
#10442 = FACE_BOUND('',#10443,.F.);
#10443 = EDGE_LOOP('',(#10444,#10445,#10446,#10447));
#10444 = ORIENTED_EDGE('',*,*,#9718,.T.);
#10445 = ORIENTED_EDGE('',*,*,#9735,.T.);
#10446 = ORIENTED_EDGE('',*,*,#9670,.F.);
#10447 = ORIENTED_EDGE('',*,*,#9694,.F.);
#10448 = PLANE('',#10449);
#10449 = AXIS2_PLACEMENT_3D('',#10450,#10451,#10452);
#10450 = CARTESIAN_POINT('',(-0.32,-5.4,-3.));
#10451 = DIRECTION('',(0.,0.,1.));
#10452 = DIRECTION('',(1.,0.,-0.));
#10453 = ADVANCED_FACE('',(#10454),#10460,.F.);
#10454 = FACE_BOUND('',#10455,.F.);
#10455 = EDGE_LOOP('',(#10456,#10457,#10458,#10459));
#10456 = ORIENTED_EDGE('',*,*,#9814,.T.);
#10457 = ORIENTED_EDGE('',*,*,#9831,.T.);
#10458 = ORIENTED_EDGE('',*,*,#9766,.F.);
#10459 = ORIENTED_EDGE('',*,*,#9790,.F.);
#10460 = PLANE('',#10461);
#10461 = AXIS2_PLACEMENT_3D('',#10462,#10463,#10464);
#10462 = CARTESIAN_POINT('',(-0.32,-10.48,-3.));
#10463 = DIRECTION('',(0.,0.,1.));
#10464 = DIRECTION('',(1.,0.,-0.));
#10465 = ADVANCED_FACE('',(#10466),#10472,.F.);
#10466 = FACE_BOUND('',#10467,.F.);
#10467 = EDGE_LOOP('',(#10468,#10469,#10470,#10471));
#10468 = ORIENTED_EDGE('',*,*,#9862,.T.);
#10469 = ORIENTED_EDGE('',*,*,#9886,.T.);
#10470 = ORIENTED_EDGE('',*,*,#9910,.F.);
#10471 = ORIENTED_EDGE('',*,*,#9927,.F.);
#10472 = PLANE('',#10473);
#10473 = AXIS2_PLACEMENT_3D('',#10474,#10475,#10476);
#10474 = CARTESIAN_POINT('',(-0.32,-7.94,-3.));
#10475 = DIRECTION('',(0.,0.,1.));
#10476 = DIRECTION('',(1.,0.,-0.));
#10477 = ADVANCED_FACE('',(#10478),#10484,.T.);
#10478 = FACE_BOUND('',#10479,.T.);
#10479 = EDGE_LOOP('',(#10480,#10481,#10482,#10483));
#10480 = ORIENTED_EDGE('',*,*,#9958,.T.);
#10481 = ORIENTED_EDGE('',*,*,#9982,.F.);
#10482 = ORIENTED_EDGE('',*,*,#10006,.F.);
#10483 = ORIENTED_EDGE('',*,*,#10023,.T.);
#10484 = PLANE('',#10485);
#10485 = AXIS2_PLACEMENT_3D('',#10486,#10487,#10488);
#10486 = CARTESIAN_POINT('',(-0.32,-0.32,8.54));
#10487 = DIRECTION('',(0.,0.,1.));
#10488 = DIRECTION('',(1.,0.,-0.));
#10489 = ADVANCED_FACE('',(#10490),#10496,.T.);
#10490 = FACE_BOUND('',#10491,.T.);
#10491 = EDGE_LOOP('',(#10492,#10493,#10494,#10495));
#10492 = ORIENTED_EDGE('',*,*,#10119,.T.);
#10493 = ORIENTED_EDGE('',*,*,#10054,.F.);
#10494 = ORIENTED_EDGE('',*,*,#10078,.F.);
#10495 = ORIENTED_EDGE('',*,*,#10102,.T.);
#10496 = PLANE('',#10497);
#10497 = AXIS2_PLACEMENT_3D('',#10498,#10499,#10500);
#10498 = CARTESIAN_POINT('',(-0.32,-2.86,8.54));
#10499 = DIRECTION('',(0.,0.,1.));
#10500 = DIRECTION('',(1.,0.,-0.));
#10501 = ADVANCED_FACE('',(#10502),#10508,.T.);
#10502 = FACE_BOUND('',#10503,.T.);
#10503 = EDGE_LOOP('',(#10504,#10505,#10506,#10507));
#10504 = ORIENTED_EDGE('',*,*,#10215,.T.);
#10505 = ORIENTED_EDGE('',*,*,#10150,.F.);
#10506 = ORIENTED_EDGE('',*,*,#10174,.F.);
#10507 = ORIENTED_EDGE('',*,*,#10198,.T.);
#10508 = PLANE('',#10509);
#10509 = AXIS2_PLACEMENT_3D('',#10510,#10511,#10512);
#10510 = CARTESIAN_POINT('',(-0.32,-5.4,8.54));
#10511 = DIRECTION('',(0.,0.,1.));
#10512 = DIRECTION('',(1.,0.,-0.));
#10513 = ADVANCED_FACE('',(#10514),#10520,.T.);
#10514 = FACE_BOUND('',#10515,.T.);
#10515 = EDGE_LOOP('',(#10516,#10517,#10518,#10519));
#10516 = ORIENTED_EDGE('',*,*,#10311,.T.);
#10517 = ORIENTED_EDGE('',*,*,#10246,.F.);
#10518 = ORIENTED_EDGE('',*,*,#10270,.F.);
#10519 = ORIENTED_EDGE('',*,*,#10294,.T.);
#10520 = PLANE('',#10521);
#10521 = AXIS2_PLACEMENT_3D('',#10522,#10523,#10524);
#10522 = CARTESIAN_POINT('',(-0.32,-10.48,8.54));
#10523 = DIRECTION('',(0.,0.,1.));
#10524 = DIRECTION('',(1.,0.,-0.));
#10525 = ADVANCED_FACE('',(#10526),#10532,.T.);
#10526 = FACE_BOUND('',#10527,.T.);
#10527 = EDGE_LOOP('',(#10528,#10529,#10530,#10531));
#10528 = ORIENTED_EDGE('',*,*,#10366,.T.);
#10529 = ORIENTED_EDGE('',*,*,#10390,.F.);
#10530 = ORIENTED_EDGE('',*,*,#10407,.F.);
#10531 = ORIENTED_EDGE('',*,*,#10342,.T.);
#10532 = PLANE('',#10533);
#10533 = AXIS2_PLACEMENT_3D('',#10534,#10535,#10536);
#10534 = CARTESIAN_POINT('',(-0.32,-7.94,8.54));
#10535 = DIRECTION('',(0.,0.,1.));
#10536 = DIRECTION('',(1.,0.,-0.));
#10537 = ( GEOMETRIC_REPRESENTATION_CONTEXT(3) 
GLOBAL_UNCERTAINTY_ASSIGNED_CONTEXT((#10541)) 
GLOBAL_UNIT_ASSIGNED_CONTEXT((#10538,#10539,#10540)) 
REPRESENTATION_CONTEXT('Context #1',
  '3D Context with UNIT and UNCERTAINTY') );
#10538 = ( LENGTH_UNIT() NAMED_UNIT(*) SI_UNIT(.MILLI.,.METRE.) );
#10539 = ( NAMED_UNIT(*) PLANE_ANGLE_UNIT() SI_UNIT($,.RADIAN.) );
#10540 = ( NAMED_UNIT(*) SI_UNIT($,.STERADIAN.) SOLID_ANGLE_UNIT() );
#10541 = UNCERTAINTY_MEASURE_WITH_UNIT(LENGTH_MEASURE(1.E-07),#10538,
  'distance_accuracy_value','confusion accuracy');
#10542 = CONTEXT_DEPENDENT_SHAPE_REPRESENTATION(#10543,#10545);
#10543 = ( REPRESENTATION_RELATIONSHIP('','',#7082,#10) 
REPRESENTATION_RELATIONSHIP_WITH_TRANSFORMATION(#10544) 
SHAPE_REPRESENTATION_RELATIONSHIP() );
#10544 = ITEM_DEFINED_TRANSFORMATION('','',#11,#43);
#10545 = PRODUCT_DEFINITION_SHAPE('Placement','Placement of an item',
  #10546);
#10546 = NEXT_ASSEMBLY_USAGE_OCCURRENCE('8','J1','',#5,#7077,$);
#10547 = PRODUCT_RELATED_PRODUCT_CATEGORY('part',$,(#7079));
#10548 = CONTEXT_DEPENDENT_SHAPE_REPRESENTATION(#10549,#10551);
#10549 = ( REPRESENTATION_RELATIONSHIP('','',#72,#10) 
REPRESENTATION_RELATIONSHIP_WITH_TRANSFORMATION(#10550) 
SHAPE_REPRESENTATION_RELATIONSHIP() );
#10550 = ITEM_DEFINED_TRANSFORMATION('','',#11,#47);
#10551 = PRODUCT_DEFINITION_SHAPE('Placement','Placement of an item',
  #10552);
#10552 = NEXT_ASSEMBLY_USAGE_OCCURRENCE('9','J5','',#5,#67,$);
#10553 = CONTEXT_DEPENDENT_SHAPE_REPRESENTATION(#10554,#10556);
#10554 = ( REPRESENTATION_RELATIONSHIP('','',#72,#10) 
REPRESENTATION_RELATIONSHIP_WITH_TRANSFORMATION(#10555) 
SHAPE_REPRESENTATION_RELATIONSHIP() );
#10555 = ITEM_DEFINED_TRANSFORMATION('','',#11,#51);
#10556 = PRODUCT_DEFINITION_SHAPE('Placement','Placement of an item',
  #10557);
#10557 = NEXT_ASSEMBLY_USAGE_OCCURRENCE('10','J7','',#5,#67,$);
#10558 = SHAPE_DEFINITION_REPRESENTATION(#10559,#10565);
#10559 = PRODUCT_DEFINITION_SHAPE('','',#10560);
#10560 = PRODUCT_DEFINITION('design','',#10561,#10564);
#10561 = PRODUCT_DEFINITION_FORMATION('','',#10562);
#10562 = PRODUCT('moteus_adaptor_PCB','moteus_adaptor_PCB','',(#10563));
#10563 = PRODUCT_CONTEXT('',#2,'mechanical');
#10564 = PRODUCT_DEFINITION_CONTEXT('part definition',#2,'design');
#10565 = ADVANCED_BREP_SHAPE_REPRESENTATION('',(#11,#10566),#12095);
#10566 = MANIFOLD_SOLID_BREP('',#10567);
#10567 = CLOSED_SHELL('',(#10568,#10608,#10639,#10672,#11063,#11454,
    #11471,#11488,#11505,#11522,#11539,#11556,#11573,#11590,#11607,
    #11624,#11641,#11658,#11670,#11687,#11704,#11721,#11738,#11755,
    #11772,#11789,#11806,#11823,#11840,#11857,#11874,#11891,#11908,
    #11925,#11942,#11959,#11976,#11993,#12010,#12027,#12044,#12061,
    #12078));
#10568 = ADVANCED_FACE('',(#10569),#10603,.T.);
#10569 = FACE_BOUND('',#10570,.T.);
#10570 = EDGE_LOOP('',(#10571,#10581,#10589,#10597));
#10571 = ORIENTED_EDGE('',*,*,#10572,.T.);
#10572 = EDGE_CURVE('',#10573,#10575,#10577,.T.);
#10573 = VERTEX_POINT('',#10574);
#10574 = CARTESIAN_POINT('',(69.644446,-36.129551,0.));
#10575 = VERTEX_POINT('',#10576);
#10576 = CARTESIAN_POINT('',(69.644446,-36.129551,1.51));
#10577 = LINE('',#10578,#10579);
#10578 = CARTESIAN_POINT('',(69.644446,-36.129551,0.));
#10579 = VECTOR('',#10580,1.);
#10580 = DIRECTION('',(0.,0.,1.));
#10581 = ORIENTED_EDGE('',*,*,#10582,.T.);
#10582 = EDGE_CURVE('',#10575,#10583,#10585,.T.);
#10583 = VERTEX_POINT('',#10584);
#10584 = CARTESIAN_POINT('',(72.167887,-36.129551,1.51));
#10585 = LINE('',#10586,#10587);
#10586 = CARTESIAN_POINT('',(69.644446,-36.129551,1.51));
#10587 = VECTOR('',#10588,1.);
#10588 = DIRECTION('',(1.,0.,0.));
#10589 = ORIENTED_EDGE('',*,*,#10590,.F.);
#10590 = EDGE_CURVE('',#10591,#10583,#10593,.T.);
#10591 = VERTEX_POINT('',#10592);
#10592 = CARTESIAN_POINT('',(72.167887,-36.129551,0.));
#10593 = LINE('',#10594,#10595);
#10594 = CARTESIAN_POINT('',(72.167887,-36.129551,0.));
#10595 = VECTOR('',#10596,1.);
#10596 = DIRECTION('',(0.,0.,1.));
#10597 = ORIENTED_EDGE('',*,*,#10598,.F.);
#10598 = EDGE_CURVE('',#10573,#10591,#10599,.T.);
#10599 = LINE('',#10600,#10601);
#10600 = CARTESIAN_POINT('',(69.644446,-36.129551,0.));
#10601 = VECTOR('',#10602,1.);
#10602 = DIRECTION('',(1.,0.,0.));
#10603 = PLANE('',#10604);
#10604 = AXIS2_PLACEMENT_3D('',#10605,#10606,#10607);
#10605 = CARTESIAN_POINT('',(69.644446,-36.129551,0.));
#10606 = DIRECTION('',(0.,1.,0.));
#10607 = DIRECTION('',(1.,0.,0.));
#10608 = ADVANCED_FACE('',(#10609),#10634,.T.);
#10609 = FACE_BOUND('',#10610,.T.);
#10610 = EDGE_LOOP('',(#10611,#10621,#10627,#10628));
#10611 = ORIENTED_EDGE('',*,*,#10612,.T.);
#10612 = EDGE_CURVE('',#10613,#10615,#10617,.T.);
#10613 = VERTEX_POINT('',#10614);
#10614 = CARTESIAN_POINT('',(66.062986,-31.249999,0.));
#10615 = VERTEX_POINT('',#10616);
#10616 = CARTESIAN_POINT('',(66.062986,-31.249999,1.51));
#10617 = LINE('',#10618,#10619);
#10618 = CARTESIAN_POINT('',(66.062986,-31.249999,0.));
#10619 = VECTOR('',#10620,1.);
#10620 = DIRECTION('',(0.,0.,1.));
#10621 = ORIENTED_EDGE('',*,*,#10622,.T.);
#10622 = EDGE_CURVE('',#10615,#10575,#10623,.T.);
#10623 = LINE('',#10624,#10625);
#10624 = CARTESIAN_POINT('',(66.062986,-31.249999,1.51));
#10625 = VECTOR('',#10626,1.);
#10626 = DIRECTION('',(0.591699011281,-0.806158966984,0.));
#10627 = ORIENTED_EDGE('',*,*,#10572,.F.);
#10628 = ORIENTED_EDGE('',*,*,#10629,.F.);
#10629 = EDGE_CURVE('',#10613,#10573,#10630,.T.);
#10630 = LINE('',#10631,#10632);
#10631 = CARTESIAN_POINT('',(66.062986,-31.249999,0.));
#10632 = VECTOR('',#10633,1.);
#10633 = DIRECTION('',(0.591699011281,-0.806158966984,0.));
#10634 = PLANE('',#10635);
#10635 = AXIS2_PLACEMENT_3D('',#10636,#10637,#10638);
#10636 = CARTESIAN_POINT('',(66.062986,-31.249999,0.));
#10637 = DIRECTION('',(0.806158966984,0.591699011281,-0.));
#10638 = DIRECTION('',(0.591699011281,-0.806158966984,0.));
#10639 = ADVANCED_FACE('',(#10640),#10667,.T.);
#10640 = FACE_BOUND('',#10641,.T.);
#10641 = EDGE_LOOP('',(#10642,#10643,#10652,#10660));
#10642 = ORIENTED_EDGE('',*,*,#10590,.T.);
#10643 = ORIENTED_EDGE('',*,*,#10644,.T.);
#10644 = EDGE_CURVE('',#10583,#10645,#10647,.T.);
#10645 = VERTEX_POINT('',#10646);
#10646 = CARTESIAN_POINT('',(75.167888,-39.129552,1.51));
#10647 = CIRCLE('',#10648,3.000001172986);
#10648 = AXIS2_PLACEMENT_3D('',#10649,#10650,#10651);
#10649 = CARTESIAN_POINT('',(72.167886827014,-39.12955217298,1.51));
#10650 = DIRECTION('',(0.,0.,-1.));
#10651 = DIRECTION('',(5.766197944245E-08,1.,0.));
#10652 = ORIENTED_EDGE('',*,*,#10653,.F.);
#10653 = EDGE_CURVE('',#10654,#10645,#10656,.T.);
#10654 = VERTEX_POINT('',#10655);
#10655 = CARTESIAN_POINT('',(75.167888,-39.129552,0.));
#10656 = LINE('',#10657,#10658);
#10657 = CARTESIAN_POINT('',(75.167888,-39.129552,0.));
#10658 = VECTOR('',#10659,1.);
#10659 = DIRECTION('',(0.,0.,1.));
#10660 = ORIENTED_EDGE('',*,*,#10661,.F.);
#10661 = EDGE_CURVE('',#10591,#10654,#10662,.T.);
#10662 = CIRCLE('',#10663,3.000001172986);
#10663 = AXIS2_PLACEMENT_3D('',#10664,#10665,#10666);
#10664 = CARTESIAN_POINT('',(72.167886827014,-39.12955217298,0.));
#10665 = DIRECTION('',(0.,0.,-1.));
#10666 = DIRECTION('',(5.766197944245E-08,1.,0.));
#10667 = CYLINDRICAL_SURFACE('',#10668,3.000001172986);
#10668 = AXIS2_PLACEMENT_3D('',#10669,#10670,#10671);
#10669 = CARTESIAN_POINT('',(72.167886827014,-39.12955217298,0.));
#10670 = DIRECTION('',(0.,0.,-1.));
#10671 = DIRECTION('',(5.766197944245E-08,1.,0.));
#10672 = ADVANCED_FACE('',(#10673,#10783,#10794,#10805,#10816,#10827,
    #10838,#10849,#10860,#10871,#10882,#10893,#10904,#10915,#10926,
    #10937,#10948,#10959,#10970,#10981,#10992,#11003,#11014,#11025,
    #11036,#11047),#11058,.F.);
#10673 = FACE_BOUND('',#10674,.F.);
#10674 = EDGE_LOOP('',(#10675,#10676,#10677,#10685,#10694,#10702,#10710,
    #10718,#10726,#10734,#10743,#10751,#10759,#10767,#10776,#10782));
#10675 = ORIENTED_EDGE('',*,*,#10598,.F.);
#10676 = ORIENTED_EDGE('',*,*,#10629,.F.);
#10677 = ORIENTED_EDGE('',*,*,#10678,.F.);
#10678 = EDGE_CURVE('',#10679,#10613,#10681,.T.);
#10679 = VERTEX_POINT('',#10680);
#10680 = CARTESIAN_POINT('',(33.187014,-31.249999,0.));
#10681 = LINE('',#10682,#10683);
#10682 = CARTESIAN_POINT('',(33.187014,-31.249999,0.));
#10683 = VECTOR('',#10684,1.);
#10684 = DIRECTION('',(1.,0.,0.));
#10685 = ORIENTED_EDGE('',*,*,#10686,.F.);
#10686 = EDGE_CURVE('',#10687,#10679,#10689,.T.);
#10687 = VERTEX_POINT('',#10688);
#10688 = CARTESIAN_POINT('',(30.329284,-33.337019,0.));
#10689 = CIRCLE('',#10690,3.069733139064);
#10690 = AXIS2_PLACEMENT_3D('',#10691,#10692,#10693);
#10691 = CARTESIAN_POINT('',(33.237609258143,-34.3193151559,0.));
#10692 = DIRECTION('',(0.,0.,-1.));
#10693 = DIRECTION('',(-0.947419572449,0.319993990164,0.));
#10694 = ORIENTED_EDGE('',*,*,#10695,.F.);
#10695 = EDGE_CURVE('',#10696,#10687,#10698,.T.);
#10696 = VERTEX_POINT('',#10697);
#10697 = CARTESIAN_POINT('',(25.642492,-43.348843,0.));
#10698 = LINE('',#10699,#10700);
#10699 = CARTESIAN_POINT('',(25.642492,-43.348843,0.));
#10700 = VECTOR('',#10701,1.);
#10701 = DIRECTION('',(0.423970254169,0.905676114061,0.));
#10702 = ORIENTED_EDGE('',*,*,#10703,.F.);
#10703 = EDGE_CURVE('',#10704,#10696,#10706,.T.);
#10704 = VERTEX_POINT('',#10705);
#10705 = CARTESIAN_POINT('',(25.516279,-43.899998,0.));
#10706 = LINE('',#10707,#10708);
#10707 = CARTESIAN_POINT('',(25.516279,-43.899998,0.));
#10708 = VECTOR('',#10709,1.);
#10709 = DIRECTION('',(0.223219286266,0.974768254632,0.));
#10710 = ORIENTED_EDGE('',*,*,#10711,.F.);
#10711 = EDGE_CURVE('',#10712,#10704,#10714,.T.);
#10712 = VERTEX_POINT('',#10713);
#10713 = CARTESIAN_POINT('',(25.516279,-54.059999,0.));
#10714 = LINE('',#10715,#10716);
#10715 = CARTESIAN_POINT('',(25.516279,-54.059999,0.));
#10716 = VECTOR('',#10717,1.);
#10717 = DIRECTION('',(0.,1.,0.));
#10718 = ORIENTED_EDGE('',*,*,#10719,.F.);
#10719 = EDGE_CURVE('',#10720,#10712,#10722,.T.);
#10720 = VERTEX_POINT('',#10721);
#10721 = CARTESIAN_POINT('',(25.595365,-54.500535,0.));
#10722 = LINE('',#10723,#10724);
#10723 = CARTESIAN_POINT('',(25.595365,-54.500535,0.));
#10724 = VECTOR('',#10725,1.);
#10725 = DIRECTION('',(-0.1766974739,0.984265209543,0.));
#10726 = ORIENTED_EDGE('',*,*,#10727,.F.);
#10727 = EDGE_CURVE('',#10728,#10720,#10730,.T.);
#10728 = VERTEX_POINT('',#10729);
#10729 = CARTESIAN_POINT('',(30.37655,-67.299496,0.));
#10730 = LINE('',#10731,#10732);
#10731 = CARTESIAN_POINT('',(30.37655,-67.299496,0.));
#10732 = VECTOR('',#10733,1.);
#10733 = DIRECTION('',(-0.349940848457,0.936771798562,0.));
#10734 = ORIENTED_EDGE('',*,*,#10735,.F.);
#10735 = EDGE_CURVE('',#10736,#10728,#10738,.T.);
#10736 = VERTEX_POINT('',#10737);
#10737 = CARTESIAN_POINT('',(33.294976,-69.249999,0.));
#10738 = CIRCLE('',#10739,3.078310765915);
#10739 = AXIS2_PLACEMENT_3D('',#10740,#10741,#10742);
#10740 = CARTESIAN_POINT('',(33.241006979776,-66.17216136354,0.));
#10741 = DIRECTION('',(0.,0.,-1.));
#10742 = DIRECTION('',(1.753202464852E-02,-0.999846302244,0.));
#10743 = ORIENTED_EDGE('',*,*,#10744,.F.);
#10744 = EDGE_CURVE('',#10745,#10736,#10747,.T.);
#10745 = VERTEX_POINT('',#10746);
#10746 = CARTESIAN_POINT('',(66.526237,-69.249999,0.));
#10747 = LINE('',#10748,#10749);
#10748 = CARTESIAN_POINT('',(66.526237,-69.249999,0.));
#10749 = VECTOR('',#10750,1.);
#10750 = DIRECTION('',(-1.,0.,0.));
#10751 = ORIENTED_EDGE('',*,*,#10752,.F.);
#10752 = EDGE_CURVE('',#10753,#10745,#10755,.T.);
#10753 = VERTEX_POINT('',#10754);
#10754 = CARTESIAN_POINT('',(69.644446,-64.916664,0.));
#10755 = LINE('',#10756,#10757);
#10756 = CARTESIAN_POINT('',(69.644446,-64.916664,0.));
#10757 = VECTOR('',#10758,1.);
#10758 = DIRECTION('',(-0.584083613662,-0.811693496494,0.));
#10759 = ORIENTED_EDGE('',*,*,#10760,.F.);
#10760 = EDGE_CURVE('',#10761,#10753,#10763,.T.);
#10761 = VERTEX_POINT('',#10762);
#10762 = CARTESIAN_POINT('',(72.173894,-64.916664,0.));
#10763 = LINE('',#10764,#10765);
#10764 = CARTESIAN_POINT('',(72.173894,-64.916664,0.));
#10765 = VECTOR('',#10766,1.);
#10766 = DIRECTION('',(-1.,0.,0.));
#10767 = ORIENTED_EDGE('',*,*,#10768,.F.);
#10768 = EDGE_CURVE('',#10769,#10761,#10771,.T.);
#10769 = VERTEX_POINT('',#10770);
#10770 = CARTESIAN_POINT('',(75.167888,-61.916668,0.));
#10771 = CIRCLE('',#10772,3.000000980555);
#10772 = AXIS2_PLACEMENT_3D('',#10773,#10774,#10775);
#10773 = CARTESIAN_POINT('',(72.167887019445,-61.91666903341,0.));
#10774 = DIRECTION('',(0.,0.,-1.));
#10775 = DIRECTION('',(1.,3.444726115316E-07,0.));
#10776 = ORIENTED_EDGE('',*,*,#10777,.F.);
#10777 = EDGE_CURVE('',#10654,#10769,#10778,.T.);
#10778 = LINE('',#10779,#10780);
#10779 = CARTESIAN_POINT('',(75.167888,-39.129552,0.));
#10780 = VECTOR('',#10781,1.);
#10781 = DIRECTION('',(0.,-1.,0.));
#10782 = ORIENTED_EDGE('',*,*,#10661,.F.);
#10783 = FACE_BOUND('',#10784,.F.);
#10784 = EDGE_LOOP('',(#10785));
#10785 = ORIENTED_EDGE('',*,*,#10786,.T.);
#10786 = EDGE_CURVE('',#10787,#10787,#10789,.T.);
#10787 = VERTEX_POINT('',#10788);
#10788 = CARTESIAN_POINT('',(33.35,-67.5,0.));
#10789 = CIRCLE('',#10790,1.25);
#10790 = AXIS2_PLACEMENT_3D('',#10791,#10792,#10793);
#10791 = CARTESIAN_POINT('',(33.35,-66.25,0.));
#10792 = DIRECTION('',(-0.,0.,-1.));
#10793 = DIRECTION('',(-0.,-1.,0.));
#10794 = FACE_BOUND('',#10795,.F.);
#10795 = EDGE_LOOP('',(#10796));
#10796 = ORIENTED_EDGE('',*,*,#10797,.T.);
#10797 = EDGE_CURVE('',#10798,#10798,#10800,.T.);
#10798 = VERTEX_POINT('',#10799);
#10799 = CARTESIAN_POINT('',(26.95,-54.559999,0.));
#10800 = CIRCLE('',#10801,0.5);
#10801 = AXIS2_PLACEMENT_3D('',#10802,#10803,#10804);
#10802 = CARTESIAN_POINT('',(26.95,-54.059999,0.));
#10803 = DIRECTION('',(-0.,0.,-1.));
#10804 = DIRECTION('',(-0.,-1.,0.));
#10805 = FACE_BOUND('',#10806,.F.);
#10806 = EDGE_LOOP('',(#10807));
#10807 = ORIENTED_EDGE('',*,*,#10808,.T.);
#10808 = EDGE_CURVE('',#10809,#10809,#10811,.T.);
#10809 = VERTEX_POINT('',#10810);
#10810 = CARTESIAN_POINT('',(26.95,-52.019999,0.));
#10811 = CIRCLE('',#10812,0.5);
#10812 = AXIS2_PLACEMENT_3D('',#10813,#10814,#10815);
#10813 = CARTESIAN_POINT('',(26.95,-51.519999,0.));
#10814 = DIRECTION('',(-0.,0.,-1.));
#10815 = DIRECTION('',(-0.,-1.,0.));
#10816 = FACE_BOUND('',#10817,.F.);
#10817 = EDGE_LOOP('',(#10818));
#10818 = ORIENTED_EDGE('',*,*,#10819,.T.);
#10819 = EDGE_CURVE('',#10820,#10820,#10822,.T.);
#10820 = VERTEX_POINT('',#10821);
#10821 = CARTESIAN_POINT('',(50.54,-67.94,0.));
#10822 = CIRCLE('',#10823,0.35);
#10823 = AXIS2_PLACEMENT_3D('',#10824,#10825,#10826);
#10824 = CARTESIAN_POINT('',(50.54,-67.59,0.));
#10825 = DIRECTION('',(-0.,0.,-1.));
#10826 = DIRECTION('',(-0.,-1.,0.));
#10827 = FACE_BOUND('',#10828,.F.);
#10828 = EDGE_LOOP('',(#10829));
#10829 = ORIENTED_EDGE('',*,*,#10830,.T.);
#10830 = EDGE_CURVE('',#10831,#10831,#10833,.T.);
#10831 = VERTEX_POINT('',#10832);
#10832 = CARTESIAN_POINT('',(51.81,-67.94,0.));
#10833 = CIRCLE('',#10834,0.35);
#10834 = AXIS2_PLACEMENT_3D('',#10835,#10836,#10837);
#10835 = CARTESIAN_POINT('',(51.81,-67.59,0.));
#10836 = DIRECTION('',(-0.,0.,-1.));
#10837 = DIRECTION('',(-0.,-1.,0.));
#10838 = FACE_BOUND('',#10839,.F.);
#10839 = EDGE_LOOP('',(#10840));
#10840 = ORIENTED_EDGE('',*,*,#10841,.T.);
#10841 = EDGE_CURVE('',#10842,#10842,#10844,.T.);
#10842 = VERTEX_POINT('',#10843);
#10843 = CARTESIAN_POINT('',(50.54,-66.67,0.));
#10844 = CIRCLE('',#10845,0.35);
#10845 = AXIS2_PLACEMENT_3D('',#10846,#10847,#10848);
#10846 = CARTESIAN_POINT('',(50.54,-66.32,0.));
#10847 = DIRECTION('',(-0.,0.,-1.));
#10848 = DIRECTION('',(-0.,-1.,0.));
#10849 = FACE_BOUND('',#10850,.F.);
#10850 = EDGE_LOOP('',(#10851));
#10851 = ORIENTED_EDGE('',*,*,#10852,.T.);
#10852 = EDGE_CURVE('',#10853,#10853,#10855,.T.);
#10853 = VERTEX_POINT('',#10854);
#10854 = CARTESIAN_POINT('',(51.81,-66.67,0.));
#10855 = CIRCLE('',#10856,0.35);
#10856 = AXIS2_PLACEMENT_3D('',#10857,#10858,#10859);
#10857 = CARTESIAN_POINT('',(51.81,-66.32,0.));
#10858 = DIRECTION('',(-0.,0.,-1.));
#10859 = DIRECTION('',(-0.,-1.,0.));
#10860 = FACE_BOUND('',#10861,.F.);
#10861 = EDGE_LOOP('',(#10862));
#10862 = ORIENTED_EDGE('',*,*,#10863,.T.);
#10863 = EDGE_CURVE('',#10864,#10864,#10866,.T.);
#10864 = VERTEX_POINT('',#10865);
#10865 = CARTESIAN_POINT('',(53.08,-67.94,0.));
#10866 = CIRCLE('',#10867,0.35);
#10867 = AXIS2_PLACEMENT_3D('',#10868,#10869,#10870);
#10868 = CARTESIAN_POINT('',(53.08,-67.59,0.));
#10869 = DIRECTION('',(-0.,0.,-1.));
#10870 = DIRECTION('',(-0.,-1.,0.));
#10871 = FACE_BOUND('',#10872,.F.);
#10872 = EDGE_LOOP('',(#10873));
#10873 = ORIENTED_EDGE('',*,*,#10874,.T.);
#10874 = EDGE_CURVE('',#10875,#10875,#10877,.T.);
#10875 = VERTEX_POINT('',#10876);
#10876 = CARTESIAN_POINT('',(54.35,-67.94,0.));
#10877 = CIRCLE('',#10878,0.35);
#10878 = AXIS2_PLACEMENT_3D('',#10879,#10880,#10881);
#10879 = CARTESIAN_POINT('',(54.35,-67.59,0.));
#10880 = DIRECTION('',(-0.,0.,-1.));
#10881 = DIRECTION('',(-0.,-1.,0.));
#10882 = FACE_BOUND('',#10883,.F.);
#10883 = EDGE_LOOP('',(#10884));
#10884 = ORIENTED_EDGE('',*,*,#10885,.T.);
#10885 = EDGE_CURVE('',#10886,#10886,#10888,.T.);
#10886 = VERTEX_POINT('',#10887);
#10887 = CARTESIAN_POINT('',(53.08,-66.67,0.));
#10888 = CIRCLE('',#10889,0.35);
#10889 = AXIS2_PLACEMENT_3D('',#10890,#10891,#10892);
#10890 = CARTESIAN_POINT('',(53.08,-66.32,0.));
#10891 = DIRECTION('',(-0.,0.,-1.));
#10892 = DIRECTION('',(-0.,-1.,0.));
#10893 = FACE_BOUND('',#10894,.F.);
#10894 = EDGE_LOOP('',(#10895));
#10895 = ORIENTED_EDGE('',*,*,#10896,.T.);
#10896 = EDGE_CURVE('',#10897,#10897,#10899,.T.);
#10897 = VERTEX_POINT('',#10898);
#10898 = CARTESIAN_POINT('',(54.35,-66.67,0.));
#10899 = CIRCLE('',#10900,0.35);
#10900 = AXIS2_PLACEMENT_3D('',#10901,#10902,#10903);
#10901 = CARTESIAN_POINT('',(54.35,-66.32,0.));
#10902 = DIRECTION('',(-0.,0.,-1.));
#10903 = DIRECTION('',(-0.,-1.,0.));
#10904 = FACE_BOUND('',#10905,.F.);
#10905 = EDGE_LOOP('',(#10906));
#10906 = ORIENTED_EDGE('',*,*,#10907,.T.);
#10907 = EDGE_CURVE('',#10908,#10908,#10910,.T.);
#10908 = VERTEX_POINT('',#10909);
#10909 = CARTESIAN_POINT('',(65.349966,-67.5,0.));
#10910 = CIRCLE('',#10911,1.25);
#10911 = AXIS2_PLACEMENT_3D('',#10912,#10913,#10914);
#10912 = CARTESIAN_POINT('',(65.349966,-66.25,0.));
#10913 = DIRECTION('',(-0.,0.,-1.));
#10914 = DIRECTION('',(-0.,-1.,0.));
#10915 = FACE_BOUND('',#10916,.F.);
#10916 = EDGE_LOOP('',(#10917));
#10917 = ORIENTED_EDGE('',*,*,#10918,.T.);
#10918 = EDGE_CURVE('',#10919,#10919,#10921,.T.);
#10919 = VERTEX_POINT('',#10920);
#10920 = CARTESIAN_POINT('',(65.97,-61.41,0.));
#10921 = CIRCLE('',#10922,1.);
#10922 = AXIS2_PLACEMENT_3D('',#10923,#10924,#10925);
#10923 = CARTESIAN_POINT('',(65.97,-60.41,0.));
#10924 = DIRECTION('',(-0.,0.,-1.));
#10925 = DIRECTION('',(-0.,-1.,0.));
#10926 = FACE_BOUND('',#10927,.F.);
#10927 = EDGE_LOOP('',(#10928));
#10928 = ORIENTED_EDGE('',*,*,#10929,.T.);
#10929 = EDGE_CURVE('',#10930,#10930,#10932,.T.);
#10930 = VERTEX_POINT('',#10931);
#10931 = CARTESIAN_POINT('',(72.075,-61.71,0.));
#10932 = CIRCLE('',#10933,1.3);
#10933 = AXIS2_PLACEMENT_3D('',#10934,#10935,#10936);
#10934 = CARTESIAN_POINT('',(72.075,-60.41,0.));
#10935 = DIRECTION('',(-0.,0.,-1.));
#10936 = DIRECTION('',(-0.,-1.,0.));
#10937 = FACE_BOUND('',#10938,.F.);
#10938 = EDGE_LOOP('',(#10939));
#10939 = ORIENTED_EDGE('',*,*,#10940,.T.);
#10940 = EDGE_CURVE('',#10941,#10941,#10943,.T.);
#10941 = VERTEX_POINT('',#10942);
#10942 = CARTESIAN_POINT('',(65.97,-56.33,0.));
#10943 = CIRCLE('',#10944,1.);
#10944 = AXIS2_PLACEMENT_3D('',#10945,#10946,#10947);
#10945 = CARTESIAN_POINT('',(65.97,-55.33,0.));
#10946 = DIRECTION('',(-0.,0.,-1.));
#10947 = DIRECTION('',(-0.,-1.,0.));
#10948 = FACE_BOUND('',#10949,.F.);
#10949 = EDGE_LOOP('',(#10950));
#10950 = ORIENTED_EDGE('',*,*,#10951,.T.);
#10951 = EDGE_CURVE('',#10952,#10952,#10954,.T.);
#10952 = VERTEX_POINT('',#10953);
#10953 = CARTESIAN_POINT('',(26.95,-49.479999,0.));
#10954 = CIRCLE('',#10955,0.5);
#10955 = AXIS2_PLACEMENT_3D('',#10956,#10957,#10958);
#10956 = CARTESIAN_POINT('',(26.95,-48.979999,0.));
#10957 = DIRECTION('',(-0.,0.,-1.));
#10958 = DIRECTION('',(-0.,-1.,0.));
#10959 = FACE_BOUND('',#10960,.F.);
#10960 = EDGE_LOOP('',(#10961));
#10961 = ORIENTED_EDGE('',*,*,#10962,.T.);
#10962 = EDGE_CURVE('',#10963,#10963,#10965,.T.);
#10963 = VERTEX_POINT('',#10964);
#10964 = CARTESIAN_POINT('',(26.95,-46.939999,0.));
#10965 = CIRCLE('',#10966,0.5);
#10966 = AXIS2_PLACEMENT_3D('',#10967,#10968,#10969);
#10967 = CARTESIAN_POINT('',(26.95,-46.439999,0.));
#10968 = DIRECTION('',(-0.,0.,-1.));
#10969 = DIRECTION('',(-0.,-1.,0.));
#10970 = FACE_BOUND('',#10971,.F.);
#10971 = EDGE_LOOP('',(#10972));
#10972 = ORIENTED_EDGE('',*,*,#10973,.T.);
#10973 = EDGE_CURVE('',#10974,#10974,#10976,.T.);
#10974 = VERTEX_POINT('',#10975);
#10975 = CARTESIAN_POINT('',(26.95,-44.399999,0.));
#10976 = CIRCLE('',#10977,0.5);
#10977 = AXIS2_PLACEMENT_3D('',#10978,#10979,#10980);
#10978 = CARTESIAN_POINT('',(26.95,-43.899999,0.));
#10979 = DIRECTION('',(-0.,0.,-1.));
#10980 = DIRECTION('',(-0.,-1.,0.));
#10981 = FACE_BOUND('',#10982,.F.);
#10982 = EDGE_LOOP('',(#10983));
#10983 = ORIENTED_EDGE('',*,*,#10984,.T.);
#10984 = EDGE_CURVE('',#10985,#10985,#10987,.T.);
#10985 = VERTEX_POINT('',#10986);
#10986 = CARTESIAN_POINT('',(33.35,-35.5,0.));
#10987 = CIRCLE('',#10988,1.25);
#10988 = AXIS2_PLACEMENT_3D('',#10989,#10990,#10991);
#10989 = CARTESIAN_POINT('',(33.35,-34.25,0.));
#10990 = DIRECTION('',(-0.,0.,-1.));
#10991 = DIRECTION('',(-0.,-1.,0.));
#10992 = FACE_BOUND('',#10993,.F.);
#10993 = EDGE_LOOP('',(#10994));
#10994 = ORIENTED_EDGE('',*,*,#10995,.T.);
#10995 = EDGE_CURVE('',#10996,#10996,#10998,.T.);
#10996 = VERTEX_POINT('',#10997);
#10997 = CARTESIAN_POINT('',(65.97,-51.25,0.));
#10998 = CIRCLE('',#10999,1.);
#10999 = AXIS2_PLACEMENT_3D('',#11000,#11001,#11002);
#11000 = CARTESIAN_POINT('',(65.97,-50.25,0.));
#11001 = DIRECTION('',(-0.,0.,-1.));
#11002 = DIRECTION('',(-0.,-1.,0.));
#11003 = FACE_BOUND('',#11004,.F.);
#11004 = EDGE_LOOP('',(#11005));
#11005 = ORIENTED_EDGE('',*,*,#11006,.T.);
#11006 = EDGE_CURVE('',#11007,#11007,#11009,.T.);
#11007 = VERTEX_POINT('',#11008);
#11008 = CARTESIAN_POINT('',(72.075,-51.55,0.));
#11009 = CIRCLE('',#11010,1.3);
#11010 = AXIS2_PLACEMENT_3D('',#11011,#11012,#11013);
#11011 = CARTESIAN_POINT('',(72.075,-50.25,0.));
#11012 = DIRECTION('',(-0.,0.,-1.));
#11013 = DIRECTION('',(-0.,-1.,0.));
#11014 = FACE_BOUND('',#11015,.F.);
#11015 = EDGE_LOOP('',(#11016));
#11016 = ORIENTED_EDGE('',*,*,#11017,.T.);
#11017 = EDGE_CURVE('',#11018,#11018,#11020,.T.);
#11018 = VERTEX_POINT('',#11019);
#11019 = CARTESIAN_POINT('',(65.97,-46.17,0.));
#11020 = CIRCLE('',#11021,1.);
#11021 = AXIS2_PLACEMENT_3D('',#11022,#11023,#11024);
#11022 = CARTESIAN_POINT('',(65.97,-45.17,0.));
#11023 = DIRECTION('',(-0.,0.,-1.));
#11024 = DIRECTION('',(-0.,-1.,0.));
#11025 = FACE_BOUND('',#11026,.F.);
#11026 = EDGE_LOOP('',(#11027));
#11027 = ORIENTED_EDGE('',*,*,#11028,.T.);
#11028 = EDGE_CURVE('',#11029,#11029,#11031,.T.);
#11029 = VERTEX_POINT('',#11030);
#11030 = CARTESIAN_POINT('',(65.97,-41.09,0.));
#11031 = CIRCLE('',#11032,1.);
#11032 = AXIS2_PLACEMENT_3D('',#11033,#11034,#11035);
#11033 = CARTESIAN_POINT('',(65.97,-40.09,0.));
#11034 = DIRECTION('',(-0.,0.,-1.));
#11035 = DIRECTION('',(-0.,-1.,0.));
#11036 = FACE_BOUND('',#11037,.F.);
#11037 = EDGE_LOOP('',(#11038));
#11038 = ORIENTED_EDGE('',*,*,#11039,.T.);
#11039 = EDGE_CURVE('',#11040,#11040,#11042,.T.);
#11040 = VERTEX_POINT('',#11041);
#11041 = CARTESIAN_POINT('',(72.075,-41.85,0.));
#11042 = CIRCLE('',#11043,1.3);
#11043 = AXIS2_PLACEMENT_3D('',#11044,#11045,#11046);
#11044 = CARTESIAN_POINT('',(72.075,-40.55,0.));
#11045 = DIRECTION('',(-0.,0.,-1.));
#11046 = DIRECTION('',(-0.,-1.,0.));
#11047 = FACE_BOUND('',#11048,.F.);
#11048 = EDGE_LOOP('',(#11049));
#11049 = ORIENTED_EDGE('',*,*,#11050,.T.);
#11050 = EDGE_CURVE('',#11051,#11051,#11053,.T.);
#11051 = VERTEX_POINT('',#11052);
#11052 = CARTESIAN_POINT('',(65.35,-35.5,0.));
#11053 = CIRCLE('',#11054,1.25);
#11054 = AXIS2_PLACEMENT_3D('',#11055,#11056,#11057);
#11055 = CARTESIAN_POINT('',(65.35,-34.25,0.));
#11056 = DIRECTION('',(-0.,0.,-1.));
#11057 = DIRECTION('',(-0.,-1.,0.));
#11058 = PLANE('',#11059);
#11059 = AXIS2_PLACEMENT_3D('',#11060,#11061,#11062);
#11060 = CARTESIAN_POINT('',(0.,0.,0.));
#11061 = DIRECTION('',(0.,0.,1.));
#11062 = DIRECTION('',(1.,0.,-0.));
#11063 = ADVANCED_FACE('',(#11064,#11174,#11185,#11196,#11207,#11218,
    #11229,#11240,#11251,#11262,#11273,#11284,#11295,#11306,#11317,
    #11328,#11339,#11350,#11361,#11372,#11383,#11394,#11405,#11416,
    #11427,#11438),#11449,.T.);
#11064 = FACE_BOUND('',#11065,.T.);
#11065 = EDGE_LOOP('',(#11066,#11067,#11068,#11076,#11085,#11093,#11101,
    #11109,#11117,#11125,#11134,#11142,#11150,#11158,#11167,#11173));
#11066 = ORIENTED_EDGE('',*,*,#10582,.F.);
#11067 = ORIENTED_EDGE('',*,*,#10622,.F.);
#11068 = ORIENTED_EDGE('',*,*,#11069,.F.);
#11069 = EDGE_CURVE('',#11070,#10615,#11072,.T.);
#11070 = VERTEX_POINT('',#11071);
#11071 = CARTESIAN_POINT('',(33.187014,-31.249999,1.51));
#11072 = LINE('',#11073,#11074);
#11073 = CARTESIAN_POINT('',(33.187014,-31.249999,1.51));
#11074 = VECTOR('',#11075,1.);
#11075 = DIRECTION('',(1.,0.,0.));
#11076 = ORIENTED_EDGE('',*,*,#11077,.F.);
#11077 = EDGE_CURVE('',#11078,#11070,#11080,.T.);
#11078 = VERTEX_POINT('',#11079);
#11079 = CARTESIAN_POINT('',(30.329284,-33.337019,1.51));
#11080 = CIRCLE('',#11081,3.069733139064);
#11081 = AXIS2_PLACEMENT_3D('',#11082,#11083,#11084);
#11082 = CARTESIAN_POINT('',(33.237609258143,-34.3193151559,1.51));
#11083 = DIRECTION('',(0.,0.,-1.));
#11084 = DIRECTION('',(-0.947419572449,0.319993990164,0.));
#11085 = ORIENTED_EDGE('',*,*,#11086,.F.);
#11086 = EDGE_CURVE('',#11087,#11078,#11089,.T.);
#11087 = VERTEX_POINT('',#11088);
#11088 = CARTESIAN_POINT('',(25.642492,-43.348843,1.51));
#11089 = LINE('',#11090,#11091);
#11090 = CARTESIAN_POINT('',(25.642492,-43.348843,1.51));
#11091 = VECTOR('',#11092,1.);
#11092 = DIRECTION('',(0.423970254169,0.905676114061,0.));
#11093 = ORIENTED_EDGE('',*,*,#11094,.F.);
#11094 = EDGE_CURVE('',#11095,#11087,#11097,.T.);
#11095 = VERTEX_POINT('',#11096);
#11096 = CARTESIAN_POINT('',(25.516279,-43.899998,1.51));
#11097 = LINE('',#11098,#11099);
#11098 = CARTESIAN_POINT('',(25.516279,-43.899998,1.51));
#11099 = VECTOR('',#11100,1.);
#11100 = DIRECTION('',(0.223219286266,0.974768254632,0.));
#11101 = ORIENTED_EDGE('',*,*,#11102,.F.);
#11102 = EDGE_CURVE('',#11103,#11095,#11105,.T.);
#11103 = VERTEX_POINT('',#11104);
#11104 = CARTESIAN_POINT('',(25.516279,-54.059999,1.51));
#11105 = LINE('',#11106,#11107);
#11106 = CARTESIAN_POINT('',(25.516279,-54.059999,1.51));
#11107 = VECTOR('',#11108,1.);
#11108 = DIRECTION('',(0.,1.,0.));
#11109 = ORIENTED_EDGE('',*,*,#11110,.F.);
#11110 = EDGE_CURVE('',#11111,#11103,#11113,.T.);
#11111 = VERTEX_POINT('',#11112);
#11112 = CARTESIAN_POINT('',(25.595365,-54.500535,1.51));
#11113 = LINE('',#11114,#11115);
#11114 = CARTESIAN_POINT('',(25.595365,-54.500535,1.51));
#11115 = VECTOR('',#11116,1.);
#11116 = DIRECTION('',(-0.1766974739,0.984265209543,0.));
#11117 = ORIENTED_EDGE('',*,*,#11118,.F.);
#11118 = EDGE_CURVE('',#11119,#11111,#11121,.T.);
#11119 = VERTEX_POINT('',#11120);
#11120 = CARTESIAN_POINT('',(30.37655,-67.299496,1.51));
#11121 = LINE('',#11122,#11123);
#11122 = CARTESIAN_POINT('',(30.37655,-67.299496,1.51));
#11123 = VECTOR('',#11124,1.);
#11124 = DIRECTION('',(-0.349940848457,0.936771798562,0.));
#11125 = ORIENTED_EDGE('',*,*,#11126,.F.);
#11126 = EDGE_CURVE('',#11127,#11119,#11129,.T.);
#11127 = VERTEX_POINT('',#11128);
#11128 = CARTESIAN_POINT('',(33.294976,-69.249999,1.51));
#11129 = CIRCLE('',#11130,3.078310765915);
#11130 = AXIS2_PLACEMENT_3D('',#11131,#11132,#11133);
#11131 = CARTESIAN_POINT('',(33.241006979776,-66.17216136354,1.51));
#11132 = DIRECTION('',(0.,0.,-1.));
#11133 = DIRECTION('',(1.753202464852E-02,-0.999846302244,0.));
#11134 = ORIENTED_EDGE('',*,*,#11135,.F.);
#11135 = EDGE_CURVE('',#11136,#11127,#11138,.T.);
#11136 = VERTEX_POINT('',#11137);
#11137 = CARTESIAN_POINT('',(66.526237,-69.249999,1.51));
#11138 = LINE('',#11139,#11140);
#11139 = CARTESIAN_POINT('',(66.526237,-69.249999,1.51));
#11140 = VECTOR('',#11141,1.);
#11141 = DIRECTION('',(-1.,0.,0.));
#11142 = ORIENTED_EDGE('',*,*,#11143,.F.);
#11143 = EDGE_CURVE('',#11144,#11136,#11146,.T.);
#11144 = VERTEX_POINT('',#11145);
#11145 = CARTESIAN_POINT('',(69.644446,-64.916664,1.51));
#11146 = LINE('',#11147,#11148);
#11147 = CARTESIAN_POINT('',(69.644446,-64.916664,1.51));
#11148 = VECTOR('',#11149,1.);
#11149 = DIRECTION('',(-0.584083613662,-0.811693496494,0.));
#11150 = ORIENTED_EDGE('',*,*,#11151,.F.);
#11151 = EDGE_CURVE('',#11152,#11144,#11154,.T.);
#11152 = VERTEX_POINT('',#11153);
#11153 = CARTESIAN_POINT('',(72.173894,-64.916664,1.51));
#11154 = LINE('',#11155,#11156);
#11155 = CARTESIAN_POINT('',(72.173894,-64.916664,1.51));
#11156 = VECTOR('',#11157,1.);
#11157 = DIRECTION('',(-1.,0.,0.));
#11158 = ORIENTED_EDGE('',*,*,#11159,.F.);
#11159 = EDGE_CURVE('',#11160,#11152,#11162,.T.);
#11160 = VERTEX_POINT('',#11161);
#11161 = CARTESIAN_POINT('',(75.167888,-61.916668,1.51));
#11162 = CIRCLE('',#11163,3.000000980555);
#11163 = AXIS2_PLACEMENT_3D('',#11164,#11165,#11166);
#11164 = CARTESIAN_POINT('',(72.167887019445,-61.91666903341,1.51));
#11165 = DIRECTION('',(0.,0.,-1.));
#11166 = DIRECTION('',(1.,3.444726115316E-07,0.));
#11167 = ORIENTED_EDGE('',*,*,#11168,.F.);
#11168 = EDGE_CURVE('',#10645,#11160,#11169,.T.);
#11169 = LINE('',#11170,#11171);
#11170 = CARTESIAN_POINT('',(75.167888,-39.129552,1.51));
#11171 = VECTOR('',#11172,1.);
#11172 = DIRECTION('',(0.,-1.,0.));
#11173 = ORIENTED_EDGE('',*,*,#10644,.F.);
#11174 = FACE_BOUND('',#11175,.T.);
#11175 = EDGE_LOOP('',(#11176));
#11176 = ORIENTED_EDGE('',*,*,#11177,.T.);
#11177 = EDGE_CURVE('',#11178,#11178,#11180,.T.);
#11178 = VERTEX_POINT('',#11179);
#11179 = CARTESIAN_POINT('',(33.35,-67.5,1.51));
#11180 = CIRCLE('',#11181,1.25);
#11181 = AXIS2_PLACEMENT_3D('',#11182,#11183,#11184);
#11182 = CARTESIAN_POINT('',(33.35,-66.25,1.51));
#11183 = DIRECTION('',(-0.,0.,-1.));
#11184 = DIRECTION('',(-0.,-1.,0.));
#11185 = FACE_BOUND('',#11186,.T.);
#11186 = EDGE_LOOP('',(#11187));
#11187 = ORIENTED_EDGE('',*,*,#11188,.T.);
#11188 = EDGE_CURVE('',#11189,#11189,#11191,.T.);
#11189 = VERTEX_POINT('',#11190);
#11190 = CARTESIAN_POINT('',(26.95,-54.559999,1.51));
#11191 = CIRCLE('',#11192,0.5);
#11192 = AXIS2_PLACEMENT_3D('',#11193,#11194,#11195);
#11193 = CARTESIAN_POINT('',(26.95,-54.059999,1.51));
#11194 = DIRECTION('',(-0.,0.,-1.));
#11195 = DIRECTION('',(-0.,-1.,0.));
#11196 = FACE_BOUND('',#11197,.T.);
#11197 = EDGE_LOOP('',(#11198));
#11198 = ORIENTED_EDGE('',*,*,#11199,.T.);
#11199 = EDGE_CURVE('',#11200,#11200,#11202,.T.);
#11200 = VERTEX_POINT('',#11201);
#11201 = CARTESIAN_POINT('',(26.95,-52.019999,1.51));
#11202 = CIRCLE('',#11203,0.5);
#11203 = AXIS2_PLACEMENT_3D('',#11204,#11205,#11206);
#11204 = CARTESIAN_POINT('',(26.95,-51.519999,1.51));
#11205 = DIRECTION('',(-0.,0.,-1.));
#11206 = DIRECTION('',(-0.,-1.,0.));
#11207 = FACE_BOUND('',#11208,.T.);
#11208 = EDGE_LOOP('',(#11209));
#11209 = ORIENTED_EDGE('',*,*,#11210,.T.);
#11210 = EDGE_CURVE('',#11211,#11211,#11213,.T.);
#11211 = VERTEX_POINT('',#11212);
#11212 = CARTESIAN_POINT('',(50.54,-67.94,1.51));
#11213 = CIRCLE('',#11214,0.35);
#11214 = AXIS2_PLACEMENT_3D('',#11215,#11216,#11217);
#11215 = CARTESIAN_POINT('',(50.54,-67.59,1.51));
#11216 = DIRECTION('',(-0.,0.,-1.));
#11217 = DIRECTION('',(-0.,-1.,0.));
#11218 = FACE_BOUND('',#11219,.T.);
#11219 = EDGE_LOOP('',(#11220));
#11220 = ORIENTED_EDGE('',*,*,#11221,.T.);
#11221 = EDGE_CURVE('',#11222,#11222,#11224,.T.);
#11222 = VERTEX_POINT('',#11223);
#11223 = CARTESIAN_POINT('',(51.81,-67.94,1.51));
#11224 = CIRCLE('',#11225,0.35);
#11225 = AXIS2_PLACEMENT_3D('',#11226,#11227,#11228);
#11226 = CARTESIAN_POINT('',(51.81,-67.59,1.51));
#11227 = DIRECTION('',(-0.,0.,-1.));
#11228 = DIRECTION('',(-0.,-1.,0.));
#11229 = FACE_BOUND('',#11230,.T.);
#11230 = EDGE_LOOP('',(#11231));
#11231 = ORIENTED_EDGE('',*,*,#11232,.T.);
#11232 = EDGE_CURVE('',#11233,#11233,#11235,.T.);
#11233 = VERTEX_POINT('',#11234);
#11234 = CARTESIAN_POINT('',(50.54,-66.67,1.51));
#11235 = CIRCLE('',#11236,0.35);
#11236 = AXIS2_PLACEMENT_3D('',#11237,#11238,#11239);
#11237 = CARTESIAN_POINT('',(50.54,-66.32,1.51));
#11238 = DIRECTION('',(-0.,0.,-1.));
#11239 = DIRECTION('',(-0.,-1.,0.));
#11240 = FACE_BOUND('',#11241,.T.);
#11241 = EDGE_LOOP('',(#11242));
#11242 = ORIENTED_EDGE('',*,*,#11243,.T.);
#11243 = EDGE_CURVE('',#11244,#11244,#11246,.T.);
#11244 = VERTEX_POINT('',#11245);
#11245 = CARTESIAN_POINT('',(51.81,-66.67,1.51));
#11246 = CIRCLE('',#11247,0.35);
#11247 = AXIS2_PLACEMENT_3D('',#11248,#11249,#11250);
#11248 = CARTESIAN_POINT('',(51.81,-66.32,1.51));
#11249 = DIRECTION('',(-0.,0.,-1.));
#11250 = DIRECTION('',(-0.,-1.,0.));
#11251 = FACE_BOUND('',#11252,.T.);
#11252 = EDGE_LOOP('',(#11253));
#11253 = ORIENTED_EDGE('',*,*,#11254,.T.);
#11254 = EDGE_CURVE('',#11255,#11255,#11257,.T.);
#11255 = VERTEX_POINT('',#11256);
#11256 = CARTESIAN_POINT('',(53.08,-67.94,1.51));
#11257 = CIRCLE('',#11258,0.35);
#11258 = AXIS2_PLACEMENT_3D('',#11259,#11260,#11261);
#11259 = CARTESIAN_POINT('',(53.08,-67.59,1.51));
#11260 = DIRECTION('',(-0.,0.,-1.));
#11261 = DIRECTION('',(-0.,-1.,0.));
#11262 = FACE_BOUND('',#11263,.T.);
#11263 = EDGE_LOOP('',(#11264));
#11264 = ORIENTED_EDGE('',*,*,#11265,.T.);
#11265 = EDGE_CURVE('',#11266,#11266,#11268,.T.);
#11266 = VERTEX_POINT('',#11267);
#11267 = CARTESIAN_POINT('',(54.35,-67.94,1.51));
#11268 = CIRCLE('',#11269,0.35);
#11269 = AXIS2_PLACEMENT_3D('',#11270,#11271,#11272);
#11270 = CARTESIAN_POINT('',(54.35,-67.59,1.51));
#11271 = DIRECTION('',(-0.,0.,-1.));
#11272 = DIRECTION('',(-0.,-1.,0.));
#11273 = FACE_BOUND('',#11274,.T.);
#11274 = EDGE_LOOP('',(#11275));
#11275 = ORIENTED_EDGE('',*,*,#11276,.T.);
#11276 = EDGE_CURVE('',#11277,#11277,#11279,.T.);
#11277 = VERTEX_POINT('',#11278);
#11278 = CARTESIAN_POINT('',(53.08,-66.67,1.51));
#11279 = CIRCLE('',#11280,0.35);
#11280 = AXIS2_PLACEMENT_3D('',#11281,#11282,#11283);
#11281 = CARTESIAN_POINT('',(53.08,-66.32,1.51));
#11282 = DIRECTION('',(-0.,0.,-1.));
#11283 = DIRECTION('',(-0.,-1.,0.));
#11284 = FACE_BOUND('',#11285,.T.);
#11285 = EDGE_LOOP('',(#11286));
#11286 = ORIENTED_EDGE('',*,*,#11287,.T.);
#11287 = EDGE_CURVE('',#11288,#11288,#11290,.T.);
#11288 = VERTEX_POINT('',#11289);
#11289 = CARTESIAN_POINT('',(54.35,-66.67,1.51));
#11290 = CIRCLE('',#11291,0.35);
#11291 = AXIS2_PLACEMENT_3D('',#11292,#11293,#11294);
#11292 = CARTESIAN_POINT('',(54.35,-66.32,1.51));
#11293 = DIRECTION('',(-0.,0.,-1.));
#11294 = DIRECTION('',(-0.,-1.,0.));
#11295 = FACE_BOUND('',#11296,.T.);
#11296 = EDGE_LOOP('',(#11297));
#11297 = ORIENTED_EDGE('',*,*,#11298,.T.);
#11298 = EDGE_CURVE('',#11299,#11299,#11301,.T.);
#11299 = VERTEX_POINT('',#11300);
#11300 = CARTESIAN_POINT('',(65.349966,-67.5,1.51));
#11301 = CIRCLE('',#11302,1.25);
#11302 = AXIS2_PLACEMENT_3D('',#11303,#11304,#11305);
#11303 = CARTESIAN_POINT('',(65.349966,-66.25,1.51));
#11304 = DIRECTION('',(-0.,0.,-1.));
#11305 = DIRECTION('',(-0.,-1.,0.));
#11306 = FACE_BOUND('',#11307,.T.);
#11307 = EDGE_LOOP('',(#11308));
#11308 = ORIENTED_EDGE('',*,*,#11309,.T.);
#11309 = EDGE_CURVE('',#11310,#11310,#11312,.T.);
#11310 = VERTEX_POINT('',#11311);
#11311 = CARTESIAN_POINT('',(65.97,-61.41,1.51));
#11312 = CIRCLE('',#11313,1.);
#11313 = AXIS2_PLACEMENT_3D('',#11314,#11315,#11316);
#11314 = CARTESIAN_POINT('',(65.97,-60.41,1.51));
#11315 = DIRECTION('',(-0.,0.,-1.));
#11316 = DIRECTION('',(-0.,-1.,0.));
#11317 = FACE_BOUND('',#11318,.T.);
#11318 = EDGE_LOOP('',(#11319));
#11319 = ORIENTED_EDGE('',*,*,#11320,.T.);
#11320 = EDGE_CURVE('',#11321,#11321,#11323,.T.);
#11321 = VERTEX_POINT('',#11322);
#11322 = CARTESIAN_POINT('',(72.075,-61.71,1.51));
#11323 = CIRCLE('',#11324,1.3);
#11324 = AXIS2_PLACEMENT_3D('',#11325,#11326,#11327);
#11325 = CARTESIAN_POINT('',(72.075,-60.41,1.51));
#11326 = DIRECTION('',(-0.,0.,-1.));
#11327 = DIRECTION('',(-0.,-1.,0.));
#11328 = FACE_BOUND('',#11329,.T.);
#11329 = EDGE_LOOP('',(#11330));
#11330 = ORIENTED_EDGE('',*,*,#11331,.T.);
#11331 = EDGE_CURVE('',#11332,#11332,#11334,.T.);
#11332 = VERTEX_POINT('',#11333);
#11333 = CARTESIAN_POINT('',(65.97,-56.33,1.51));
#11334 = CIRCLE('',#11335,1.);
#11335 = AXIS2_PLACEMENT_3D('',#11336,#11337,#11338);
#11336 = CARTESIAN_POINT('',(65.97,-55.33,1.51));
#11337 = DIRECTION('',(-0.,0.,-1.));
#11338 = DIRECTION('',(-0.,-1.,0.));
#11339 = FACE_BOUND('',#11340,.T.);
#11340 = EDGE_LOOP('',(#11341));
#11341 = ORIENTED_EDGE('',*,*,#11342,.T.);
#11342 = EDGE_CURVE('',#11343,#11343,#11345,.T.);
#11343 = VERTEX_POINT('',#11344);
#11344 = CARTESIAN_POINT('',(26.95,-49.479999,1.51));
#11345 = CIRCLE('',#11346,0.5);
#11346 = AXIS2_PLACEMENT_3D('',#11347,#11348,#11349);
#11347 = CARTESIAN_POINT('',(26.95,-48.979999,1.51));
#11348 = DIRECTION('',(-0.,0.,-1.));
#11349 = DIRECTION('',(-0.,-1.,0.));
#11350 = FACE_BOUND('',#11351,.T.);
#11351 = EDGE_LOOP('',(#11352));
#11352 = ORIENTED_EDGE('',*,*,#11353,.T.);
#11353 = EDGE_CURVE('',#11354,#11354,#11356,.T.);
#11354 = VERTEX_POINT('',#11355);
#11355 = CARTESIAN_POINT('',(26.95,-46.939999,1.51));
#11356 = CIRCLE('',#11357,0.5);
#11357 = AXIS2_PLACEMENT_3D('',#11358,#11359,#11360);
#11358 = CARTESIAN_POINT('',(26.95,-46.439999,1.51));
#11359 = DIRECTION('',(-0.,0.,-1.));
#11360 = DIRECTION('',(-0.,-1.,0.));
#11361 = FACE_BOUND('',#11362,.T.);
#11362 = EDGE_LOOP('',(#11363));
#11363 = ORIENTED_EDGE('',*,*,#11364,.T.);
#11364 = EDGE_CURVE('',#11365,#11365,#11367,.T.);
#11365 = VERTEX_POINT('',#11366);
#11366 = CARTESIAN_POINT('',(26.95,-44.399999,1.51));
#11367 = CIRCLE('',#11368,0.5);
#11368 = AXIS2_PLACEMENT_3D('',#11369,#11370,#11371);
#11369 = CARTESIAN_POINT('',(26.95,-43.899999,1.51));
#11370 = DIRECTION('',(-0.,0.,-1.));
#11371 = DIRECTION('',(-0.,-1.,0.));
#11372 = FACE_BOUND('',#11373,.T.);
#11373 = EDGE_LOOP('',(#11374));
#11374 = ORIENTED_EDGE('',*,*,#11375,.T.);
#11375 = EDGE_CURVE('',#11376,#11376,#11378,.T.);
#11376 = VERTEX_POINT('',#11377);
#11377 = CARTESIAN_POINT('',(33.35,-35.5,1.51));
#11378 = CIRCLE('',#11379,1.25);
#11379 = AXIS2_PLACEMENT_3D('',#11380,#11381,#11382);
#11380 = CARTESIAN_POINT('',(33.35,-34.25,1.51));
#11381 = DIRECTION('',(-0.,0.,-1.));
#11382 = DIRECTION('',(-0.,-1.,0.));
#11383 = FACE_BOUND('',#11384,.T.);
#11384 = EDGE_LOOP('',(#11385));
#11385 = ORIENTED_EDGE('',*,*,#11386,.T.);
#11386 = EDGE_CURVE('',#11387,#11387,#11389,.T.);
#11387 = VERTEX_POINT('',#11388);
#11388 = CARTESIAN_POINT('',(65.97,-51.25,1.51));
#11389 = CIRCLE('',#11390,1.);
#11390 = AXIS2_PLACEMENT_3D('',#11391,#11392,#11393);
#11391 = CARTESIAN_POINT('',(65.97,-50.25,1.51));
#11392 = DIRECTION('',(-0.,0.,-1.));
#11393 = DIRECTION('',(-0.,-1.,0.));
#11394 = FACE_BOUND('',#11395,.T.);
#11395 = EDGE_LOOP('',(#11396));
#11396 = ORIENTED_EDGE('',*,*,#11397,.T.);
#11397 = EDGE_CURVE('',#11398,#11398,#11400,.T.);
#11398 = VERTEX_POINT('',#11399);
#11399 = CARTESIAN_POINT('',(72.075,-51.55,1.51));
#11400 = CIRCLE('',#11401,1.3);
#11401 = AXIS2_PLACEMENT_3D('',#11402,#11403,#11404);
#11402 = CARTESIAN_POINT('',(72.075,-50.25,1.51));
#11403 = DIRECTION('',(-0.,0.,-1.));
#11404 = DIRECTION('',(-0.,-1.,0.));
#11405 = FACE_BOUND('',#11406,.T.);
#11406 = EDGE_LOOP('',(#11407));
#11407 = ORIENTED_EDGE('',*,*,#11408,.T.);
#11408 = EDGE_CURVE('',#11409,#11409,#11411,.T.);
#11409 = VERTEX_POINT('',#11410);
#11410 = CARTESIAN_POINT('',(65.97,-46.17,1.51));
#11411 = CIRCLE('',#11412,1.);
#11412 = AXIS2_PLACEMENT_3D('',#11413,#11414,#11415);
#11413 = CARTESIAN_POINT('',(65.97,-45.17,1.51));
#11414 = DIRECTION('',(-0.,0.,-1.));
#11415 = DIRECTION('',(-0.,-1.,0.));
#11416 = FACE_BOUND('',#11417,.T.);
#11417 = EDGE_LOOP('',(#11418));
#11418 = ORIENTED_EDGE('',*,*,#11419,.T.);
#11419 = EDGE_CURVE('',#11420,#11420,#11422,.T.);
#11420 = VERTEX_POINT('',#11421);
#11421 = CARTESIAN_POINT('',(65.97,-41.09,1.51));
#11422 = CIRCLE('',#11423,1.);
#11423 = AXIS2_PLACEMENT_3D('',#11424,#11425,#11426);
#11424 = CARTESIAN_POINT('',(65.97,-40.09,1.51));
#11425 = DIRECTION('',(-0.,0.,-1.));
#11426 = DIRECTION('',(-0.,-1.,0.));
#11427 = FACE_BOUND('',#11428,.T.);
#11428 = EDGE_LOOP('',(#11429));
#11429 = ORIENTED_EDGE('',*,*,#11430,.T.);
#11430 = EDGE_CURVE('',#11431,#11431,#11433,.T.);
#11431 = VERTEX_POINT('',#11432);
#11432 = CARTESIAN_POINT('',(72.075,-41.85,1.51));
#11433 = CIRCLE('',#11434,1.3);
#11434 = AXIS2_PLACEMENT_3D('',#11435,#11436,#11437);
#11435 = CARTESIAN_POINT('',(72.075,-40.55,1.51));
#11436 = DIRECTION('',(-0.,0.,-1.));
#11437 = DIRECTION('',(-0.,-1.,0.));
#11438 = FACE_BOUND('',#11439,.T.);
#11439 = EDGE_LOOP('',(#11440));
#11440 = ORIENTED_EDGE('',*,*,#11441,.T.);
#11441 = EDGE_CURVE('',#11442,#11442,#11444,.T.);
#11442 = VERTEX_POINT('',#11443);
#11443 = CARTESIAN_POINT('',(65.35,-35.5,1.51));
#11444 = CIRCLE('',#11445,1.25);
#11445 = AXIS2_PLACEMENT_3D('',#11446,#11447,#11448);
#11446 = CARTESIAN_POINT('',(65.35,-34.25,1.51));
#11447 = DIRECTION('',(-0.,0.,-1.));
#11448 = DIRECTION('',(-0.,-1.,0.));
#11449 = PLANE('',#11450);
#11450 = AXIS2_PLACEMENT_3D('',#11451,#11452,#11453);
#11451 = CARTESIAN_POINT('',(0.,0.,1.51));
#11452 = DIRECTION('',(0.,0.,1.));
#11453 = DIRECTION('',(1.,0.,-0.));
#11454 = ADVANCED_FACE('',(#11455),#11466,.T.);
#11455 = FACE_BOUND('',#11456,.T.);
#11456 = EDGE_LOOP('',(#11457,#11463,#11464,#11465));
#11457 = ORIENTED_EDGE('',*,*,#11458,.T.);
#11458 = EDGE_CURVE('',#10679,#11070,#11459,.T.);
#11459 = LINE('',#11460,#11461);
#11460 = CARTESIAN_POINT('',(33.187014,-31.249999,0.));
#11461 = VECTOR('',#11462,1.);
#11462 = DIRECTION('',(0.,0.,1.));
#11463 = ORIENTED_EDGE('',*,*,#11069,.T.);
#11464 = ORIENTED_EDGE('',*,*,#10612,.F.);
#11465 = ORIENTED_EDGE('',*,*,#10678,.F.);
#11466 = PLANE('',#11467);
#11467 = AXIS2_PLACEMENT_3D('',#11468,#11469,#11470);
#11468 = CARTESIAN_POINT('',(33.187014,-31.249999,0.));
#11469 = DIRECTION('',(0.,1.,0.));
#11470 = DIRECTION('',(1.,0.,0.));
#11471 = ADVANCED_FACE('',(#11472),#11483,.T.);
#11472 = FACE_BOUND('',#11473,.T.);
#11473 = EDGE_LOOP('',(#11474,#11475,#11476,#11482));
#11474 = ORIENTED_EDGE('',*,*,#10653,.T.);
#11475 = ORIENTED_EDGE('',*,*,#11168,.T.);
#11476 = ORIENTED_EDGE('',*,*,#11477,.F.);
#11477 = EDGE_CURVE('',#10769,#11160,#11478,.T.);
#11478 = LINE('',#11479,#11480);
#11479 = CARTESIAN_POINT('',(75.167888,-61.916668,0.));
#11480 = VECTOR('',#11481,1.);
#11481 = DIRECTION('',(0.,0.,1.));
#11482 = ORIENTED_EDGE('',*,*,#10777,.F.);
#11483 = PLANE('',#11484);
#11484 = AXIS2_PLACEMENT_3D('',#11485,#11486,#11487);
#11485 = CARTESIAN_POINT('',(75.167888,-39.129552,0.));
#11486 = DIRECTION('',(1.,0.,-0.));
#11487 = DIRECTION('',(0.,-1.,0.));
#11488 = ADVANCED_FACE('',(#11489),#11500,.T.);
#11489 = FACE_BOUND('',#11490,.T.);
#11490 = EDGE_LOOP('',(#11491,#11497,#11498,#11499));
#11491 = ORIENTED_EDGE('',*,*,#11492,.T.);
#11492 = EDGE_CURVE('',#10687,#11078,#11493,.T.);
#11493 = LINE('',#11494,#11495);
#11494 = CARTESIAN_POINT('',(30.329284,-33.337019,0.));
#11495 = VECTOR('',#11496,1.);
#11496 = DIRECTION('',(0.,0.,1.));
#11497 = ORIENTED_EDGE('',*,*,#11077,.T.);
#11498 = ORIENTED_EDGE('',*,*,#11458,.F.);
#11499 = ORIENTED_EDGE('',*,*,#10686,.F.);
#11500 = CYLINDRICAL_SURFACE('',#11501,3.069733139064);
#11501 = AXIS2_PLACEMENT_3D('',#11502,#11503,#11504);
#11502 = CARTESIAN_POINT('',(33.237609258143,-34.3193151559,0.));
#11503 = DIRECTION('',(0.,0.,-1.));
#11504 = DIRECTION('',(-0.947419572449,0.319993990164,0.));
#11505 = ADVANCED_FACE('',(#11506),#11517,.T.);
#11506 = FACE_BOUND('',#11507,.T.);
#11507 = EDGE_LOOP('',(#11508,#11509,#11510,#11516));
#11508 = ORIENTED_EDGE('',*,*,#11477,.T.);
#11509 = ORIENTED_EDGE('',*,*,#11159,.T.);
#11510 = ORIENTED_EDGE('',*,*,#11511,.F.);
#11511 = EDGE_CURVE('',#10761,#11152,#11512,.T.);
#11512 = LINE('',#11513,#11514);
#11513 = CARTESIAN_POINT('',(72.173894,-64.916664,0.));
#11514 = VECTOR('',#11515,1.);
#11515 = DIRECTION('',(0.,0.,1.));
#11516 = ORIENTED_EDGE('',*,*,#10768,.F.);
#11517 = CYLINDRICAL_SURFACE('',#11518,3.000000980555);
#11518 = AXIS2_PLACEMENT_3D('',#11519,#11520,#11521);
#11519 = CARTESIAN_POINT('',(72.167887019445,-61.91666903341,0.));
#11520 = DIRECTION('',(0.,0.,-1.));
#11521 = DIRECTION('',(1.,3.444726115316E-07,0.));
#11522 = ADVANCED_FACE('',(#11523),#11534,.T.);
#11523 = FACE_BOUND('',#11524,.T.);
#11524 = EDGE_LOOP('',(#11525,#11531,#11532,#11533));
#11525 = ORIENTED_EDGE('',*,*,#11526,.T.);
#11526 = EDGE_CURVE('',#10696,#11087,#11527,.T.);
#11527 = LINE('',#11528,#11529);
#11528 = CARTESIAN_POINT('',(25.642492,-43.348843,0.));
#11529 = VECTOR('',#11530,1.);
#11530 = DIRECTION('',(0.,0.,1.));
#11531 = ORIENTED_EDGE('',*,*,#11086,.T.);
#11532 = ORIENTED_EDGE('',*,*,#11492,.F.);
#11533 = ORIENTED_EDGE('',*,*,#10695,.F.);
#11534 = PLANE('',#11535);
#11535 = AXIS2_PLACEMENT_3D('',#11536,#11537,#11538);
#11536 = CARTESIAN_POINT('',(25.642492,-43.348843,0.));
#11537 = DIRECTION('',(-0.905676114061,0.423970254169,0.));
#11538 = DIRECTION('',(0.423970254169,0.905676114061,0.));
#11539 = ADVANCED_FACE('',(#11540),#11551,.T.);
#11540 = FACE_BOUND('',#11541,.T.);
#11541 = EDGE_LOOP('',(#11542,#11543,#11544,#11550));
#11542 = ORIENTED_EDGE('',*,*,#11511,.T.);
#11543 = ORIENTED_EDGE('',*,*,#11151,.T.);
#11544 = ORIENTED_EDGE('',*,*,#11545,.F.);
#11545 = EDGE_CURVE('',#10753,#11144,#11546,.T.);
#11546 = LINE('',#11547,#11548);
#11547 = CARTESIAN_POINT('',(69.644446,-64.916664,0.));
#11548 = VECTOR('',#11549,1.);
#11549 = DIRECTION('',(0.,0.,1.));
#11550 = ORIENTED_EDGE('',*,*,#10760,.F.);
#11551 = PLANE('',#11552);
#11552 = AXIS2_PLACEMENT_3D('',#11553,#11554,#11555);
#11553 = CARTESIAN_POINT('',(72.173894,-64.916664,0.));
#11554 = DIRECTION('',(0.,-1.,0.));
#11555 = DIRECTION('',(-1.,0.,0.));
#11556 = ADVANCED_FACE('',(#11557),#11568,.T.);
#11557 = FACE_BOUND('',#11558,.T.);
#11558 = EDGE_LOOP('',(#11559,#11565,#11566,#11567));
#11559 = ORIENTED_EDGE('',*,*,#11560,.T.);
#11560 = EDGE_CURVE('',#10704,#11095,#11561,.T.);
#11561 = LINE('',#11562,#11563);
#11562 = CARTESIAN_POINT('',(25.516279,-43.899998,0.));
#11563 = VECTOR('',#11564,1.);
#11564 = DIRECTION('',(0.,0.,1.));
#11565 = ORIENTED_EDGE('',*,*,#11094,.T.);
#11566 = ORIENTED_EDGE('',*,*,#11526,.F.);
#11567 = ORIENTED_EDGE('',*,*,#10703,.F.);
#11568 = PLANE('',#11569);
#11569 = AXIS2_PLACEMENT_3D('',#11570,#11571,#11572);
#11570 = CARTESIAN_POINT('',(25.516279,-43.899998,0.));
#11571 = DIRECTION('',(-0.974768254632,0.223219286266,0.));
#11572 = DIRECTION('',(0.223219286266,0.974768254632,0.));
#11573 = ADVANCED_FACE('',(#11574),#11585,.T.);
#11574 = FACE_BOUND('',#11575,.T.);
#11575 = EDGE_LOOP('',(#11576,#11577,#11578,#11584));
#11576 = ORIENTED_EDGE('',*,*,#11545,.T.);
#11577 = ORIENTED_EDGE('',*,*,#11143,.T.);
#11578 = ORIENTED_EDGE('',*,*,#11579,.F.);
#11579 = EDGE_CURVE('',#10745,#11136,#11580,.T.);
#11580 = LINE('',#11581,#11582);
#11581 = CARTESIAN_POINT('',(66.526237,-69.249999,0.));
#11582 = VECTOR('',#11583,1.);
#11583 = DIRECTION('',(0.,0.,1.));
#11584 = ORIENTED_EDGE('',*,*,#10752,.F.);
#11585 = PLANE('',#11586);
#11586 = AXIS2_PLACEMENT_3D('',#11587,#11588,#11589);
#11587 = CARTESIAN_POINT('',(69.644446,-64.916664,0.));
#11588 = DIRECTION('',(0.811693496494,-0.584083613662,0.));
#11589 = DIRECTION('',(-0.584083613662,-0.811693496494,0.));
#11590 = ADVANCED_FACE('',(#11591),#11602,.T.);
#11591 = FACE_BOUND('',#11592,.T.);
#11592 = EDGE_LOOP('',(#11593,#11599,#11600,#11601));
#11593 = ORIENTED_EDGE('',*,*,#11594,.T.);
#11594 = EDGE_CURVE('',#10712,#11103,#11595,.T.);
#11595 = LINE('',#11596,#11597);
#11596 = CARTESIAN_POINT('',(25.516279,-54.059999,0.));
#11597 = VECTOR('',#11598,1.);
#11598 = DIRECTION('',(0.,0.,1.));
#11599 = ORIENTED_EDGE('',*,*,#11102,.T.);
#11600 = ORIENTED_EDGE('',*,*,#11560,.F.);
#11601 = ORIENTED_EDGE('',*,*,#10711,.F.);
#11602 = PLANE('',#11603);
#11603 = AXIS2_PLACEMENT_3D('',#11604,#11605,#11606);
#11604 = CARTESIAN_POINT('',(25.516279,-54.059999,0.));
#11605 = DIRECTION('',(-1.,0.,0.));
#11606 = DIRECTION('',(0.,1.,0.));
#11607 = ADVANCED_FACE('',(#11608),#11619,.T.);
#11608 = FACE_BOUND('',#11609,.T.);
#11609 = EDGE_LOOP('',(#11610,#11611,#11612,#11618));
#11610 = ORIENTED_EDGE('',*,*,#11579,.T.);
#11611 = ORIENTED_EDGE('',*,*,#11135,.T.);
#11612 = ORIENTED_EDGE('',*,*,#11613,.F.);
#11613 = EDGE_CURVE('',#10736,#11127,#11614,.T.);
#11614 = LINE('',#11615,#11616);
#11615 = CARTESIAN_POINT('',(33.294976,-69.249999,0.));
#11616 = VECTOR('',#11617,1.);
#11617 = DIRECTION('',(0.,0.,1.));
#11618 = ORIENTED_EDGE('',*,*,#10744,.F.);
#11619 = PLANE('',#11620);
#11620 = AXIS2_PLACEMENT_3D('',#11621,#11622,#11623);
#11621 = CARTESIAN_POINT('',(66.526237,-69.249999,0.));
#11622 = DIRECTION('',(0.,-1.,0.));
#11623 = DIRECTION('',(-1.,0.,0.));
#11624 = ADVANCED_FACE('',(#11625),#11636,.T.);
#11625 = FACE_BOUND('',#11626,.T.);
#11626 = EDGE_LOOP('',(#11627,#11633,#11634,#11635));
#11627 = ORIENTED_EDGE('',*,*,#11628,.T.);
#11628 = EDGE_CURVE('',#10720,#11111,#11629,.T.);
#11629 = LINE('',#11630,#11631);
#11630 = CARTESIAN_POINT('',(25.595365,-54.500535,0.));
#11631 = VECTOR('',#11632,1.);
#11632 = DIRECTION('',(0.,0.,1.));
#11633 = ORIENTED_EDGE('',*,*,#11110,.T.);
#11634 = ORIENTED_EDGE('',*,*,#11594,.F.);
#11635 = ORIENTED_EDGE('',*,*,#10719,.F.);
#11636 = PLANE('',#11637);
#11637 = AXIS2_PLACEMENT_3D('',#11638,#11639,#11640);
#11638 = CARTESIAN_POINT('',(25.595365,-54.500535,0.));
#11639 = DIRECTION('',(-0.984265209543,-0.1766974739,0.));
#11640 = DIRECTION('',(-0.1766974739,0.984265209543,0.));
#11641 = ADVANCED_FACE('',(#11642),#11653,.T.);
#11642 = FACE_BOUND('',#11643,.T.);
#11643 = EDGE_LOOP('',(#11644,#11645,#11646,#11652));
#11644 = ORIENTED_EDGE('',*,*,#11613,.T.);
#11645 = ORIENTED_EDGE('',*,*,#11126,.T.);
#11646 = ORIENTED_EDGE('',*,*,#11647,.F.);
#11647 = EDGE_CURVE('',#10728,#11119,#11648,.T.);
#11648 = LINE('',#11649,#11650);
#11649 = CARTESIAN_POINT('',(30.37655,-67.299496,0.));
#11650 = VECTOR('',#11651,1.);
#11651 = DIRECTION('',(0.,0.,1.));
#11652 = ORIENTED_EDGE('',*,*,#10735,.F.);
#11653 = CYLINDRICAL_SURFACE('',#11654,3.078310765915);
#11654 = AXIS2_PLACEMENT_3D('',#11655,#11656,#11657);
#11655 = CARTESIAN_POINT('',(33.241006979776,-66.17216136354,0.));
#11656 = DIRECTION('',(0.,0.,-1.));
#11657 = DIRECTION('',(1.753202464852E-02,-0.999846302244,0.));
#11658 = ADVANCED_FACE('',(#11659),#11665,.T.);
#11659 = FACE_BOUND('',#11660,.T.);
#11660 = EDGE_LOOP('',(#11661,#11662,#11663,#11664));
#11661 = ORIENTED_EDGE('',*,*,#11647,.T.);
#11662 = ORIENTED_EDGE('',*,*,#11118,.T.);
#11663 = ORIENTED_EDGE('',*,*,#11628,.F.);
#11664 = ORIENTED_EDGE('',*,*,#10727,.F.);
#11665 = PLANE('',#11666);
#11666 = AXIS2_PLACEMENT_3D('',#11667,#11668,#11669);
#11667 = CARTESIAN_POINT('',(30.37655,-67.299496,0.));
#11668 = DIRECTION('',(-0.936771798562,-0.349940848457,0.));
#11669 = DIRECTION('',(-0.349940848457,0.936771798562,0.));
#11670 = ADVANCED_FACE('',(#11671),#11682,.F.);
#11671 = FACE_BOUND('',#11672,.T.);
#11672 = EDGE_LOOP('',(#11673,#11674,#11680,#11681));
#11673 = ORIENTED_EDGE('',*,*,#10786,.T.);
#11674 = ORIENTED_EDGE('',*,*,#11675,.T.);
#11675 = EDGE_CURVE('',#10787,#11178,#11676,.T.);
#11676 = LINE('',#11677,#11678);
#11677 = CARTESIAN_POINT('',(33.35,-67.5,-4.6E-02));
#11678 = VECTOR('',#11679,1.);
#11679 = DIRECTION('',(0.,0.,1.));
#11680 = ORIENTED_EDGE('',*,*,#11177,.F.);
#11681 = ORIENTED_EDGE('',*,*,#11675,.F.);
#11682 = CYLINDRICAL_SURFACE('',#11683,1.25);
#11683 = AXIS2_PLACEMENT_3D('',#11684,#11685,#11686);
#11684 = CARTESIAN_POINT('',(33.35,-66.25,-4.6E-02));
#11685 = DIRECTION('',(-0.,-0.,-1.));
#11686 = DIRECTION('',(-0.,-1.,0.));
#11687 = ADVANCED_FACE('',(#11688),#11699,.F.);
#11688 = FACE_BOUND('',#11689,.T.);
#11689 = EDGE_LOOP('',(#11690,#11691,#11697,#11698));
#11690 = ORIENTED_EDGE('',*,*,#10797,.T.);
#11691 = ORIENTED_EDGE('',*,*,#11692,.T.);
#11692 = EDGE_CURVE('',#10798,#11189,#11693,.T.);
#11693 = LINE('',#11694,#11695);
#11694 = CARTESIAN_POINT('',(26.95,-54.559999,-4.6E-02));
#11695 = VECTOR('',#11696,1.);
#11696 = DIRECTION('',(0.,0.,1.));
#11697 = ORIENTED_EDGE('',*,*,#11188,.F.);
#11698 = ORIENTED_EDGE('',*,*,#11692,.F.);
#11699 = CYLINDRICAL_SURFACE('',#11700,0.5);
#11700 = AXIS2_PLACEMENT_3D('',#11701,#11702,#11703);
#11701 = CARTESIAN_POINT('',(26.95,-54.059999,-4.6E-02));
#11702 = DIRECTION('',(-0.,-0.,-1.));
#11703 = DIRECTION('',(-0.,-1.,0.));
#11704 = ADVANCED_FACE('',(#11705),#11716,.F.);
#11705 = FACE_BOUND('',#11706,.T.);
#11706 = EDGE_LOOP('',(#11707,#11708,#11714,#11715));
#11707 = ORIENTED_EDGE('',*,*,#10808,.T.);
#11708 = ORIENTED_EDGE('',*,*,#11709,.T.);
#11709 = EDGE_CURVE('',#10809,#11200,#11710,.T.);
#11710 = LINE('',#11711,#11712);
#11711 = CARTESIAN_POINT('',(26.95,-52.019999,-4.6E-02));
#11712 = VECTOR('',#11713,1.);
#11713 = DIRECTION('',(0.,0.,1.));
#11714 = ORIENTED_EDGE('',*,*,#11199,.F.);
#11715 = ORIENTED_EDGE('',*,*,#11709,.F.);
#11716 = CYLINDRICAL_SURFACE('',#11717,0.5);
#11717 = AXIS2_PLACEMENT_3D('',#11718,#11719,#11720);
#11718 = CARTESIAN_POINT('',(26.95,-51.519999,-4.6E-02));
#11719 = DIRECTION('',(-0.,-0.,-1.));
#11720 = DIRECTION('',(-0.,-1.,0.));
#11721 = ADVANCED_FACE('',(#11722),#11733,.F.);
#11722 = FACE_BOUND('',#11723,.T.);
#11723 = EDGE_LOOP('',(#11724,#11725,#11731,#11732));
#11724 = ORIENTED_EDGE('',*,*,#10819,.T.);
#11725 = ORIENTED_EDGE('',*,*,#11726,.T.);
#11726 = EDGE_CURVE('',#10820,#11211,#11727,.T.);
#11727 = LINE('',#11728,#11729);
#11728 = CARTESIAN_POINT('',(50.54,-67.94,-4.6E-02));
#11729 = VECTOR('',#11730,1.);
#11730 = DIRECTION('',(0.,0.,1.));
#11731 = ORIENTED_EDGE('',*,*,#11210,.F.);
#11732 = ORIENTED_EDGE('',*,*,#11726,.F.);
#11733 = CYLINDRICAL_SURFACE('',#11734,0.35);
#11734 = AXIS2_PLACEMENT_3D('',#11735,#11736,#11737);
#11735 = CARTESIAN_POINT('',(50.54,-67.59,-4.6E-02));
#11736 = DIRECTION('',(-0.,-0.,-1.));
#11737 = DIRECTION('',(-0.,-1.,0.));
#11738 = ADVANCED_FACE('',(#11739),#11750,.F.);
#11739 = FACE_BOUND('',#11740,.T.);
#11740 = EDGE_LOOP('',(#11741,#11742,#11748,#11749));
#11741 = ORIENTED_EDGE('',*,*,#10830,.T.);
#11742 = ORIENTED_EDGE('',*,*,#11743,.T.);
#11743 = EDGE_CURVE('',#10831,#11222,#11744,.T.);
#11744 = LINE('',#11745,#11746);
#11745 = CARTESIAN_POINT('',(51.81,-67.94,-4.6E-02));
#11746 = VECTOR('',#11747,1.);
#11747 = DIRECTION('',(0.,0.,1.));
#11748 = ORIENTED_EDGE('',*,*,#11221,.F.);
#11749 = ORIENTED_EDGE('',*,*,#11743,.F.);
#11750 = CYLINDRICAL_SURFACE('',#11751,0.35);
#11751 = AXIS2_PLACEMENT_3D('',#11752,#11753,#11754);
#11752 = CARTESIAN_POINT('',(51.81,-67.59,-4.6E-02));
#11753 = DIRECTION('',(-0.,-0.,-1.));
#11754 = DIRECTION('',(-0.,-1.,0.));
#11755 = ADVANCED_FACE('',(#11756),#11767,.F.);
#11756 = FACE_BOUND('',#11757,.T.);
#11757 = EDGE_LOOP('',(#11758,#11759,#11765,#11766));
#11758 = ORIENTED_EDGE('',*,*,#10841,.T.);
#11759 = ORIENTED_EDGE('',*,*,#11760,.T.);
#11760 = EDGE_CURVE('',#10842,#11233,#11761,.T.);
#11761 = LINE('',#11762,#11763);
#11762 = CARTESIAN_POINT('',(50.54,-66.67,-4.6E-02));
#11763 = VECTOR('',#11764,1.);
#11764 = DIRECTION('',(0.,0.,1.));
#11765 = ORIENTED_EDGE('',*,*,#11232,.F.);
#11766 = ORIENTED_EDGE('',*,*,#11760,.F.);
#11767 = CYLINDRICAL_SURFACE('',#11768,0.35);
#11768 = AXIS2_PLACEMENT_3D('',#11769,#11770,#11771);
#11769 = CARTESIAN_POINT('',(50.54,-66.32,-4.6E-02));
#11770 = DIRECTION('',(-0.,-0.,-1.));
#11771 = DIRECTION('',(-0.,-1.,0.));
#11772 = ADVANCED_FACE('',(#11773),#11784,.F.);
#11773 = FACE_BOUND('',#11774,.T.);
#11774 = EDGE_LOOP('',(#11775,#11776,#11782,#11783));
#11775 = ORIENTED_EDGE('',*,*,#10852,.T.);
#11776 = ORIENTED_EDGE('',*,*,#11777,.T.);
#11777 = EDGE_CURVE('',#10853,#11244,#11778,.T.);
#11778 = LINE('',#11779,#11780);
#11779 = CARTESIAN_POINT('',(51.81,-66.67,-4.6E-02));
#11780 = VECTOR('',#11781,1.);
#11781 = DIRECTION('',(0.,0.,1.));
#11782 = ORIENTED_EDGE('',*,*,#11243,.F.);
#11783 = ORIENTED_EDGE('',*,*,#11777,.F.);
#11784 = CYLINDRICAL_SURFACE('',#11785,0.35);
#11785 = AXIS2_PLACEMENT_3D('',#11786,#11787,#11788);
#11786 = CARTESIAN_POINT('',(51.81,-66.32,-4.6E-02));
#11787 = DIRECTION('',(-0.,-0.,-1.));
#11788 = DIRECTION('',(-0.,-1.,0.));
#11789 = ADVANCED_FACE('',(#11790),#11801,.F.);
#11790 = FACE_BOUND('',#11791,.T.);
#11791 = EDGE_LOOP('',(#11792,#11793,#11799,#11800));
#11792 = ORIENTED_EDGE('',*,*,#10863,.T.);
#11793 = ORIENTED_EDGE('',*,*,#11794,.T.);
#11794 = EDGE_CURVE('',#10864,#11255,#11795,.T.);
#11795 = LINE('',#11796,#11797);
#11796 = CARTESIAN_POINT('',(53.08,-67.94,-4.6E-02));
#11797 = VECTOR('',#11798,1.);
#11798 = DIRECTION('',(0.,0.,1.));
#11799 = ORIENTED_EDGE('',*,*,#11254,.F.);
#11800 = ORIENTED_EDGE('',*,*,#11794,.F.);
#11801 = CYLINDRICAL_SURFACE('',#11802,0.35);
#11802 = AXIS2_PLACEMENT_3D('',#11803,#11804,#11805);
#11803 = CARTESIAN_POINT('',(53.08,-67.59,-4.6E-02));
#11804 = DIRECTION('',(-0.,-0.,-1.));
#11805 = DIRECTION('',(-0.,-1.,0.));
#11806 = ADVANCED_FACE('',(#11807),#11818,.F.);
#11807 = FACE_BOUND('',#11808,.T.);
#11808 = EDGE_LOOP('',(#11809,#11810,#11816,#11817));
#11809 = ORIENTED_EDGE('',*,*,#10874,.T.);
#11810 = ORIENTED_EDGE('',*,*,#11811,.T.);
#11811 = EDGE_CURVE('',#10875,#11266,#11812,.T.);
#11812 = LINE('',#11813,#11814);
#11813 = CARTESIAN_POINT('',(54.35,-67.94,-4.6E-02));
#11814 = VECTOR('',#11815,1.);
#11815 = DIRECTION('',(0.,0.,1.));
#11816 = ORIENTED_EDGE('',*,*,#11265,.F.);
#11817 = ORIENTED_EDGE('',*,*,#11811,.F.);
#11818 = CYLINDRICAL_SURFACE('',#11819,0.35);
#11819 = AXIS2_PLACEMENT_3D('',#11820,#11821,#11822);
#11820 = CARTESIAN_POINT('',(54.35,-67.59,-4.6E-02));
#11821 = DIRECTION('',(-0.,-0.,-1.));
#11822 = DIRECTION('',(-0.,-1.,0.));
#11823 = ADVANCED_FACE('',(#11824),#11835,.F.);
#11824 = FACE_BOUND('',#11825,.T.);
#11825 = EDGE_LOOP('',(#11826,#11827,#11833,#11834));
#11826 = ORIENTED_EDGE('',*,*,#10885,.T.);
#11827 = ORIENTED_EDGE('',*,*,#11828,.T.);
#11828 = EDGE_CURVE('',#10886,#11277,#11829,.T.);
#11829 = LINE('',#11830,#11831);
#11830 = CARTESIAN_POINT('',(53.08,-66.67,-4.6E-02));
#11831 = VECTOR('',#11832,1.);
#11832 = DIRECTION('',(0.,0.,1.));
#11833 = ORIENTED_EDGE('',*,*,#11276,.F.);
#11834 = ORIENTED_EDGE('',*,*,#11828,.F.);
#11835 = CYLINDRICAL_SURFACE('',#11836,0.35);
#11836 = AXIS2_PLACEMENT_3D('',#11837,#11838,#11839);
#11837 = CARTESIAN_POINT('',(53.08,-66.32,-4.6E-02));
#11838 = DIRECTION('',(-0.,-0.,-1.));
#11839 = DIRECTION('',(-0.,-1.,0.));
#11840 = ADVANCED_FACE('',(#11841),#11852,.F.);
#11841 = FACE_BOUND('',#11842,.T.);
#11842 = EDGE_LOOP('',(#11843,#11844,#11850,#11851));
#11843 = ORIENTED_EDGE('',*,*,#10896,.T.);
#11844 = ORIENTED_EDGE('',*,*,#11845,.T.);
#11845 = EDGE_CURVE('',#10897,#11288,#11846,.T.);
#11846 = LINE('',#11847,#11848);
#11847 = CARTESIAN_POINT('',(54.35,-66.67,-4.6E-02));
#11848 = VECTOR('',#11849,1.);
#11849 = DIRECTION('',(0.,0.,1.));
#11850 = ORIENTED_EDGE('',*,*,#11287,.F.);
#11851 = ORIENTED_EDGE('',*,*,#11845,.F.);
#11852 = CYLINDRICAL_SURFACE('',#11853,0.35);
#11853 = AXIS2_PLACEMENT_3D('',#11854,#11855,#11856);
#11854 = CARTESIAN_POINT('',(54.35,-66.32,-4.6E-02));
#11855 = DIRECTION('',(-0.,-0.,-1.));
#11856 = DIRECTION('',(-0.,-1.,0.));
#11857 = ADVANCED_FACE('',(#11858),#11869,.F.);
#11858 = FACE_BOUND('',#11859,.T.);
#11859 = EDGE_LOOP('',(#11860,#11861,#11867,#11868));
#11860 = ORIENTED_EDGE('',*,*,#10907,.T.);
#11861 = ORIENTED_EDGE('',*,*,#11862,.T.);
#11862 = EDGE_CURVE('',#10908,#11299,#11863,.T.);
#11863 = LINE('',#11864,#11865);
#11864 = CARTESIAN_POINT('',(65.349966,-67.5,-4.6E-02));
#11865 = VECTOR('',#11866,1.);
#11866 = DIRECTION('',(0.,0.,1.));
#11867 = ORIENTED_EDGE('',*,*,#11298,.F.);
#11868 = ORIENTED_EDGE('',*,*,#11862,.F.);
#11869 = CYLINDRICAL_SURFACE('',#11870,1.25);
#11870 = AXIS2_PLACEMENT_3D('',#11871,#11872,#11873);
#11871 = CARTESIAN_POINT('',(65.349966,-66.25,-4.6E-02));
#11872 = DIRECTION('',(-0.,-0.,-1.));
#11873 = DIRECTION('',(-0.,-1.,0.));
#11874 = ADVANCED_FACE('',(#11875),#11886,.F.);
#11875 = FACE_BOUND('',#11876,.T.);
#11876 = EDGE_LOOP('',(#11877,#11878,#11884,#11885));
#11877 = ORIENTED_EDGE('',*,*,#10918,.T.);
#11878 = ORIENTED_EDGE('',*,*,#11879,.T.);
#11879 = EDGE_CURVE('',#10919,#11310,#11880,.T.);
#11880 = LINE('',#11881,#11882);
#11881 = CARTESIAN_POINT('',(65.97,-61.41,-4.6E-02));
#11882 = VECTOR('',#11883,1.);
#11883 = DIRECTION('',(0.,0.,1.));
#11884 = ORIENTED_EDGE('',*,*,#11309,.F.);
#11885 = ORIENTED_EDGE('',*,*,#11879,.F.);
#11886 = CYLINDRICAL_SURFACE('',#11887,1.);
#11887 = AXIS2_PLACEMENT_3D('',#11888,#11889,#11890);
#11888 = CARTESIAN_POINT('',(65.97,-60.41,-4.6E-02));
#11889 = DIRECTION('',(-0.,-0.,-1.));
#11890 = DIRECTION('',(-0.,-1.,0.));
#11891 = ADVANCED_FACE('',(#11892),#11903,.F.);
#11892 = FACE_BOUND('',#11893,.T.);
#11893 = EDGE_LOOP('',(#11894,#11895,#11901,#11902));
#11894 = ORIENTED_EDGE('',*,*,#10929,.T.);
#11895 = ORIENTED_EDGE('',*,*,#11896,.T.);
#11896 = EDGE_CURVE('',#10930,#11321,#11897,.T.);
#11897 = LINE('',#11898,#11899);
#11898 = CARTESIAN_POINT('',(72.075,-61.71,-4.6E-02));
#11899 = VECTOR('',#11900,1.);
#11900 = DIRECTION('',(0.,0.,1.));
#11901 = ORIENTED_EDGE('',*,*,#11320,.F.);
#11902 = ORIENTED_EDGE('',*,*,#11896,.F.);
#11903 = CYLINDRICAL_SURFACE('',#11904,1.3);
#11904 = AXIS2_PLACEMENT_3D('',#11905,#11906,#11907);
#11905 = CARTESIAN_POINT('',(72.075,-60.41,-4.6E-02));
#11906 = DIRECTION('',(-0.,-0.,-1.));
#11907 = DIRECTION('',(-0.,-1.,0.));
#11908 = ADVANCED_FACE('',(#11909),#11920,.F.);
#11909 = FACE_BOUND('',#11910,.T.);
#11910 = EDGE_LOOP('',(#11911,#11912,#11918,#11919));
#11911 = ORIENTED_EDGE('',*,*,#10940,.T.);
#11912 = ORIENTED_EDGE('',*,*,#11913,.T.);
#11913 = EDGE_CURVE('',#10941,#11332,#11914,.T.);
#11914 = LINE('',#11915,#11916);
#11915 = CARTESIAN_POINT('',(65.97,-56.33,-4.6E-02));
#11916 = VECTOR('',#11917,1.);
#11917 = DIRECTION('',(0.,0.,1.));
#11918 = ORIENTED_EDGE('',*,*,#11331,.F.);
#11919 = ORIENTED_EDGE('',*,*,#11913,.F.);
#11920 = CYLINDRICAL_SURFACE('',#11921,1.);
#11921 = AXIS2_PLACEMENT_3D('',#11922,#11923,#11924);
#11922 = CARTESIAN_POINT('',(65.97,-55.33,-4.6E-02));
#11923 = DIRECTION('',(-0.,-0.,-1.));
#11924 = DIRECTION('',(-0.,-1.,0.));
#11925 = ADVANCED_FACE('',(#11926),#11937,.F.);
#11926 = FACE_BOUND('',#11927,.T.);
#11927 = EDGE_LOOP('',(#11928,#11929,#11935,#11936));
#11928 = ORIENTED_EDGE('',*,*,#10951,.T.);
#11929 = ORIENTED_EDGE('',*,*,#11930,.T.);
#11930 = EDGE_CURVE('',#10952,#11343,#11931,.T.);
#11931 = LINE('',#11932,#11933);
#11932 = CARTESIAN_POINT('',(26.95,-49.479999,-4.6E-02));
#11933 = VECTOR('',#11934,1.);
#11934 = DIRECTION('',(0.,0.,1.));
#11935 = ORIENTED_EDGE('',*,*,#11342,.F.);
#11936 = ORIENTED_EDGE('',*,*,#11930,.F.);
#11937 = CYLINDRICAL_SURFACE('',#11938,0.5);
#11938 = AXIS2_PLACEMENT_3D('',#11939,#11940,#11941);
#11939 = CARTESIAN_POINT('',(26.95,-48.979999,-4.6E-02));
#11940 = DIRECTION('',(-0.,-0.,-1.));
#11941 = DIRECTION('',(-0.,-1.,0.));
#11942 = ADVANCED_FACE('',(#11943),#11954,.F.);
#11943 = FACE_BOUND('',#11944,.T.);
#11944 = EDGE_LOOP('',(#11945,#11946,#11952,#11953));
#11945 = ORIENTED_EDGE('',*,*,#10962,.T.);
#11946 = ORIENTED_EDGE('',*,*,#11947,.T.);
#11947 = EDGE_CURVE('',#10963,#11354,#11948,.T.);
#11948 = LINE('',#11949,#11950);
#11949 = CARTESIAN_POINT('',(26.95,-46.939999,-4.6E-02));
#11950 = VECTOR('',#11951,1.);
#11951 = DIRECTION('',(0.,0.,1.));
#11952 = ORIENTED_EDGE('',*,*,#11353,.F.);
#11953 = ORIENTED_EDGE('',*,*,#11947,.F.);
#11954 = CYLINDRICAL_SURFACE('',#11955,0.5);
#11955 = AXIS2_PLACEMENT_3D('',#11956,#11957,#11958);
#11956 = CARTESIAN_POINT('',(26.95,-46.439999,-4.6E-02));
#11957 = DIRECTION('',(-0.,-0.,-1.));
#11958 = DIRECTION('',(-0.,-1.,0.));
#11959 = ADVANCED_FACE('',(#11960),#11971,.F.);
#11960 = FACE_BOUND('',#11961,.T.);
#11961 = EDGE_LOOP('',(#11962,#11963,#11969,#11970));
#11962 = ORIENTED_EDGE('',*,*,#10973,.T.);
#11963 = ORIENTED_EDGE('',*,*,#11964,.T.);
#11964 = EDGE_CURVE('',#10974,#11365,#11965,.T.);
#11965 = LINE('',#11966,#11967);
#11966 = CARTESIAN_POINT('',(26.95,-44.399999,-4.6E-02));
#11967 = VECTOR('',#11968,1.);
#11968 = DIRECTION('',(0.,0.,1.));
#11969 = ORIENTED_EDGE('',*,*,#11364,.F.);
#11970 = ORIENTED_EDGE('',*,*,#11964,.F.);
#11971 = CYLINDRICAL_SURFACE('',#11972,0.5);
#11972 = AXIS2_PLACEMENT_3D('',#11973,#11974,#11975);
#11973 = CARTESIAN_POINT('',(26.95,-43.899999,-4.6E-02));
#11974 = DIRECTION('',(-0.,-0.,-1.));
#11975 = DIRECTION('',(-0.,-1.,0.));
#11976 = ADVANCED_FACE('',(#11977),#11988,.F.);
#11977 = FACE_BOUND('',#11978,.T.);
#11978 = EDGE_LOOP('',(#11979,#11980,#11986,#11987));
#11979 = ORIENTED_EDGE('',*,*,#10984,.T.);
#11980 = ORIENTED_EDGE('',*,*,#11981,.T.);
#11981 = EDGE_CURVE('',#10985,#11376,#11982,.T.);
#11982 = LINE('',#11983,#11984);
#11983 = CARTESIAN_POINT('',(33.35,-35.5,-4.6E-02));
#11984 = VECTOR('',#11985,1.);
#11985 = DIRECTION('',(0.,0.,1.));
#11986 = ORIENTED_EDGE('',*,*,#11375,.F.);
#11987 = ORIENTED_EDGE('',*,*,#11981,.F.);
#11988 = CYLINDRICAL_SURFACE('',#11989,1.25);
#11989 = AXIS2_PLACEMENT_3D('',#11990,#11991,#11992);
#11990 = CARTESIAN_POINT('',(33.35,-34.25,-4.6E-02));
#11991 = DIRECTION('',(-0.,-0.,-1.));
#11992 = DIRECTION('',(-0.,-1.,0.));
#11993 = ADVANCED_FACE('',(#11994),#12005,.F.);
#11994 = FACE_BOUND('',#11995,.T.);
#11995 = EDGE_LOOP('',(#11996,#11997,#12003,#12004));
#11996 = ORIENTED_EDGE('',*,*,#10995,.T.);
#11997 = ORIENTED_EDGE('',*,*,#11998,.T.);
#11998 = EDGE_CURVE('',#10996,#11387,#11999,.T.);
#11999 = LINE('',#12000,#12001);
#12000 = CARTESIAN_POINT('',(65.97,-51.25,-4.6E-02));
#12001 = VECTOR('',#12002,1.);
#12002 = DIRECTION('',(0.,0.,1.));
#12003 = ORIENTED_EDGE('',*,*,#11386,.F.);
#12004 = ORIENTED_EDGE('',*,*,#11998,.F.);
#12005 = CYLINDRICAL_SURFACE('',#12006,1.);
#12006 = AXIS2_PLACEMENT_3D('',#12007,#12008,#12009);
#12007 = CARTESIAN_POINT('',(65.97,-50.25,-4.6E-02));
#12008 = DIRECTION('',(-0.,-0.,-1.));
#12009 = DIRECTION('',(-0.,-1.,0.));
#12010 = ADVANCED_FACE('',(#12011),#12022,.F.);
#12011 = FACE_BOUND('',#12012,.T.);
#12012 = EDGE_LOOP('',(#12013,#12014,#12020,#12021));
#12013 = ORIENTED_EDGE('',*,*,#11006,.T.);
#12014 = ORIENTED_EDGE('',*,*,#12015,.T.);
#12015 = EDGE_CURVE('',#11007,#11398,#12016,.T.);
#12016 = LINE('',#12017,#12018);
#12017 = CARTESIAN_POINT('',(72.075,-51.55,-4.6E-02));
#12018 = VECTOR('',#12019,1.);
#12019 = DIRECTION('',(0.,0.,1.));
#12020 = ORIENTED_EDGE('',*,*,#11397,.F.);
#12021 = ORIENTED_EDGE('',*,*,#12015,.F.);
#12022 = CYLINDRICAL_SURFACE('',#12023,1.3);
#12023 = AXIS2_PLACEMENT_3D('',#12024,#12025,#12026);
#12024 = CARTESIAN_POINT('',(72.075,-50.25,-4.6E-02));
#12025 = DIRECTION('',(-0.,-0.,-1.));
#12026 = DIRECTION('',(-0.,-1.,0.));
#12027 = ADVANCED_FACE('',(#12028),#12039,.F.);
#12028 = FACE_BOUND('',#12029,.T.);
#12029 = EDGE_LOOP('',(#12030,#12031,#12037,#12038));
#12030 = ORIENTED_EDGE('',*,*,#11017,.T.);
#12031 = ORIENTED_EDGE('',*,*,#12032,.T.);
#12032 = EDGE_CURVE('',#11018,#11409,#12033,.T.);
#12033 = LINE('',#12034,#12035);
#12034 = CARTESIAN_POINT('',(65.97,-46.17,-4.6E-02));
#12035 = VECTOR('',#12036,1.);
#12036 = DIRECTION('',(0.,0.,1.));
#12037 = ORIENTED_EDGE('',*,*,#11408,.F.);
#12038 = ORIENTED_EDGE('',*,*,#12032,.F.);
#12039 = CYLINDRICAL_SURFACE('',#12040,1.);
#12040 = AXIS2_PLACEMENT_3D('',#12041,#12042,#12043);
#12041 = CARTESIAN_POINT('',(65.97,-45.17,-4.6E-02));
#12042 = DIRECTION('',(-0.,-0.,-1.));
#12043 = DIRECTION('',(-0.,-1.,0.));
#12044 = ADVANCED_FACE('',(#12045),#12056,.F.);
#12045 = FACE_BOUND('',#12046,.T.);
#12046 = EDGE_LOOP('',(#12047,#12048,#12054,#12055));
#12047 = ORIENTED_EDGE('',*,*,#11028,.T.);
#12048 = ORIENTED_EDGE('',*,*,#12049,.T.);
#12049 = EDGE_CURVE('',#11029,#11420,#12050,.T.);
#12050 = LINE('',#12051,#12052);
#12051 = CARTESIAN_POINT('',(65.97,-41.09,-4.6E-02));
#12052 = VECTOR('',#12053,1.);
#12053 = DIRECTION('',(0.,0.,1.));
#12054 = ORIENTED_EDGE('',*,*,#11419,.F.);
#12055 = ORIENTED_EDGE('',*,*,#12049,.F.);
#12056 = CYLINDRICAL_SURFACE('',#12057,1.);
#12057 = AXIS2_PLACEMENT_3D('',#12058,#12059,#12060);
#12058 = CARTESIAN_POINT('',(65.97,-40.09,-4.6E-02));
#12059 = DIRECTION('',(-0.,-0.,-1.));
#12060 = DIRECTION('',(-0.,-1.,0.));
#12061 = ADVANCED_FACE('',(#12062),#12073,.F.);
#12062 = FACE_BOUND('',#12063,.T.);
#12063 = EDGE_LOOP('',(#12064,#12065,#12071,#12072));
#12064 = ORIENTED_EDGE('',*,*,#11039,.T.);
#12065 = ORIENTED_EDGE('',*,*,#12066,.T.);
#12066 = EDGE_CURVE('',#11040,#11431,#12067,.T.);
#12067 = LINE('',#12068,#12069);
#12068 = CARTESIAN_POINT('',(72.075,-41.85,-4.6E-02));
#12069 = VECTOR('',#12070,1.);
#12070 = DIRECTION('',(0.,0.,1.));
#12071 = ORIENTED_EDGE('',*,*,#11430,.F.);
#12072 = ORIENTED_EDGE('',*,*,#12066,.F.);
#12073 = CYLINDRICAL_SURFACE('',#12074,1.3);
#12074 = AXIS2_PLACEMENT_3D('',#12075,#12076,#12077);
#12075 = CARTESIAN_POINT('',(72.075,-40.55,-4.6E-02));
#12076 = DIRECTION('',(-0.,-0.,-1.));
#12077 = DIRECTION('',(-0.,-1.,0.));
#12078 = ADVANCED_FACE('',(#12079),#12090,.F.);
#12079 = FACE_BOUND('',#12080,.T.);
#12080 = EDGE_LOOP('',(#12081,#12082,#12088,#12089));
#12081 = ORIENTED_EDGE('',*,*,#11050,.T.);
#12082 = ORIENTED_EDGE('',*,*,#12083,.T.);
#12083 = EDGE_CURVE('',#11051,#11442,#12084,.T.);
#12084 = LINE('',#12085,#12086);
#12085 = CARTESIAN_POINT('',(65.35,-35.5,-4.6E-02));
#12086 = VECTOR('',#12087,1.);
#12087 = DIRECTION('',(0.,0.,1.));
#12088 = ORIENTED_EDGE('',*,*,#11441,.F.);
#12089 = ORIENTED_EDGE('',*,*,#12083,.F.);
#12090 = CYLINDRICAL_SURFACE('',#12091,1.25);
#12091 = AXIS2_PLACEMENT_3D('',#12092,#12093,#12094);
#12092 = CARTESIAN_POINT('',(65.35,-34.25,-4.6E-02));
#12093 = DIRECTION('',(-0.,-0.,-1.));
#12094 = DIRECTION('',(-0.,-1.,0.));
#12095 = ( GEOMETRIC_REPRESENTATION_CONTEXT(3) 
GLOBAL_UNCERTAINTY_ASSIGNED_CONTEXT((#12099)) 
GLOBAL_UNIT_ASSIGNED_CONTEXT((#12096,#12097,#12098)) 
REPRESENTATION_CONTEXT('Context #1',
  '3D Context with UNIT and UNCERTAINTY') );
#12096 = ( LENGTH_UNIT() NAMED_UNIT(*) SI_UNIT(.MILLI.,.METRE.) );
#12097 = ( NAMED_UNIT(*) PLANE_ANGLE_UNIT() SI_UNIT($,.RADIAN.) );
#12098 = ( NAMED_UNIT(*) SI_UNIT($,.STERADIAN.) SOLID_ANGLE_UNIT() );
#12099 = UNCERTAINTY_MEASURE_WITH_UNIT(LENGTH_MEASURE(1.E-07),#12096,
  'distance_accuracy_value','confusion accuracy');
#12100 = CONTEXT_DEPENDENT_SHAPE_REPRESENTATION(#12101,#12103);
#12101 = ( REPRESENTATION_RELATIONSHIP('','',#10565,#10) 
REPRESENTATION_RELATIONSHIP_WITH_TRANSFORMATION(#12102) 
SHAPE_REPRESENTATION_RELATIONSHIP() );
#12102 = ITEM_DEFINED_TRANSFORMATION('','',#11,#55);
#12103 = PRODUCT_DEFINITION_SHAPE('Placement','Placement of an item',
  #12104);
#12104 = NEXT_ASSEMBLY_USAGE_OCCURRENCE('11','=>[0:1:1:5]','',#5,#10560,
  $);
#12105 = PRODUCT_RELATED_PRODUCT_CATEGORY('part',$,(#10562));
#12106 = MECHANICAL_DESIGN_GEOMETRIC_PRESENTATION_REPRESENTATION('',(
    #12107),#530);
#12107 = STYLED_ITEM('color',(#12108),#73);
#12108 = PRESENTATION_STYLE_ASSIGNMENT((#12109,#12115));
#12109 = SURFACE_STYLE_USAGE(.BOTH.,#12110);
#12110 = SURFACE_SIDE_STYLE('',(#12111));
#12111 = SURFACE_STYLE_FILL_AREA(#12112);
#12112 = FILL_AREA_STYLE('',(#12113));
#12113 = FILL_AREA_STYLE_COLOUR('',#12114);
#12114 = COLOUR_RGB('',0.823999987314,0.819999987296,0.781000009244);
#12115 = CURVE_STYLE('',#12116,POSITIVE_LENGTH_MEASURE(0.1),#12114);
#12116 = DRAUGHTING_PRE_DEFINED_CURVE_FONT('continuous');
#12117 = MECHANICAL_DESIGN_GEOMETRIC_PRESENTATION_REPRESENTATION('',(
    #12118,#12128,#12137,#12146,#12155,#12164,#12173,#12182,#12191,
    #12201,#12210,#12219,#12228,#12237,#12246,#12255,#12264,#12273,
    #12282,#12291,#12300,#12309,#12318,#12327,#12336,#12345,#12354,
    #12363,#12372,#12381,#12390,#12399,#12408,#12417,#12426,#12435,
    #12444,#12453,#12462,#12471,#12480,#12489,#12498,#12507,#12516,
    #12525,#12534,#12543,#12552,#12561,#12570,#12579,#12588,#12597,
    #12606,#12615,#12624,#12633,#12642,#12651,#12660,#12669,#12678,
    #12687,#12696,#12705,#12714,#12723,#12732,#12741,#12750,#12759,
    #12768,#12777,#12786,#12795,#12804,#12813,#12822,#12831,#12840,
    #12849,#12858,#12867,#12876,#12885,#12894,#12903,#12912,#12921,
    #12930,#12939,#12948,#12957,#12966,#12975,#12984,#12993,#13002,
    #13011,#13020,#13029,#13038,#13047,#13056,#13065,#13074,#13083,
    #13092,#13101,#13110,#13119,#13128,#13137,#13146,#13155,#13164,
    #13173,#13182,#13191,#13200,#13209,#13218,#13227,#13236,#13245,
    #13254,#13263,#13272,#13281,#13290,#13299,#13308,#13317,#13326,
    #13335,#13344,#13353,#13362,#13371,#13380,#13389,#13398,#13407,
    #13416,#13425,#13434,#13443,#13452,#13461,#13470,#13479,#13488,
    #13497,#13506,#13515,#13524,#13533,#13542,#13551,#13560,#13569,
    #13578,#13587,#13596,#13605,#13614,#13623,#13632,#13641,#13650,
    #13659,#13668,#13677,#13686,#13695,#13704,#13713,#13722,#13731,
    #13740,#13749,#13758,#13767,#13776,#13785,#13794,#13803,#13812,
    #13821,#13830,#13839,#13848,#13857,#13866,#13875,#13884,#13893,
    #13902,#13911,#13920,#13929,#13938,#13947,#13956,#13965,#13974,
    #13983,#13992,#14001,#14010,#14019,#14028,#14037,#14046,#14055,
    #14064,#14073,#14082,#14091,#14100,#14109,#14118,#14127,#14136,
    #14145,#14154,#14163,#14172,#14181,#14190,#14199,#14208,#14217,
    #14226,#14235,#14244,#14253,#14262,#14271,#14280,#14289,#14298,
    #14307,#14316,#14325,#14334,#14343,#14352,#14361,#14370,#14379,
    #14388,#14397,#14406,#14415,#14424,#14433,#14442,#14451,#14460,
    #14469,#14478,#14487,#14496,#14505,#14514,#14523,#14532,#14541,
    #14550,#14559,#14568,#14577,#14586,#14595,#14604,#14613,#14622,
    #14631,#14640,#14649),#7059);
#12118 = STYLED_ITEM('color',(#12119),#571);
#12119 = PRESENTATION_STYLE_ASSIGNMENT((#12120,#12126));
#12120 = SURFACE_STYLE_USAGE(.BOTH.,#12121);
#12121 = SURFACE_SIDE_STYLE('',(#12122));
#12122 = SURFACE_STYLE_FILL_AREA(#12123);
#12123 = FILL_AREA_STYLE('',(#12124));
#12124 = FILL_AREA_STYLE_COLOUR('',#12125);
#12125 = COLOUR_RGB('',0.147999998088,0.145000001626,0.145000001626);
#12126 = CURVE_STYLE('',#12127,POSITIVE_LENGTH_MEASURE(0.1),#12125);
#12127 = DRAUGHTING_PRE_DEFINED_CURVE_FONT('continuous');
#12128 = STYLED_ITEM('color',(#12129),#611);
#12129 = PRESENTATION_STYLE_ASSIGNMENT((#12130,#12135));
#12130 = SURFACE_STYLE_USAGE(.BOTH.,#12131);
#12131 = SURFACE_SIDE_STYLE('',(#12132));
#12132 = SURFACE_STYLE_FILL_AREA(#12133);
#12133 = FILL_AREA_STYLE('',(#12134));
#12134 = FILL_AREA_STYLE_COLOUR('',#12125);
#12135 = CURVE_STYLE('',#12136,POSITIVE_LENGTH_MEASURE(0.1),#12125);
#12136 = DRAUGHTING_PRE_DEFINED_CURVE_FONT('continuous');
#12137 = STYLED_ITEM('color',(#12138),#674);
#12138 = PRESENTATION_STYLE_ASSIGNMENT((#12139,#12144));
#12139 = SURFACE_STYLE_USAGE(.BOTH.,#12140);
#12140 = SURFACE_SIDE_STYLE('',(#12141));
#12141 = SURFACE_STYLE_FILL_AREA(#12142);
#12142 = FILL_AREA_STYLE('',(#12143));
#12143 = FILL_AREA_STYLE_COLOUR('',#12125);
#12144 = CURVE_STYLE('',#12145,POSITIVE_LENGTH_MEASURE(0.1),#12125);
#12145 = DRAUGHTING_PRE_DEFINED_CURVE_FONT('continuous');
#12146 = STYLED_ITEM('color',(#12147),#737);
#12147 = PRESENTATION_STYLE_ASSIGNMENT((#12148,#12153));
#12148 = SURFACE_STYLE_USAGE(.BOTH.,#12149);
#12149 = SURFACE_SIDE_STYLE('',(#12150));
#12150 = SURFACE_STYLE_FILL_AREA(#12151);
#12151 = FILL_AREA_STYLE('',(#12152));
#12152 = FILL_AREA_STYLE_COLOUR('',#12125);
#12153 = CURVE_STYLE('',#12154,POSITIVE_LENGTH_MEASURE(0.1),#12125);
#12154 = DRAUGHTING_PRE_DEFINED_CURVE_FONT('continuous');
#12155 = STYLED_ITEM('color',(#12156),#754);
#12156 = PRESENTATION_STYLE_ASSIGNMENT((#12157,#12162));
#12157 = SURFACE_STYLE_USAGE(.BOTH.,#12158);
#12158 = SURFACE_SIDE_STYLE('',(#12159));
#12159 = SURFACE_STYLE_FILL_AREA(#12160);
#12160 = FILL_AREA_STYLE('',(#12161));
#12161 = FILL_AREA_STYLE_COLOUR('',#12125);
#12162 = CURVE_STYLE('',#12163,POSITIVE_LENGTH_MEASURE(0.1),#12125);
#12163 = DRAUGHTING_PRE_DEFINED_CURVE_FONT('continuous');
#12164 = STYLED_ITEM('color',(#12165),#1043);
#12165 = PRESENTATION_STYLE_ASSIGNMENT((#12166,#12171));
#12166 = SURFACE_STYLE_USAGE(.BOTH.,#12167);
#12167 = SURFACE_SIDE_STYLE('',(#12168));
#12168 = SURFACE_STYLE_FILL_AREA(#12169);
#12169 = FILL_AREA_STYLE('',(#12170));
#12170 = FILL_AREA_STYLE_COLOUR('',#12125);
#12171 = CURVE_STYLE('',#12172,POSITIVE_LENGTH_MEASURE(0.1),#12125);
#12172 = DRAUGHTING_PRE_DEFINED_CURVE_FONT('continuous');
#12173 = STYLED_ITEM('color',(#12174),#1065);
#12174 = PRESENTATION_STYLE_ASSIGNMENT((#12175,#12180));
#12175 = SURFACE_STYLE_USAGE(.BOTH.,#12176);
#12176 = SURFACE_SIDE_STYLE('',(#12177));
#12177 = SURFACE_STYLE_FILL_AREA(#12178);
#12178 = FILL_AREA_STYLE('',(#12179));
#12179 = FILL_AREA_STYLE_COLOUR('',#12125);
#12180 = CURVE_STYLE('',#12181,POSITIVE_LENGTH_MEASURE(0.1),#12125);
#12181 = DRAUGHTING_PRE_DEFINED_CURVE_FONT('continuous');
#12182 = STYLED_ITEM('color',(#12183),#1082);
#12183 = PRESENTATION_STYLE_ASSIGNMENT((#12184,#12189));
#12184 = SURFACE_STYLE_USAGE(.BOTH.,#12185);
#12185 = SURFACE_SIDE_STYLE('',(#12186));
#12186 = SURFACE_STYLE_FILL_AREA(#12187);
#12187 = FILL_AREA_STYLE('',(#12188));
#12188 = FILL_AREA_STYLE_COLOUR('',#12125);
#12189 = CURVE_STYLE('',#12190,POSITIVE_LENGTH_MEASURE(0.1),#12125);
#12190 = DRAUGHTING_PRE_DEFINED_CURVE_FONT('continuous');
#12191 = OVER_RIDING_STYLED_ITEM('overriding color',(#12192),#1115,
  #12182);
#12192 = PRESENTATION_STYLE_ASSIGNMENT((#12193,#12199));
#12193 = SURFACE_STYLE_USAGE(.BOTH.,#12194);
#12194 = SURFACE_SIDE_STYLE('',(#12195));
#12195 = SURFACE_STYLE_FILL_AREA(#12196);
#12196 = FILL_AREA_STYLE('',(#12197));
#12197 = FILL_AREA_STYLE_COLOUR('',#12198);
#12198 = COLOUR_RGB('',0.858999988747,0.738000004258,0.496000005009);
#12199 = CURVE_STYLE('',#12200,POSITIVE_LENGTH_MEASURE(0.1),#12198);
#12200 = DRAUGHTING_PRE_DEFINED_CURVE_FONT('continuous');
#12201 = OVER_RIDING_STYLED_ITEM('overriding color',(#12202),#1147,
  #12182);
#12202 = PRESENTATION_STYLE_ASSIGNMENT((#12203,#12208));
#12203 = SURFACE_STYLE_USAGE(.BOTH.,#12204);
#12204 = SURFACE_SIDE_STYLE('',(#12205));
#12205 = SURFACE_STYLE_FILL_AREA(#12206);
#12206 = FILL_AREA_STYLE('',(#12207));
#12207 = FILL_AREA_STYLE_COLOUR('',#12198);
#12208 = CURVE_STYLE('',#12209,POSITIVE_LENGTH_MEASURE(0.1),#12198);
#12209 = DRAUGHTING_PRE_DEFINED_CURVE_FONT('continuous');
#12210 = OVER_RIDING_STYLED_ITEM('overriding color',(#12211),#1181,
  #12182);
#12211 = PRESENTATION_STYLE_ASSIGNMENT((#12212,#12217));
#12212 = SURFACE_STYLE_USAGE(.BOTH.,#12213);
#12213 = SURFACE_SIDE_STYLE('',(#12214));
#12214 = SURFACE_STYLE_FILL_AREA(#12215);
#12215 = FILL_AREA_STYLE('',(#12216));
#12216 = FILL_AREA_STYLE_COLOUR('',#12198);
#12217 = CURVE_STYLE('',#12218,POSITIVE_LENGTH_MEASURE(0.1),#12198);
#12218 = DRAUGHTING_PRE_DEFINED_CURVE_FONT('continuous');
#12219 = OVER_RIDING_STYLED_ITEM('overriding color',(#12220),#1213,
  #12182);
#12220 = PRESENTATION_STYLE_ASSIGNMENT((#12221,#12226));
#12221 = SURFACE_STYLE_USAGE(.BOTH.,#12222);
#12222 = SURFACE_SIDE_STYLE('',(#12223));
#12223 = SURFACE_STYLE_FILL_AREA(#12224);
#12224 = FILL_AREA_STYLE('',(#12225));
#12225 = FILL_AREA_STYLE_COLOUR('',#12198);
#12226 = CURVE_STYLE('',#12227,POSITIVE_LENGTH_MEASURE(0.1),#12198);
#12227 = DRAUGHTING_PRE_DEFINED_CURVE_FONT('continuous');
#12228 = OVER_RIDING_STYLED_ITEM('overriding color',(#12229),#1247,
  #12182);
#12229 = PRESENTATION_STYLE_ASSIGNMENT((#12230,#12235));
#12230 = SURFACE_STYLE_USAGE(.BOTH.,#12231);
#12231 = SURFACE_SIDE_STYLE('',(#12232));
#12232 = SURFACE_STYLE_FILL_AREA(#12233);
#12233 = FILL_AREA_STYLE('',(#12234));
#12234 = FILL_AREA_STYLE_COLOUR('',#12198);
#12235 = CURVE_STYLE('',#12236,POSITIVE_LENGTH_MEASURE(0.1),#12198);
#12236 = DRAUGHTING_PRE_DEFINED_CURVE_FONT('continuous');
#12237 = OVER_RIDING_STYLED_ITEM('overriding color',(#12238),#1279,
  #12182);
#12238 = PRESENTATION_STYLE_ASSIGNMENT((#12239,#12244));
#12239 = SURFACE_STYLE_USAGE(.BOTH.,#12240);
#12240 = SURFACE_SIDE_STYLE('',(#12241));
#12241 = SURFACE_STYLE_FILL_AREA(#12242);
#12242 = FILL_AREA_STYLE('',(#12243));
#12243 = FILL_AREA_STYLE_COLOUR('',#12198);
#12244 = CURVE_STYLE('',#12245,POSITIVE_LENGTH_MEASURE(0.1),#12198);
#12245 = DRAUGHTING_PRE_DEFINED_CURVE_FONT('continuous');
#12246 = OVER_RIDING_STYLED_ITEM('overriding color',(#12247),#1313,
  #12182);
#12247 = PRESENTATION_STYLE_ASSIGNMENT((#12248,#12253));
#12248 = SURFACE_STYLE_USAGE(.BOTH.,#12249);
#12249 = SURFACE_SIDE_STYLE('',(#12250));
#12250 = SURFACE_STYLE_FILL_AREA(#12251);
#12251 = FILL_AREA_STYLE('',(#12252));
#12252 = FILL_AREA_STYLE_COLOUR('',#12198);
#12253 = CURVE_STYLE('',#12254,POSITIVE_LENGTH_MEASURE(0.1),#12198);
#12254 = DRAUGHTING_PRE_DEFINED_CURVE_FONT('continuous');
#12255 = OVER_RIDING_STYLED_ITEM('overriding color',(#12256),#1345,
  #12182);
#12256 = PRESENTATION_STYLE_ASSIGNMENT((#12257,#12262));
#12257 = SURFACE_STYLE_USAGE(.BOTH.,#12258);
#12258 = SURFACE_SIDE_STYLE('',(#12259));
#12259 = SURFACE_STYLE_FILL_AREA(#12260);
#12260 = FILL_AREA_STYLE('',(#12261));
#12261 = FILL_AREA_STYLE_COLOUR('',#12198);
#12262 = CURVE_STYLE('',#12263,POSITIVE_LENGTH_MEASURE(0.1),#12198);
#12263 = DRAUGHTING_PRE_DEFINED_CURVE_FONT('continuous');
#12264 = OVER_RIDING_STYLED_ITEM('overriding color',(#12265),#1379,
  #12182);
#12265 = PRESENTATION_STYLE_ASSIGNMENT((#12266,#12271));
#12266 = SURFACE_STYLE_USAGE(.BOTH.,#12267);
#12267 = SURFACE_SIDE_STYLE('',(#12268));
#12268 = SURFACE_STYLE_FILL_AREA(#12269);
#12269 = FILL_AREA_STYLE('',(#12270));
#12270 = FILL_AREA_STYLE_COLOUR('',#12198);
#12271 = CURVE_STYLE('',#12272,POSITIVE_LENGTH_MEASURE(0.1),#12198);
#12272 = DRAUGHTING_PRE_DEFINED_CURVE_FONT('continuous');
#12273 = OVER_RIDING_STYLED_ITEM('overriding color',(#12274),#1411,
  #12182);
#12274 = PRESENTATION_STYLE_ASSIGNMENT((#12275,#12280));
#12275 = SURFACE_STYLE_USAGE(.BOTH.,#12276);
#12276 = SURFACE_SIDE_STYLE('',(#12277));
#12277 = SURFACE_STYLE_FILL_AREA(#12278);
#12278 = FILL_AREA_STYLE('',(#12279));
#12279 = FILL_AREA_STYLE_COLOUR('',#12198);
#12280 = CURVE_STYLE('',#12281,POSITIVE_LENGTH_MEASURE(0.1),#12198);
#12281 = DRAUGHTING_PRE_DEFINED_CURVE_FONT('continuous');
#12282 = OVER_RIDING_STYLED_ITEM('overriding color',(#12283),#1445,
  #12182);
#12283 = PRESENTATION_STYLE_ASSIGNMENT((#12284,#12289));
#12284 = SURFACE_STYLE_USAGE(.BOTH.,#12285);
#12285 = SURFACE_SIDE_STYLE('',(#12286));
#12286 = SURFACE_STYLE_FILL_AREA(#12287);
#12287 = FILL_AREA_STYLE('',(#12288));
#12288 = FILL_AREA_STYLE_COLOUR('',#12198);
#12289 = CURVE_STYLE('',#12290,POSITIVE_LENGTH_MEASURE(0.1),#12198);
#12290 = DRAUGHTING_PRE_DEFINED_CURVE_FONT('continuous');
#12291 = OVER_RIDING_STYLED_ITEM('overriding color',(#12292),#1477,
  #12182);
#12292 = PRESENTATION_STYLE_ASSIGNMENT((#12293,#12298));
#12293 = SURFACE_STYLE_USAGE(.BOTH.,#12294);
#12294 = SURFACE_SIDE_STYLE('',(#12295));
#12295 = SURFACE_STYLE_FILL_AREA(#12296);
#12296 = FILL_AREA_STYLE('',(#12297));
#12297 = FILL_AREA_STYLE_COLOUR('',#12198);
#12298 = CURVE_STYLE('',#12299,POSITIVE_LENGTH_MEASURE(0.1),#12198);
#12299 = DRAUGHTING_PRE_DEFINED_CURVE_FONT('continuous');
#12300 = OVER_RIDING_STYLED_ITEM('overriding color',(#12301),#1511,
  #12182);
#12301 = PRESENTATION_STYLE_ASSIGNMENT((#12302,#12307));
#12302 = SURFACE_STYLE_USAGE(.BOTH.,#12303);
#12303 = SURFACE_SIDE_STYLE('',(#12304));
#12304 = SURFACE_STYLE_FILL_AREA(#12305);
#12305 = FILL_AREA_STYLE('',(#12306));
#12306 = FILL_AREA_STYLE_COLOUR('',#12198);
#12307 = CURVE_STYLE('',#12308,POSITIVE_LENGTH_MEASURE(0.1),#12198);
#12308 = DRAUGHTING_PRE_DEFINED_CURVE_FONT('continuous');
#12309 = OVER_RIDING_STYLED_ITEM('overriding color',(#12310),#1543,
  #12182);
#12310 = PRESENTATION_STYLE_ASSIGNMENT((#12311,#12316));
#12311 = SURFACE_STYLE_USAGE(.BOTH.,#12312);
#12312 = SURFACE_SIDE_STYLE('',(#12313));
#12313 = SURFACE_STYLE_FILL_AREA(#12314);
#12314 = FILL_AREA_STYLE('',(#12315));
#12315 = FILL_AREA_STYLE_COLOUR('',#12198);
#12316 = CURVE_STYLE('',#12317,POSITIVE_LENGTH_MEASURE(0.1),#12198);
#12317 = DRAUGHTING_PRE_DEFINED_CURVE_FONT('continuous');
#12318 = OVER_RIDING_STYLED_ITEM('overriding color',(#12319),#1577,
  #12182);
#12319 = PRESENTATION_STYLE_ASSIGNMENT((#12320,#12325));
#12320 = SURFACE_STYLE_USAGE(.BOTH.,#12321);
#12321 = SURFACE_SIDE_STYLE('',(#12322));
#12322 = SURFACE_STYLE_FILL_AREA(#12323);
#12323 = FILL_AREA_STYLE('',(#12324));
#12324 = FILL_AREA_STYLE_COLOUR('',#12198);
#12325 = CURVE_STYLE('',#12326,POSITIVE_LENGTH_MEASURE(0.1),#12198);
#12326 = DRAUGHTING_PRE_DEFINED_CURVE_FONT('continuous');
#12327 = OVER_RIDING_STYLED_ITEM('overriding color',(#12328),#1609,
  #12182);
#12328 = PRESENTATION_STYLE_ASSIGNMENT((#12329,#12334));
#12329 = SURFACE_STYLE_USAGE(.BOTH.,#12330);
#12330 = SURFACE_SIDE_STYLE('',(#12331));
#12331 = SURFACE_STYLE_FILL_AREA(#12332);
#12332 = FILL_AREA_STYLE('',(#12333));
#12333 = FILL_AREA_STYLE_COLOUR('',#12198);
#12334 = CURVE_STYLE('',#12335,POSITIVE_LENGTH_MEASURE(0.1),#12198);
#12335 = DRAUGHTING_PRE_DEFINED_CURVE_FONT('continuous');
#12336 = STYLED_ITEM('color',(#12337),#1627);
#12337 = PRESENTATION_STYLE_ASSIGNMENT((#12338,#12343));
#12338 = SURFACE_STYLE_USAGE(.BOTH.,#12339);
#12339 = SURFACE_SIDE_STYLE('',(#12340));
#12340 = SURFACE_STYLE_FILL_AREA(#12341);
#12341 = FILL_AREA_STYLE('',(#12342));
#12342 = FILL_AREA_STYLE_COLOUR('',#12125);
#12343 = CURVE_STYLE('',#12344,POSITIVE_LENGTH_MEASURE(0.1),#12125);
#12344 = DRAUGHTING_PRE_DEFINED_CURVE_FONT('continuous');
#12345 = STYLED_ITEM('color',(#12346),#1639);
#12346 = PRESENTATION_STYLE_ASSIGNMENT((#12347,#12352));
#12347 = SURFACE_STYLE_USAGE(.BOTH.,#12348);
#12348 = SURFACE_SIDE_STYLE('',(#12349));
#12349 = SURFACE_STYLE_FILL_AREA(#12350);
#12350 = FILL_AREA_STYLE('',(#12351));
#12351 = FILL_AREA_STYLE_COLOUR('',#12125);
#12352 = CURVE_STYLE('',#12353,POSITIVE_LENGTH_MEASURE(0.1),#12125);
#12353 = DRAUGHTING_PRE_DEFINED_CURVE_FONT('continuous');
#12354 = STYLED_ITEM('color',(#12355),#1651);
#12355 = PRESENTATION_STYLE_ASSIGNMENT((#12356,#12361));
#12356 = SURFACE_STYLE_USAGE(.BOTH.,#12357);
#12357 = SURFACE_SIDE_STYLE('',(#12358));
#12358 = SURFACE_STYLE_FILL_AREA(#12359);
#12359 = FILL_AREA_STYLE('',(#12360));
#12360 = FILL_AREA_STYLE_COLOUR('',#12125);
#12361 = CURVE_STYLE('',#12362,POSITIVE_LENGTH_MEASURE(0.1),#12125);
#12362 = DRAUGHTING_PRE_DEFINED_CURVE_FONT('continuous');
#12363 = STYLED_ITEM('color',(#12364),#1682);
#12364 = PRESENTATION_STYLE_ASSIGNMENT((#12365,#12370));
#12365 = SURFACE_STYLE_USAGE(.BOTH.,#12366);
#12366 = SURFACE_SIDE_STYLE('',(#12367));
#12367 = SURFACE_STYLE_FILL_AREA(#12368);
#12368 = FILL_AREA_STYLE('',(#12369));
#12369 = FILL_AREA_STYLE_COLOUR('',#12125);
#12370 = CURVE_STYLE('',#12371,POSITIVE_LENGTH_MEASURE(0.1),#12125);
#12371 = DRAUGHTING_PRE_DEFINED_CURVE_FONT('continuous');
#12372 = STYLED_ITEM('color',(#12373),#1706);
#12373 = PRESENTATION_STYLE_ASSIGNMENT((#12374,#12379));
#12374 = SURFACE_STYLE_USAGE(.BOTH.,#12375);
#12375 = SURFACE_SIDE_STYLE('',(#12376));
#12376 = SURFACE_STYLE_FILL_AREA(#12377);
#12377 = FILL_AREA_STYLE('',(#12378));
#12378 = FILL_AREA_STYLE_COLOUR('',#12125);
#12379 = CURVE_STYLE('',#12380,POSITIVE_LENGTH_MEASURE(0.1),#12125);
#12380 = DRAUGHTING_PRE_DEFINED_CURVE_FONT('continuous');
#12381 = STYLED_ITEM('color',(#12382),#1730);
#12382 = PRESENTATION_STYLE_ASSIGNMENT((#12383,#12388));
#12383 = SURFACE_STYLE_USAGE(.BOTH.,#12384);
#12384 = SURFACE_SIDE_STYLE('',(#12385));
#12385 = SURFACE_STYLE_FILL_AREA(#12386);
#12386 = FILL_AREA_STYLE('',(#12387));
#12387 = FILL_AREA_STYLE_COLOUR('',#12125);
#12388 = CURVE_STYLE('',#12389,POSITIVE_LENGTH_MEASURE(0.1),#12125);
#12389 = DRAUGHTING_PRE_DEFINED_CURVE_FONT('continuous');
#12390 = STYLED_ITEM('color',(#12391),#1747);
#12391 = PRESENTATION_STYLE_ASSIGNMENT((#12392,#12397));
#12392 = SURFACE_STYLE_USAGE(.BOTH.,#12393);
#12393 = SURFACE_SIDE_STYLE('',(#12394));
#12394 = SURFACE_STYLE_FILL_AREA(#12395);
#12395 = FILL_AREA_STYLE('',(#12396));
#12396 = FILL_AREA_STYLE_COLOUR('',#12125);
#12397 = CURVE_STYLE('',#12398,POSITIVE_LENGTH_MEASURE(0.1),#12125);
#12398 = DRAUGHTING_PRE_DEFINED_CURVE_FONT('continuous');
#12399 = STYLED_ITEM('color',(#12400),#1778);
#12400 = PRESENTATION_STYLE_ASSIGNMENT((#12401,#12406));
#12401 = SURFACE_STYLE_USAGE(.BOTH.,#12402);
#12402 = SURFACE_SIDE_STYLE('',(#12403));
#12403 = SURFACE_STYLE_FILL_AREA(#12404);
#12404 = FILL_AREA_STYLE('',(#12405));
#12405 = FILL_AREA_STYLE_COLOUR('',#12125);
#12406 = CURVE_STYLE('',#12407,POSITIVE_LENGTH_MEASURE(0.1),#12125);
#12407 = DRAUGHTING_PRE_DEFINED_CURVE_FONT('continuous');
#12408 = STYLED_ITEM('color',(#12409),#1802);
#12409 = PRESENTATION_STYLE_ASSIGNMENT((#12410,#12415));
#12410 = SURFACE_STYLE_USAGE(.BOTH.,#12411);
#12411 = SURFACE_SIDE_STYLE('',(#12412));
#12412 = SURFACE_STYLE_FILL_AREA(#12413);
#12413 = FILL_AREA_STYLE('',(#12414));
#12414 = FILL_AREA_STYLE_COLOUR('',#12125);
#12415 = CURVE_STYLE('',#12416,POSITIVE_LENGTH_MEASURE(0.1),#12125);
#12416 = DRAUGHTING_PRE_DEFINED_CURVE_FONT('continuous');
#12417 = STYLED_ITEM('color',(#12418),#1826);
#12418 = PRESENTATION_STYLE_ASSIGNMENT((#12419,#12424));
#12419 = SURFACE_STYLE_USAGE(.BOTH.,#12420);
#12420 = SURFACE_SIDE_STYLE('',(#12421));
#12421 = SURFACE_STYLE_FILL_AREA(#12422);
#12422 = FILL_AREA_STYLE('',(#12423));
#12423 = FILL_AREA_STYLE_COLOUR('',#12125);
#12424 = CURVE_STYLE('',#12425,POSITIVE_LENGTH_MEASURE(0.1),#12125);
#12425 = DRAUGHTING_PRE_DEFINED_CURVE_FONT('continuous');
#12426 = STYLED_ITEM('color',(#12427),#1843);
#12427 = PRESENTATION_STYLE_ASSIGNMENT((#12428,#12433));
#12428 = SURFACE_STYLE_USAGE(.BOTH.,#12429);
#12429 = SURFACE_SIDE_STYLE('',(#12430));
#12430 = SURFACE_STYLE_FILL_AREA(#12431);
#12431 = FILL_AREA_STYLE('',(#12432));
#12432 = FILL_AREA_STYLE_COLOUR('',#12125);
#12433 = CURVE_STYLE('',#12434,POSITIVE_LENGTH_MEASURE(0.1),#12125);
#12434 = DRAUGHTING_PRE_DEFINED_CURVE_FONT('continuous');
#12435 = STYLED_ITEM('color',(#12436),#1874);
#12436 = PRESENTATION_STYLE_ASSIGNMENT((#12437,#12442));
#12437 = SURFACE_STYLE_USAGE(.BOTH.,#12438);
#12438 = SURFACE_SIDE_STYLE('',(#12439));
#12439 = SURFACE_STYLE_FILL_AREA(#12440);
#12440 = FILL_AREA_STYLE('',(#12441));
#12441 = FILL_AREA_STYLE_COLOUR('',#12125);
#12442 = CURVE_STYLE('',#12443,POSITIVE_LENGTH_MEASURE(0.1),#12125);
#12443 = DRAUGHTING_PRE_DEFINED_CURVE_FONT('continuous');
#12444 = STYLED_ITEM('color',(#12445),#1898);
#12445 = PRESENTATION_STYLE_ASSIGNMENT((#12446,#12451));
#12446 = SURFACE_STYLE_USAGE(.BOTH.,#12447);
#12447 = SURFACE_SIDE_STYLE('',(#12448));
#12448 = SURFACE_STYLE_FILL_AREA(#12449);
#12449 = FILL_AREA_STYLE('',(#12450));
#12450 = FILL_AREA_STYLE_COLOUR('',#12125);
#12451 = CURVE_STYLE('',#12452,POSITIVE_LENGTH_MEASURE(0.1),#12125);
#12452 = DRAUGHTING_PRE_DEFINED_CURVE_FONT('continuous');
#12453 = STYLED_ITEM('color',(#12454),#1922);
#12454 = PRESENTATION_STYLE_ASSIGNMENT((#12455,#12460));
#12455 = SURFACE_STYLE_USAGE(.BOTH.,#12456);
#12456 = SURFACE_SIDE_STYLE('',(#12457));
#12457 = SURFACE_STYLE_FILL_AREA(#12458);
#12458 = FILL_AREA_STYLE('',(#12459));
#12459 = FILL_AREA_STYLE_COLOUR('',#12125);
#12460 = CURVE_STYLE('',#12461,POSITIVE_LENGTH_MEASURE(0.1),#12125);
#12461 = DRAUGHTING_PRE_DEFINED_CURVE_FONT('continuous');
#12462 = STYLED_ITEM('color',(#12463),#1939);
#12463 = PRESENTATION_STYLE_ASSIGNMENT((#12464,#12469));
#12464 = SURFACE_STYLE_USAGE(.BOTH.,#12465);
#12465 = SURFACE_SIDE_STYLE('',(#12466));
#12466 = SURFACE_STYLE_FILL_AREA(#12467);
#12467 = FILL_AREA_STYLE('',(#12468));
#12468 = FILL_AREA_STYLE_COLOUR('',#12125);
#12469 = CURVE_STYLE('',#12470,POSITIVE_LENGTH_MEASURE(0.1),#12125);
#12470 = DRAUGHTING_PRE_DEFINED_CURVE_FONT('continuous');
#12471 = STYLED_ITEM('color',(#12472),#1970);
#12472 = PRESENTATION_STYLE_ASSIGNMENT((#12473,#12478));
#12473 = SURFACE_STYLE_USAGE(.BOTH.,#12474);
#12474 = SURFACE_SIDE_STYLE('',(#12475));
#12475 = SURFACE_STYLE_FILL_AREA(#12476);
#12476 = FILL_AREA_STYLE('',(#12477));
#12477 = FILL_AREA_STYLE_COLOUR('',#12125);
#12478 = CURVE_STYLE('',#12479,POSITIVE_LENGTH_MEASURE(0.1),#12125);
#12479 = DRAUGHTING_PRE_DEFINED_CURVE_FONT('continuous');
#12480 = STYLED_ITEM('color',(#12481),#1994);
#12481 = PRESENTATION_STYLE_ASSIGNMENT((#12482,#12487));
#12482 = SURFACE_STYLE_USAGE(.BOTH.,#12483);
#12483 = SURFACE_SIDE_STYLE('',(#12484));
#12484 = SURFACE_STYLE_FILL_AREA(#12485);
#12485 = FILL_AREA_STYLE('',(#12486));
#12486 = FILL_AREA_STYLE_COLOUR('',#12125);
#12487 = CURVE_STYLE('',#12488,POSITIVE_LENGTH_MEASURE(0.1),#12125);
#12488 = DRAUGHTING_PRE_DEFINED_CURVE_FONT('continuous');
#12489 = STYLED_ITEM('color',(#12490),#2018);
#12490 = PRESENTATION_STYLE_ASSIGNMENT((#12491,#12496));
#12491 = SURFACE_STYLE_USAGE(.BOTH.,#12492);
#12492 = SURFACE_SIDE_STYLE('',(#12493));
#12493 = SURFACE_STYLE_FILL_AREA(#12494);
#12494 = FILL_AREA_STYLE('',(#12495));
#12495 = FILL_AREA_STYLE_COLOUR('',#12125);
#12496 = CURVE_STYLE('',#12497,POSITIVE_LENGTH_MEASURE(0.1),#12125);
#12497 = DRAUGHTING_PRE_DEFINED_CURVE_FONT('continuous');
#12498 = STYLED_ITEM('color',(#12499),#2035);
#12499 = PRESENTATION_STYLE_ASSIGNMENT((#12500,#12505));
#12500 = SURFACE_STYLE_USAGE(.BOTH.,#12501);
#12501 = SURFACE_SIDE_STYLE('',(#12502));
#12502 = SURFACE_STYLE_FILL_AREA(#12503);
#12503 = FILL_AREA_STYLE('',(#12504));
#12504 = FILL_AREA_STYLE_COLOUR('',#12125);
#12505 = CURVE_STYLE('',#12506,POSITIVE_LENGTH_MEASURE(0.1),#12125);
#12506 = DRAUGHTING_PRE_DEFINED_CURVE_FONT('continuous');
#12507 = STYLED_ITEM('color',(#12508),#2066);
#12508 = PRESENTATION_STYLE_ASSIGNMENT((#12509,#12514));
#12509 = SURFACE_STYLE_USAGE(.BOTH.,#12510);
#12510 = SURFACE_SIDE_STYLE('',(#12511));
#12511 = SURFACE_STYLE_FILL_AREA(#12512);
#12512 = FILL_AREA_STYLE('',(#12513));
#12513 = FILL_AREA_STYLE_COLOUR('',#12125);
#12514 = CURVE_STYLE('',#12515,POSITIVE_LENGTH_MEASURE(0.1),#12125);
#12515 = DRAUGHTING_PRE_DEFINED_CURVE_FONT('continuous');
#12516 = STYLED_ITEM('color',(#12517),#2090);
#12517 = PRESENTATION_STYLE_ASSIGNMENT((#12518,#12523));
#12518 = SURFACE_STYLE_USAGE(.BOTH.,#12519);
#12519 = SURFACE_SIDE_STYLE('',(#12520));
#12520 = SURFACE_STYLE_FILL_AREA(#12521);
#12521 = FILL_AREA_STYLE('',(#12522));
#12522 = FILL_AREA_STYLE_COLOUR('',#12125);
#12523 = CURVE_STYLE('',#12524,POSITIVE_LENGTH_MEASURE(0.1),#12125);
#12524 = DRAUGHTING_PRE_DEFINED_CURVE_FONT('continuous');
#12525 = STYLED_ITEM('color',(#12526),#2114);
#12526 = PRESENTATION_STYLE_ASSIGNMENT((#12527,#12532));
#12527 = SURFACE_STYLE_USAGE(.BOTH.,#12528);
#12528 = SURFACE_SIDE_STYLE('',(#12529));
#12529 = SURFACE_STYLE_FILL_AREA(#12530);
#12530 = FILL_AREA_STYLE('',(#12531));
#12531 = FILL_AREA_STYLE_COLOUR('',#12125);
#12532 = CURVE_STYLE('',#12533,POSITIVE_LENGTH_MEASURE(0.1),#12125);
#12533 = DRAUGHTING_PRE_DEFINED_CURVE_FONT('continuous');
#12534 = STYLED_ITEM('color',(#12535),#2131);
#12535 = PRESENTATION_STYLE_ASSIGNMENT((#12536,#12541));
#12536 = SURFACE_STYLE_USAGE(.BOTH.,#12537);
#12537 = SURFACE_SIDE_STYLE('',(#12538));
#12538 = SURFACE_STYLE_FILL_AREA(#12539);
#12539 = FILL_AREA_STYLE('',(#12540));
#12540 = FILL_AREA_STYLE_COLOUR('',#12125);
#12541 = CURVE_STYLE('',#12542,POSITIVE_LENGTH_MEASURE(0.1),#12125);
#12542 = DRAUGHTING_PRE_DEFINED_CURVE_FONT('continuous');
#12543 = STYLED_ITEM('color',(#12544),#2162);
#12544 = PRESENTATION_STYLE_ASSIGNMENT((#12545,#12550));
#12545 = SURFACE_STYLE_USAGE(.BOTH.,#12546);
#12546 = SURFACE_SIDE_STYLE('',(#12547));
#12547 = SURFACE_STYLE_FILL_AREA(#12548);
#12548 = FILL_AREA_STYLE('',(#12549));
#12549 = FILL_AREA_STYLE_COLOUR('',#12125);
#12550 = CURVE_STYLE('',#12551,POSITIVE_LENGTH_MEASURE(0.1),#12125);
#12551 = DRAUGHTING_PRE_DEFINED_CURVE_FONT('continuous');
#12552 = STYLED_ITEM('color',(#12553),#2186);
#12553 = PRESENTATION_STYLE_ASSIGNMENT((#12554,#12559));
#12554 = SURFACE_STYLE_USAGE(.BOTH.,#12555);
#12555 = SURFACE_SIDE_STYLE('',(#12556));
#12556 = SURFACE_STYLE_FILL_AREA(#12557);
#12557 = FILL_AREA_STYLE('',(#12558));
#12558 = FILL_AREA_STYLE_COLOUR('',#12125);
#12559 = CURVE_STYLE('',#12560,POSITIVE_LENGTH_MEASURE(0.1),#12125);
#12560 = DRAUGHTING_PRE_DEFINED_CURVE_FONT('continuous');
#12561 = STYLED_ITEM('color',(#12562),#2210);
#12562 = PRESENTATION_STYLE_ASSIGNMENT((#12563,#12568));
#12563 = SURFACE_STYLE_USAGE(.BOTH.,#12564);
#12564 = SURFACE_SIDE_STYLE('',(#12565));
#12565 = SURFACE_STYLE_FILL_AREA(#12566);
#12566 = FILL_AREA_STYLE('',(#12567));
#12567 = FILL_AREA_STYLE_COLOUR('',#12125);
#12568 = CURVE_STYLE('',#12569,POSITIVE_LENGTH_MEASURE(0.1),#12125);
#12569 = DRAUGHTING_PRE_DEFINED_CURVE_FONT('continuous');
#12570 = STYLED_ITEM('color',(#12571),#2227);
#12571 = PRESENTATION_STYLE_ASSIGNMENT((#12572,#12577));
#12572 = SURFACE_STYLE_USAGE(.BOTH.,#12573);
#12573 = SURFACE_SIDE_STYLE('',(#12574));
#12574 = SURFACE_STYLE_FILL_AREA(#12575);
#12575 = FILL_AREA_STYLE('',(#12576));
#12576 = FILL_AREA_STYLE_COLOUR('',#12125);
#12577 = CURVE_STYLE('',#12578,POSITIVE_LENGTH_MEASURE(0.1),#12125);
#12578 = DRAUGHTING_PRE_DEFINED_CURVE_FONT('continuous');
#12579 = STYLED_ITEM('color',(#12580),#2258);
#12580 = PRESENTATION_STYLE_ASSIGNMENT((#12581,#12586));
#12581 = SURFACE_STYLE_USAGE(.BOTH.,#12582);
#12582 = SURFACE_SIDE_STYLE('',(#12583));
#12583 = SURFACE_STYLE_FILL_AREA(#12584);
#12584 = FILL_AREA_STYLE('',(#12585));
#12585 = FILL_AREA_STYLE_COLOUR('',#12125);
#12586 = CURVE_STYLE('',#12587,POSITIVE_LENGTH_MEASURE(0.1),#12125);
#12587 = DRAUGHTING_PRE_DEFINED_CURVE_FONT('continuous');
#12588 = STYLED_ITEM('color',(#12589),#2282);
#12589 = PRESENTATION_STYLE_ASSIGNMENT((#12590,#12595));
#12590 = SURFACE_STYLE_USAGE(.BOTH.,#12591);
#12591 = SURFACE_SIDE_STYLE('',(#12592));
#12592 = SURFACE_STYLE_FILL_AREA(#12593);
#12593 = FILL_AREA_STYLE('',(#12594));
#12594 = FILL_AREA_STYLE_COLOUR('',#12125);
#12595 = CURVE_STYLE('',#12596,POSITIVE_LENGTH_MEASURE(0.1),#12125);
#12596 = DRAUGHTING_PRE_DEFINED_CURVE_FONT('continuous');
#12597 = STYLED_ITEM('color',(#12598),#2306);
#12598 = PRESENTATION_STYLE_ASSIGNMENT((#12599,#12604));
#12599 = SURFACE_STYLE_USAGE(.BOTH.,#12600);
#12600 = SURFACE_SIDE_STYLE('',(#12601));
#12601 = SURFACE_STYLE_FILL_AREA(#12602);
#12602 = FILL_AREA_STYLE('',(#12603));
#12603 = FILL_AREA_STYLE_COLOUR('',#12125);
#12604 = CURVE_STYLE('',#12605,POSITIVE_LENGTH_MEASURE(0.1),#12125);
#12605 = DRAUGHTING_PRE_DEFINED_CURVE_FONT('continuous');
#12606 = STYLED_ITEM('color',(#12607),#2323);
#12607 = PRESENTATION_STYLE_ASSIGNMENT((#12608,#12613));
#12608 = SURFACE_STYLE_USAGE(.BOTH.,#12609);
#12609 = SURFACE_SIDE_STYLE('',(#12610));
#12610 = SURFACE_STYLE_FILL_AREA(#12611);
#12611 = FILL_AREA_STYLE('',(#12612));
#12612 = FILL_AREA_STYLE_COLOUR('',#12125);
#12613 = CURVE_STYLE('',#12614,POSITIVE_LENGTH_MEASURE(0.1),#12125);
#12614 = DRAUGHTING_PRE_DEFINED_CURVE_FONT('continuous');
#12615 = STYLED_ITEM('color',(#12616),#2354);
#12616 = PRESENTATION_STYLE_ASSIGNMENT((#12617,#12622));
#12617 = SURFACE_STYLE_USAGE(.BOTH.,#12618);
#12618 = SURFACE_SIDE_STYLE('',(#12619));
#12619 = SURFACE_STYLE_FILL_AREA(#12620);
#12620 = FILL_AREA_STYLE('',(#12621));
#12621 = FILL_AREA_STYLE_COLOUR('',#12125);
#12622 = CURVE_STYLE('',#12623,POSITIVE_LENGTH_MEASURE(0.1),#12125);
#12623 = DRAUGHTING_PRE_DEFINED_CURVE_FONT('continuous');
#12624 = STYLED_ITEM('color',(#12625),#2378);
#12625 = PRESENTATION_STYLE_ASSIGNMENT((#12626,#12631));
#12626 = SURFACE_STYLE_USAGE(.BOTH.,#12627);
#12627 = SURFACE_SIDE_STYLE('',(#12628));
#12628 = SURFACE_STYLE_FILL_AREA(#12629);
#12629 = FILL_AREA_STYLE('',(#12630));
#12630 = FILL_AREA_STYLE_COLOUR('',#12125);
#12631 = CURVE_STYLE('',#12632,POSITIVE_LENGTH_MEASURE(0.1),#12125);
#12632 = DRAUGHTING_PRE_DEFINED_CURVE_FONT('continuous');
#12633 = STYLED_ITEM('color',(#12634),#2402);
#12634 = PRESENTATION_STYLE_ASSIGNMENT((#12635,#12640));
#12635 = SURFACE_STYLE_USAGE(.BOTH.,#12636);
#12636 = SURFACE_SIDE_STYLE('',(#12637));
#12637 = SURFACE_STYLE_FILL_AREA(#12638);
#12638 = FILL_AREA_STYLE('',(#12639));
#12639 = FILL_AREA_STYLE_COLOUR('',#12125);
#12640 = CURVE_STYLE('',#12641,POSITIVE_LENGTH_MEASURE(0.1),#12125);
#12641 = DRAUGHTING_PRE_DEFINED_CURVE_FONT('continuous');
#12642 = STYLED_ITEM('color',(#12643),#2419);
#12643 = PRESENTATION_STYLE_ASSIGNMENT((#12644,#12649));
#12644 = SURFACE_STYLE_USAGE(.BOTH.,#12645);
#12645 = SURFACE_SIDE_STYLE('',(#12646));
#12646 = SURFACE_STYLE_FILL_AREA(#12647);
#12647 = FILL_AREA_STYLE('',(#12648));
#12648 = FILL_AREA_STYLE_COLOUR('',#12198);
#12649 = CURVE_STYLE('',#12650,POSITIVE_LENGTH_MEASURE(0.1),#12198);
#12650 = DRAUGHTING_PRE_DEFINED_CURVE_FONT('continuous');
#12651 = STYLED_ITEM('color',(#12652),#2436);
#12652 = PRESENTATION_STYLE_ASSIGNMENT((#12653,#12658));
#12653 = SURFACE_STYLE_USAGE(.BOTH.,#12654);
#12654 = SURFACE_SIDE_STYLE('',(#12655));
#12655 = SURFACE_STYLE_FILL_AREA(#12656);
#12656 = FILL_AREA_STYLE('',(#12657));
#12657 = FILL_AREA_STYLE_COLOUR('',#12198);
#12658 = CURVE_STYLE('',#12659,POSITIVE_LENGTH_MEASURE(0.1),#12198);
#12659 = DRAUGHTING_PRE_DEFINED_CURVE_FONT('continuous');
#12660 = STYLED_ITEM('color',(#12661),#2483);
#12661 = PRESENTATION_STYLE_ASSIGNMENT((#12662,#12667));
#12662 = SURFACE_STYLE_USAGE(.BOTH.,#12663);
#12663 = SURFACE_SIDE_STYLE('',(#12664));
#12664 = SURFACE_STYLE_FILL_AREA(#12665);
#12665 = FILL_AREA_STYLE('',(#12666));
#12666 = FILL_AREA_STYLE_COLOUR('',#12198);
#12667 = CURVE_STYLE('',#12668,POSITIVE_LENGTH_MEASURE(0.1),#12198);
#12668 = DRAUGHTING_PRE_DEFINED_CURVE_FONT('continuous');
#12669 = STYLED_ITEM('color',(#12670),#2500);
#12670 = PRESENTATION_STYLE_ASSIGNMENT((#12671,#12676));
#12671 = SURFACE_STYLE_USAGE(.BOTH.,#12672);
#12672 = SURFACE_SIDE_STYLE('',(#12673));
#12673 = SURFACE_STYLE_FILL_AREA(#12674);
#12674 = FILL_AREA_STYLE('',(#12675));
#12675 = FILL_AREA_STYLE_COLOUR('',#12198);
#12676 = CURVE_STYLE('',#12677,POSITIVE_LENGTH_MEASURE(0.1),#12198);
#12677 = DRAUGHTING_PRE_DEFINED_CURVE_FONT('continuous');
#12678 = STYLED_ITEM('color',(#12679),#2547);
#12679 = PRESENTATION_STYLE_ASSIGNMENT((#12680,#12685));
#12680 = SURFACE_STYLE_USAGE(.BOTH.,#12681);
#12681 = SURFACE_SIDE_STYLE('',(#12682));
#12682 = SURFACE_STYLE_FILL_AREA(#12683);
#12683 = FILL_AREA_STYLE('',(#12684));
#12684 = FILL_AREA_STYLE_COLOUR('',#12198);
#12685 = CURVE_STYLE('',#12686,POSITIVE_LENGTH_MEASURE(0.1),#12198);
#12686 = DRAUGHTING_PRE_DEFINED_CURVE_FONT('continuous');
#12687 = STYLED_ITEM('color',(#12688),#2564);
#12688 = PRESENTATION_STYLE_ASSIGNMENT((#12689,#12694));
#12689 = SURFACE_STYLE_USAGE(.BOTH.,#12690);
#12690 = SURFACE_SIDE_STYLE('',(#12691));
#12691 = SURFACE_STYLE_FILL_AREA(#12692);
#12692 = FILL_AREA_STYLE('',(#12693));
#12693 = FILL_AREA_STYLE_COLOUR('',#12198);
#12694 = CURVE_STYLE('',#12695,POSITIVE_LENGTH_MEASURE(0.1),#12198);
#12695 = DRAUGHTING_PRE_DEFINED_CURVE_FONT('continuous');
#12696 = STYLED_ITEM('color',(#12697),#2611);
#12697 = PRESENTATION_STYLE_ASSIGNMENT((#12698,#12703));
#12698 = SURFACE_STYLE_USAGE(.BOTH.,#12699);
#12699 = SURFACE_SIDE_STYLE('',(#12700));
#12700 = SURFACE_STYLE_FILL_AREA(#12701);
#12701 = FILL_AREA_STYLE('',(#12702));
#12702 = FILL_AREA_STYLE_COLOUR('',#12198);
#12703 = CURVE_STYLE('',#12704,POSITIVE_LENGTH_MEASURE(0.1),#12198);
#12704 = DRAUGHTING_PRE_DEFINED_CURVE_FONT('continuous');
#12705 = STYLED_ITEM('color',(#12706),#2628);
#12706 = PRESENTATION_STYLE_ASSIGNMENT((#12707,#12712));
#12707 = SURFACE_STYLE_USAGE(.BOTH.,#12708);
#12708 = SURFACE_SIDE_STYLE('',(#12709));
#12709 = SURFACE_STYLE_FILL_AREA(#12710);
#12710 = FILL_AREA_STYLE('',(#12711));
#12711 = FILL_AREA_STYLE_COLOUR('',#12198);
#12712 = CURVE_STYLE('',#12713,POSITIVE_LENGTH_MEASURE(0.1),#12198);
#12713 = DRAUGHTING_PRE_DEFINED_CURVE_FONT('continuous');
#12714 = STYLED_ITEM('color',(#12715),#2675);
#12715 = PRESENTATION_STYLE_ASSIGNMENT((#12716,#12721));
#12716 = SURFACE_STYLE_USAGE(.BOTH.,#12717);
#12717 = SURFACE_SIDE_STYLE('',(#12718));
#12718 = SURFACE_STYLE_FILL_AREA(#12719);
#12719 = FILL_AREA_STYLE('',(#12720));
#12720 = FILL_AREA_STYLE_COLOUR('',#12198);
#12721 = CURVE_STYLE('',#12722,POSITIVE_LENGTH_MEASURE(0.1),#12198);
#12722 = DRAUGHTING_PRE_DEFINED_CURVE_FONT('continuous');
#12723 = STYLED_ITEM('color',(#12724),#2692);
#12724 = PRESENTATION_STYLE_ASSIGNMENT((#12725,#12730));
#12725 = SURFACE_STYLE_USAGE(.BOTH.,#12726);
#12726 = SURFACE_SIDE_STYLE('',(#12727));
#12727 = SURFACE_STYLE_FILL_AREA(#12728);
#12728 = FILL_AREA_STYLE('',(#12729));
#12729 = FILL_AREA_STYLE_COLOUR('',#12198);
#12730 = CURVE_STYLE('',#12731,POSITIVE_LENGTH_MEASURE(0.1),#12198);
#12731 = DRAUGHTING_PRE_DEFINED_CURVE_FONT('continuous');
#12732 = STYLED_ITEM('color',(#12733),#2739);
#12733 = PRESENTATION_STYLE_ASSIGNMENT((#12734,#12739));
#12734 = SURFACE_STYLE_USAGE(.BOTH.,#12735);
#12735 = SURFACE_SIDE_STYLE('',(#12736));
#12736 = SURFACE_STYLE_FILL_AREA(#12737);
#12737 = FILL_AREA_STYLE('',(#12738));
#12738 = FILL_AREA_STYLE_COLOUR('',#12198);
#12739 = CURVE_STYLE('',#12740,POSITIVE_LENGTH_MEASURE(0.1),#12198);
#12740 = DRAUGHTING_PRE_DEFINED_CURVE_FONT('continuous');
#12741 = STYLED_ITEM('color',(#12742),#2756);
#12742 = PRESENTATION_STYLE_ASSIGNMENT((#12743,#12748));
#12743 = SURFACE_STYLE_USAGE(.BOTH.,#12744);
#12744 = SURFACE_SIDE_STYLE('',(#12745));
#12745 = SURFACE_STYLE_FILL_AREA(#12746);
#12746 = FILL_AREA_STYLE('',(#12747));
#12747 = FILL_AREA_STYLE_COLOUR('',#12198);
#12748 = CURVE_STYLE('',#12749,POSITIVE_LENGTH_MEASURE(0.1),#12198);
#12749 = DRAUGHTING_PRE_DEFINED_CURVE_FONT('continuous');
#12750 = STYLED_ITEM('color',(#12751),#2803);
#12751 = PRESENTATION_STYLE_ASSIGNMENT((#12752,#12757));
#12752 = SURFACE_STYLE_USAGE(.BOTH.,#12753);
#12753 = SURFACE_SIDE_STYLE('',(#12754));
#12754 = SURFACE_STYLE_FILL_AREA(#12755);
#12755 = FILL_AREA_STYLE('',(#12756));
#12756 = FILL_AREA_STYLE_COLOUR('',#12198);
#12757 = CURVE_STYLE('',#12758,POSITIVE_LENGTH_MEASURE(0.1),#12198);
#12758 = DRAUGHTING_PRE_DEFINED_CURVE_FONT('continuous');
#12759 = STYLED_ITEM('color',(#12760),#2820);
#12760 = PRESENTATION_STYLE_ASSIGNMENT((#12761,#12766));
#12761 = SURFACE_STYLE_USAGE(.BOTH.,#12762);
#12762 = SURFACE_SIDE_STYLE('',(#12763));
#12763 = SURFACE_STYLE_FILL_AREA(#12764);
#12764 = FILL_AREA_STYLE('',(#12765));
#12765 = FILL_AREA_STYLE_COLOUR('',#12198);
#12766 = CURVE_STYLE('',#12767,POSITIVE_LENGTH_MEASURE(0.1),#12198);
#12767 = DRAUGHTING_PRE_DEFINED_CURVE_FONT('continuous');
#12768 = STYLED_ITEM('color',(#12769),#2867);
#12769 = PRESENTATION_STYLE_ASSIGNMENT((#12770,#12775));
#12770 = SURFACE_STYLE_USAGE(.BOTH.,#12771);
#12771 = SURFACE_SIDE_STYLE('',(#12772));
#12772 = SURFACE_STYLE_FILL_AREA(#12773);
#12773 = FILL_AREA_STYLE('',(#12774));
#12774 = FILL_AREA_STYLE_COLOUR('',#12198);
#12775 = CURVE_STYLE('',#12776,POSITIVE_LENGTH_MEASURE(0.1),#12198);
#12776 = DRAUGHTING_PRE_DEFINED_CURVE_FONT('continuous');
#12777 = STYLED_ITEM('color',(#12778),#2884);
#12778 = PRESENTATION_STYLE_ASSIGNMENT((#12779,#12784));
#12779 = SURFACE_STYLE_USAGE(.BOTH.,#12780);
#12780 = SURFACE_SIDE_STYLE('',(#12781));
#12781 = SURFACE_STYLE_FILL_AREA(#12782);
#12782 = FILL_AREA_STYLE('',(#12783));
#12783 = FILL_AREA_STYLE_COLOUR('',#12198);
#12784 = CURVE_STYLE('',#12785,POSITIVE_LENGTH_MEASURE(0.1),#12198);
#12785 = DRAUGHTING_PRE_DEFINED_CURVE_FONT('continuous');
#12786 = STYLED_ITEM('color',(#12787),#2931);
#12787 = PRESENTATION_STYLE_ASSIGNMENT((#12788,#12793));
#12788 = SURFACE_STYLE_USAGE(.BOTH.,#12789);
#12789 = SURFACE_SIDE_STYLE('',(#12790));
#12790 = SURFACE_STYLE_FILL_AREA(#12791);
#12791 = FILL_AREA_STYLE('',(#12792));
#12792 = FILL_AREA_STYLE_COLOUR('',#12198);
#12793 = CURVE_STYLE('',#12794,POSITIVE_LENGTH_MEASURE(0.1),#12198);
#12794 = DRAUGHTING_PRE_DEFINED_CURVE_FONT('continuous');
#12795 = STYLED_ITEM('color',(#12796),#2948);
#12796 = PRESENTATION_STYLE_ASSIGNMENT((#12797,#12802));
#12797 = SURFACE_STYLE_USAGE(.BOTH.,#12798);
#12798 = SURFACE_SIDE_STYLE('',(#12799));
#12799 = SURFACE_STYLE_FILL_AREA(#12800);
#12800 = FILL_AREA_STYLE('',(#12801));
#12801 = FILL_AREA_STYLE_COLOUR('',#12198);
#12802 = CURVE_STYLE('',#12803,POSITIVE_LENGTH_MEASURE(0.1),#12198);
#12803 = DRAUGHTING_PRE_DEFINED_CURVE_FONT('continuous');
#12804 = STYLED_ITEM('color',(#12805),#2995);
#12805 = PRESENTATION_STYLE_ASSIGNMENT((#12806,#12811));
#12806 = SURFACE_STYLE_USAGE(.BOTH.,#12807);
#12807 = SURFACE_SIDE_STYLE('',(#12808));
#12808 = SURFACE_STYLE_FILL_AREA(#12809);
#12809 = FILL_AREA_STYLE('',(#12810));
#12810 = FILL_AREA_STYLE_COLOUR('',#12198);
#12811 = CURVE_STYLE('',#12812,POSITIVE_LENGTH_MEASURE(0.1),#12198);
#12812 = DRAUGHTING_PRE_DEFINED_CURVE_FONT('continuous');
#12813 = STYLED_ITEM('color',(#12814),#3012);
#12814 = PRESENTATION_STYLE_ASSIGNMENT((#12815,#12820));
#12815 = SURFACE_STYLE_USAGE(.BOTH.,#12816);
#12816 = SURFACE_SIDE_STYLE('',(#12817));
#12817 = SURFACE_STYLE_FILL_AREA(#12818);
#12818 = FILL_AREA_STYLE('',(#12819));
#12819 = FILL_AREA_STYLE_COLOUR('',#12198);
#12820 = CURVE_STYLE('',#12821,POSITIVE_LENGTH_MEASURE(0.1),#12198);
#12821 = DRAUGHTING_PRE_DEFINED_CURVE_FONT('continuous');
#12822 = STYLED_ITEM('color',(#12823),#3059);
#12823 = PRESENTATION_STYLE_ASSIGNMENT((#12824,#12829));
#12824 = SURFACE_STYLE_USAGE(.BOTH.,#12825);
#12825 = SURFACE_SIDE_STYLE('',(#12826));
#12826 = SURFACE_STYLE_FILL_AREA(#12827);
#12827 = FILL_AREA_STYLE('',(#12828));
#12828 = FILL_AREA_STYLE_COLOUR('',#12198);
#12829 = CURVE_STYLE('',#12830,POSITIVE_LENGTH_MEASURE(0.1),#12198);
#12830 = DRAUGHTING_PRE_DEFINED_CURVE_FONT('continuous');
#12831 = STYLED_ITEM('color',(#12832),#3076);
#12832 = PRESENTATION_STYLE_ASSIGNMENT((#12833,#12838));
#12833 = SURFACE_STYLE_USAGE(.BOTH.,#12834);
#12834 = SURFACE_SIDE_STYLE('',(#12835));
#12835 = SURFACE_STYLE_FILL_AREA(#12836);
#12836 = FILL_AREA_STYLE('',(#12837));
#12837 = FILL_AREA_STYLE_COLOUR('',#12198);
#12838 = CURVE_STYLE('',#12839,POSITIVE_LENGTH_MEASURE(0.1),#12198);
#12839 = DRAUGHTING_PRE_DEFINED_CURVE_FONT('continuous');
#12840 = STYLED_ITEM('color',(#12841),#3123);
#12841 = PRESENTATION_STYLE_ASSIGNMENT((#12842,#12847));
#12842 = SURFACE_STYLE_USAGE(.BOTH.,#12843);
#12843 = SURFACE_SIDE_STYLE('',(#12844));
#12844 = SURFACE_STYLE_FILL_AREA(#12845);
#12845 = FILL_AREA_STYLE('',(#12846));
#12846 = FILL_AREA_STYLE_COLOUR('',#12198);
#12847 = CURVE_STYLE('',#12848,POSITIVE_LENGTH_MEASURE(0.1),#12198);
#12848 = DRAUGHTING_PRE_DEFINED_CURVE_FONT('continuous');
#12849 = STYLED_ITEM('color',(#12850),#3140);
#12850 = PRESENTATION_STYLE_ASSIGNMENT((#12851,#12856));
#12851 = SURFACE_STYLE_USAGE(.BOTH.,#12852);
#12852 = SURFACE_SIDE_STYLE('',(#12853));
#12853 = SURFACE_STYLE_FILL_AREA(#12854);
#12854 = FILL_AREA_STYLE('',(#12855));
#12855 = FILL_AREA_STYLE_COLOUR('',#12198);
#12856 = CURVE_STYLE('',#12857,POSITIVE_LENGTH_MEASURE(0.1),#12198);
#12857 = DRAUGHTING_PRE_DEFINED_CURVE_FONT('continuous');
#12858 = STYLED_ITEM('color',(#12859),#3187);
#12859 = PRESENTATION_STYLE_ASSIGNMENT((#12860,#12865));
#12860 = SURFACE_STYLE_USAGE(.BOTH.,#12861);
#12861 = SURFACE_SIDE_STYLE('',(#12862));
#12862 = SURFACE_STYLE_FILL_AREA(#12863);
#12863 = FILL_AREA_STYLE('',(#12864));
#12864 = FILL_AREA_STYLE_COLOUR('',#12198);
#12865 = CURVE_STYLE('',#12866,POSITIVE_LENGTH_MEASURE(0.1),#12198);
#12866 = DRAUGHTING_PRE_DEFINED_CURVE_FONT('continuous');
#12867 = STYLED_ITEM('color',(#12868),#3204);
#12868 = PRESENTATION_STYLE_ASSIGNMENT((#12869,#12874));
#12869 = SURFACE_STYLE_USAGE(.BOTH.,#12870);
#12870 = SURFACE_SIDE_STYLE('',(#12871));
#12871 = SURFACE_STYLE_FILL_AREA(#12872);
#12872 = FILL_AREA_STYLE('',(#12873));
#12873 = FILL_AREA_STYLE_COLOUR('',#12198);
#12874 = CURVE_STYLE('',#12875,POSITIVE_LENGTH_MEASURE(0.1),#12198);
#12875 = DRAUGHTING_PRE_DEFINED_CURVE_FONT('continuous');
#12876 = STYLED_ITEM('color',(#12877),#3251);
#12877 = PRESENTATION_STYLE_ASSIGNMENT((#12878,#12883));
#12878 = SURFACE_STYLE_USAGE(.BOTH.,#12879);
#12879 = SURFACE_SIDE_STYLE('',(#12880));
#12880 = SURFACE_STYLE_FILL_AREA(#12881);
#12881 = FILL_AREA_STYLE('',(#12882));
#12882 = FILL_AREA_STYLE_COLOUR('',#12198);
#12883 = CURVE_STYLE('',#12884,POSITIVE_LENGTH_MEASURE(0.1),#12198);
#12884 = DRAUGHTING_PRE_DEFINED_CURVE_FONT('continuous');
#12885 = STYLED_ITEM('color',(#12886),#3268);
#12886 = PRESENTATION_STYLE_ASSIGNMENT((#12887,#12892));
#12887 = SURFACE_STYLE_USAGE(.BOTH.,#12888);
#12888 = SURFACE_SIDE_STYLE('',(#12889));
#12889 = SURFACE_STYLE_FILL_AREA(#12890);
#12890 = FILL_AREA_STYLE('',(#12891));
#12891 = FILL_AREA_STYLE_COLOUR('',#12198);
#12892 = CURVE_STYLE('',#12893,POSITIVE_LENGTH_MEASURE(0.1),#12198);
#12893 = DRAUGHTING_PRE_DEFINED_CURVE_FONT('continuous');
#12894 = STYLED_ITEM('color',(#12895),#3315);
#12895 = PRESENTATION_STYLE_ASSIGNMENT((#12896,#12901));
#12896 = SURFACE_STYLE_USAGE(.BOTH.,#12897);
#12897 = SURFACE_SIDE_STYLE('',(#12898));
#12898 = SURFACE_STYLE_FILL_AREA(#12899);
#12899 = FILL_AREA_STYLE('',(#12900));
#12900 = FILL_AREA_STYLE_COLOUR('',#12198);
#12901 = CURVE_STYLE('',#12902,POSITIVE_LENGTH_MEASURE(0.1),#12198);
#12902 = DRAUGHTING_PRE_DEFINED_CURVE_FONT('continuous');
#12903 = STYLED_ITEM('color',(#12904),#3332);
#12904 = PRESENTATION_STYLE_ASSIGNMENT((#12905,#12910));
#12905 = SURFACE_STYLE_USAGE(.BOTH.,#12906);
#12906 = SURFACE_SIDE_STYLE('',(#12907));
#12907 = SURFACE_STYLE_FILL_AREA(#12908);
#12908 = FILL_AREA_STYLE('',(#12909));
#12909 = FILL_AREA_STYLE_COLOUR('',#12198);
#12910 = CURVE_STYLE('',#12911,POSITIVE_LENGTH_MEASURE(0.1),#12198);
#12911 = DRAUGHTING_PRE_DEFINED_CURVE_FONT('continuous');
#12912 = STYLED_ITEM('color',(#12913),#3379);
#12913 = PRESENTATION_STYLE_ASSIGNMENT((#12914,#12919));
#12914 = SURFACE_STYLE_USAGE(.BOTH.,#12915);
#12915 = SURFACE_SIDE_STYLE('',(#12916));
#12916 = SURFACE_STYLE_FILL_AREA(#12917);
#12917 = FILL_AREA_STYLE('',(#12918));
#12918 = FILL_AREA_STYLE_COLOUR('',#12198);
#12919 = CURVE_STYLE('',#12920,POSITIVE_LENGTH_MEASURE(0.1),#12198);
#12920 = DRAUGHTING_PRE_DEFINED_CURVE_FONT('continuous');
#12921 = STYLED_ITEM('color',(#12922),#3396);
#12922 = PRESENTATION_STYLE_ASSIGNMENT((#12923,#12928));
#12923 = SURFACE_STYLE_USAGE(.BOTH.,#12924);
#12924 = SURFACE_SIDE_STYLE('',(#12925));
#12925 = SURFACE_STYLE_FILL_AREA(#12926);
#12926 = FILL_AREA_STYLE('',(#12927));
#12927 = FILL_AREA_STYLE_COLOUR('',#12198);
#12928 = CURVE_STYLE('',#12929,POSITIVE_LENGTH_MEASURE(0.1),#12198);
#12929 = DRAUGHTING_PRE_DEFINED_CURVE_FONT('continuous');
#12930 = STYLED_ITEM('color',(#12931),#3443);
#12931 = PRESENTATION_STYLE_ASSIGNMENT((#12932,#12937));
#12932 = SURFACE_STYLE_USAGE(.BOTH.,#12933);
#12933 = SURFACE_SIDE_STYLE('',(#12934));
#12934 = SURFACE_STYLE_FILL_AREA(#12935);
#12935 = FILL_AREA_STYLE('',(#12936));
#12936 = FILL_AREA_STYLE_COLOUR('',#12125);
#12937 = CURVE_STYLE('',#12938,POSITIVE_LENGTH_MEASURE(0.1),#12125);
#12938 = DRAUGHTING_PRE_DEFINED_CURVE_FONT('continuous');
#12939 = STYLED_ITEM('color',(#12940),#3474);
#12940 = PRESENTATION_STYLE_ASSIGNMENT((#12941,#12946));
#12941 = SURFACE_STYLE_USAGE(.BOTH.,#12942);
#12942 = SURFACE_SIDE_STYLE('',(#12943));
#12943 = SURFACE_STYLE_FILL_AREA(#12944);
#12944 = FILL_AREA_STYLE('',(#12945));
#12945 = FILL_AREA_STYLE_COLOUR('',#12125);
#12946 = CURVE_STYLE('',#12947,POSITIVE_LENGTH_MEASURE(0.1),#12125);
#12947 = DRAUGHTING_PRE_DEFINED_CURVE_FONT('continuous');
#12948 = OVER_RIDING_STYLED_ITEM('overriding color',(#12949),#3488,
  #12939);
#12949 = PRESENTATION_STYLE_ASSIGNMENT((#12950,#12955));
#12950 = SURFACE_STYLE_USAGE(.BOTH.,#12951);
#12951 = SURFACE_SIDE_STYLE('',(#12952));
#12952 = SURFACE_STYLE_FILL_AREA(#12953);
#12953 = FILL_AREA_STYLE('',(#12954));
#12954 = FILL_AREA_STYLE_COLOUR('',#12198);
#12955 = CURVE_STYLE('',#12956,POSITIVE_LENGTH_MEASURE(0.1),#12198);
#12956 = DRAUGHTING_PRE_DEFINED_CURVE_FONT('continuous');
#12957 = OVER_RIDING_STYLED_ITEM('overriding color',(#12958),#3504,
  #12939);
#12958 = PRESENTATION_STYLE_ASSIGNMENT((#12959,#12964));
#12959 = SURFACE_STYLE_USAGE(.BOTH.,#12960);
#12960 = SURFACE_SIDE_STYLE('',(#12961));
#12961 = SURFACE_STYLE_FILL_AREA(#12962);
#12962 = FILL_AREA_STYLE('',(#12963));
#12963 = FILL_AREA_STYLE_COLOUR('',#12198);
#12964 = CURVE_STYLE('',#12965,POSITIVE_LENGTH_MEASURE(0.1),#12198);
#12965 = DRAUGHTING_PRE_DEFINED_CURVE_FONT('continuous');
#12966 = STYLED_ITEM('color',(#12967),#3530);
#12967 = PRESENTATION_STYLE_ASSIGNMENT((#12968,#12973));
#12968 = SURFACE_STYLE_USAGE(.BOTH.,#12969);
#12969 = SURFACE_SIDE_STYLE('',(#12970));
#12970 = SURFACE_STYLE_FILL_AREA(#12971);
#12971 = FILL_AREA_STYLE('',(#12972));
#12972 = FILL_AREA_STYLE_COLOUR('',#12125);
#12973 = CURVE_STYLE('',#12974,POSITIVE_LENGTH_MEASURE(0.1),#12125);
#12974 = DRAUGHTING_PRE_DEFINED_CURVE_FONT('continuous');
#12975 = STYLED_ITEM('color',(#12976),#3554);
#12976 = PRESENTATION_STYLE_ASSIGNMENT((#12977,#12982));
#12977 = SURFACE_STYLE_USAGE(.BOTH.,#12978);
#12978 = SURFACE_SIDE_STYLE('',(#12979));
#12979 = SURFACE_STYLE_FILL_AREA(#12980);
#12980 = FILL_AREA_STYLE('',(#12981));
#12981 = FILL_AREA_STYLE_COLOUR('',#12125);
#12982 = CURVE_STYLE('',#12983,POSITIVE_LENGTH_MEASURE(0.1),#12125);
#12983 = DRAUGHTING_PRE_DEFINED_CURVE_FONT('continuous');
#12984 = OVER_RIDING_STYLED_ITEM('overriding color',(#12985),#3568,
  #12975);
#12985 = PRESENTATION_STYLE_ASSIGNMENT((#12986,#12991));
#12986 = SURFACE_STYLE_USAGE(.BOTH.,#12987);
#12987 = SURFACE_SIDE_STYLE('',(#12988));
#12988 = SURFACE_STYLE_FILL_AREA(#12989);
#12989 = FILL_AREA_STYLE('',(#12990));
#12990 = FILL_AREA_STYLE_COLOUR('',#12198);
#12991 = CURVE_STYLE('',#12992,POSITIVE_LENGTH_MEASURE(0.1),#12198);
#12992 = DRAUGHTING_PRE_DEFINED_CURVE_FONT('continuous');
#12993 = OVER_RIDING_STYLED_ITEM('overriding color',(#12994),#3584,
  #12975);
#12994 = PRESENTATION_STYLE_ASSIGNMENT((#12995,#13000));
#12995 = SURFACE_STYLE_USAGE(.BOTH.,#12996);
#12996 = SURFACE_SIDE_STYLE('',(#12997));
#12997 = SURFACE_STYLE_FILL_AREA(#12998);
#12998 = FILL_AREA_STYLE('',(#12999));
#12999 = FILL_AREA_STYLE_COLOUR('',#12198);
#13000 = CURVE_STYLE('',#13001,POSITIVE_LENGTH_MEASURE(0.1),#12198);
#13001 = DRAUGHTING_PRE_DEFINED_CURVE_FONT('continuous');
#13002 = STYLED_ITEM('color',(#13003),#3603);
#13003 = PRESENTATION_STYLE_ASSIGNMENT((#13004,#13009));
#13004 = SURFACE_STYLE_USAGE(.BOTH.,#13005);
#13005 = SURFACE_SIDE_STYLE('',(#13006));
#13006 = SURFACE_STYLE_FILL_AREA(#13007);
#13007 = FILL_AREA_STYLE('',(#13008));
#13008 = FILL_AREA_STYLE_COLOUR('',#12125);
#13009 = CURVE_STYLE('',#13010,POSITIVE_LENGTH_MEASURE(0.1),#12125);
#13010 = DRAUGHTING_PRE_DEFINED_CURVE_FONT('continuous');
#13011 = STYLED_ITEM('color',(#13012),#3634);
#13012 = PRESENTATION_STYLE_ASSIGNMENT((#13013,#13018));
#13013 = SURFACE_STYLE_USAGE(.BOTH.,#13014);
#13014 = SURFACE_SIDE_STYLE('',(#13015));
#13015 = SURFACE_STYLE_FILL_AREA(#13016);
#13016 = FILL_AREA_STYLE('',(#13017));
#13017 = FILL_AREA_STYLE_COLOUR('',#12125);
#13018 = CURVE_STYLE('',#13019,POSITIVE_LENGTH_MEASURE(0.1),#12125);
#13019 = DRAUGHTING_PRE_DEFINED_CURVE_FONT('continuous');
#13020 = OVER_RIDING_STYLED_ITEM('overriding color',(#13021),#3648,
  #13011);
#13021 = PRESENTATION_STYLE_ASSIGNMENT((#13022,#13027));
#13022 = SURFACE_STYLE_USAGE(.BOTH.,#13023);
#13023 = SURFACE_SIDE_STYLE('',(#13024));
#13024 = SURFACE_STYLE_FILL_AREA(#13025);
#13025 = FILL_AREA_STYLE('',(#13026));
#13026 = FILL_AREA_STYLE_COLOUR('',#12198);
#13027 = CURVE_STYLE('',#13028,POSITIVE_LENGTH_MEASURE(0.1),#12198);
#13028 = DRAUGHTING_PRE_DEFINED_CURVE_FONT('continuous');
#13029 = OVER_RIDING_STYLED_ITEM('overriding color',(#13030),#3664,
  #13011);
#13030 = PRESENTATION_STYLE_ASSIGNMENT((#13031,#13036));
#13031 = SURFACE_STYLE_USAGE(.BOTH.,#13032);
#13032 = SURFACE_SIDE_STYLE('',(#13033));
#13033 = SURFACE_STYLE_FILL_AREA(#13034);
#13034 = FILL_AREA_STYLE('',(#13035));
#13035 = FILL_AREA_STYLE_COLOUR('',#12198);
#13036 = CURVE_STYLE('',#13037,POSITIVE_LENGTH_MEASURE(0.1),#12198);
#13037 = DRAUGHTING_PRE_DEFINED_CURVE_FONT('continuous');
#13038 = STYLED_ITEM('color',(#13039),#3690);
#13039 = PRESENTATION_STYLE_ASSIGNMENT((#13040,#13045));
#13040 = SURFACE_STYLE_USAGE(.BOTH.,#13041);
#13041 = SURFACE_SIDE_STYLE('',(#13042));
#13042 = SURFACE_STYLE_FILL_AREA(#13043);
#13043 = FILL_AREA_STYLE('',(#13044));
#13044 = FILL_AREA_STYLE_COLOUR('',#12125);
#13045 = CURVE_STYLE('',#13046,POSITIVE_LENGTH_MEASURE(0.1),#12125);
#13046 = DRAUGHTING_PRE_DEFINED_CURVE_FONT('continuous');
#13047 = STYLED_ITEM('color',(#13048),#3714);
#13048 = PRESENTATION_STYLE_ASSIGNMENT((#13049,#13054));
#13049 = SURFACE_STYLE_USAGE(.BOTH.,#13050);
#13050 = SURFACE_SIDE_STYLE('',(#13051));
#13051 = SURFACE_STYLE_FILL_AREA(#13052);
#13052 = FILL_AREA_STYLE('',(#13053));
#13053 = FILL_AREA_STYLE_COLOUR('',#12125);
#13054 = CURVE_STYLE('',#13055,POSITIVE_LENGTH_MEASURE(0.1),#12125);
#13055 = DRAUGHTING_PRE_DEFINED_CURVE_FONT('continuous');
#13056 = OVER_RIDING_STYLED_ITEM('overriding color',(#13057),#3728,
  #13047);
#13057 = PRESENTATION_STYLE_ASSIGNMENT((#13058,#13063));
#13058 = SURFACE_STYLE_USAGE(.BOTH.,#13059);
#13059 = SURFACE_SIDE_STYLE('',(#13060));
#13060 = SURFACE_STYLE_FILL_AREA(#13061);
#13061 = FILL_AREA_STYLE('',(#13062));
#13062 = FILL_AREA_STYLE_COLOUR('',#12198);
#13063 = CURVE_STYLE('',#13064,POSITIVE_LENGTH_MEASURE(0.1),#12198);
#13064 = DRAUGHTING_PRE_DEFINED_CURVE_FONT('continuous');
#13065 = OVER_RIDING_STYLED_ITEM('overriding color',(#13066),#3744,
  #13047);
#13066 = PRESENTATION_STYLE_ASSIGNMENT((#13067,#13072));
#13067 = SURFACE_STYLE_USAGE(.BOTH.,#13068);
#13068 = SURFACE_SIDE_STYLE('',(#13069));
#13069 = SURFACE_STYLE_FILL_AREA(#13070);
#13070 = FILL_AREA_STYLE('',(#13071));
#13071 = FILL_AREA_STYLE_COLOUR('',#12198);
#13072 = CURVE_STYLE('',#13073,POSITIVE_LENGTH_MEASURE(0.1),#12198);
#13073 = DRAUGHTING_PRE_DEFINED_CURVE_FONT('continuous');
#13074 = STYLED_ITEM('color',(#13075),#3763);
#13075 = PRESENTATION_STYLE_ASSIGNMENT((#13076,#13081));
#13076 = SURFACE_STYLE_USAGE(.BOTH.,#13077);
#13077 = SURFACE_SIDE_STYLE('',(#13078));
#13078 = SURFACE_STYLE_FILL_AREA(#13079);
#13079 = FILL_AREA_STYLE('',(#13080));
#13080 = FILL_AREA_STYLE_COLOUR('',#12125);
#13081 = CURVE_STYLE('',#13082,POSITIVE_LENGTH_MEASURE(0.1),#12125);
#13082 = DRAUGHTING_PRE_DEFINED_CURVE_FONT('continuous');
#13083 = STYLED_ITEM('color',(#13084),#3794);
#13084 = PRESENTATION_STYLE_ASSIGNMENT((#13085,#13090));
#13085 = SURFACE_STYLE_USAGE(.BOTH.,#13086);
#13086 = SURFACE_SIDE_STYLE('',(#13087));
#13087 = SURFACE_STYLE_FILL_AREA(#13088);
#13088 = FILL_AREA_STYLE('',(#13089));
#13089 = FILL_AREA_STYLE_COLOUR('',#12125);
#13090 = CURVE_STYLE('',#13091,POSITIVE_LENGTH_MEASURE(0.1),#12125);
#13091 = DRAUGHTING_PRE_DEFINED_CURVE_FONT('continuous');
#13092 = OVER_RIDING_STYLED_ITEM('overriding color',(#13093),#3808,
  #13083);
#13093 = PRESENTATION_STYLE_ASSIGNMENT((#13094,#13099));
#13094 = SURFACE_STYLE_USAGE(.BOTH.,#13095);
#13095 = SURFACE_SIDE_STYLE('',(#13096));
#13096 = SURFACE_STYLE_FILL_AREA(#13097);
#13097 = FILL_AREA_STYLE('',(#13098));
#13098 = FILL_AREA_STYLE_COLOUR('',#12198);
#13099 = CURVE_STYLE('',#13100,POSITIVE_LENGTH_MEASURE(0.1),#12198);
#13100 = DRAUGHTING_PRE_DEFINED_CURVE_FONT('continuous');
#13101 = OVER_RIDING_STYLED_ITEM('overriding color',(#13102),#3824,
  #13083);
#13102 = PRESENTATION_STYLE_ASSIGNMENT((#13103,#13108));
#13103 = SURFACE_STYLE_USAGE(.BOTH.,#13104);
#13104 = SURFACE_SIDE_STYLE('',(#13105));
#13105 = SURFACE_STYLE_FILL_AREA(#13106);
#13106 = FILL_AREA_STYLE('',(#13107));
#13107 = FILL_AREA_STYLE_COLOUR('',#12198);
#13108 = CURVE_STYLE('',#13109,POSITIVE_LENGTH_MEASURE(0.1),#12198);
#13109 = DRAUGHTING_PRE_DEFINED_CURVE_FONT('continuous');
#13110 = STYLED_ITEM('color',(#13111),#3850);
#13111 = PRESENTATION_STYLE_ASSIGNMENT((#13112,#13117));
#13112 = SURFACE_STYLE_USAGE(.BOTH.,#13113);
#13113 = SURFACE_SIDE_STYLE('',(#13114));
#13114 = SURFACE_STYLE_FILL_AREA(#13115);
#13115 = FILL_AREA_STYLE('',(#13116));
#13116 = FILL_AREA_STYLE_COLOUR('',#12125);
#13117 = CURVE_STYLE('',#13118,POSITIVE_LENGTH_MEASURE(0.1),#12125);
#13118 = DRAUGHTING_PRE_DEFINED_CURVE_FONT('continuous');
#13119 = STYLED_ITEM('color',(#13120),#3874);
#13120 = PRESENTATION_STYLE_ASSIGNMENT((#13121,#13126));
#13121 = SURFACE_STYLE_USAGE(.BOTH.,#13122);
#13122 = SURFACE_SIDE_STYLE('',(#13123));
#13123 = SURFACE_STYLE_FILL_AREA(#13124);
#13124 = FILL_AREA_STYLE('',(#13125));
#13125 = FILL_AREA_STYLE_COLOUR('',#12125);
#13126 = CURVE_STYLE('',#13127,POSITIVE_LENGTH_MEASURE(0.1),#12125);
#13127 = DRAUGHTING_PRE_DEFINED_CURVE_FONT('continuous');
#13128 = OVER_RIDING_STYLED_ITEM('overriding color',(#13129),#3888,
  #13119);
#13129 = PRESENTATION_STYLE_ASSIGNMENT((#13130,#13135));
#13130 = SURFACE_STYLE_USAGE(.BOTH.,#13131);
#13131 = SURFACE_SIDE_STYLE('',(#13132));
#13132 = SURFACE_STYLE_FILL_AREA(#13133);
#13133 = FILL_AREA_STYLE('',(#13134));
#13134 = FILL_AREA_STYLE_COLOUR('',#12198);
#13135 = CURVE_STYLE('',#13136,POSITIVE_LENGTH_MEASURE(0.1),#12198);
#13136 = DRAUGHTING_PRE_DEFINED_CURVE_FONT('continuous');
#13137 = OVER_RIDING_STYLED_ITEM('overriding color',(#13138),#3904,
  #13119);
#13138 = PRESENTATION_STYLE_ASSIGNMENT((#13139,#13144));
#13139 = SURFACE_STYLE_USAGE(.BOTH.,#13140);
#13140 = SURFACE_SIDE_STYLE('',(#13141));
#13141 = SURFACE_STYLE_FILL_AREA(#13142);
#13142 = FILL_AREA_STYLE('',(#13143));
#13143 = FILL_AREA_STYLE_COLOUR('',#12198);
#13144 = CURVE_STYLE('',#13145,POSITIVE_LENGTH_MEASURE(0.1),#12198);
#13145 = DRAUGHTING_PRE_DEFINED_CURVE_FONT('continuous');
#13146 = STYLED_ITEM('color',(#13147),#3923);
#13147 = PRESENTATION_STYLE_ASSIGNMENT((#13148,#13153));
#13148 = SURFACE_STYLE_USAGE(.BOTH.,#13149);
#13149 = SURFACE_SIDE_STYLE('',(#13150));
#13150 = SURFACE_STYLE_FILL_AREA(#13151);
#13151 = FILL_AREA_STYLE('',(#13152));
#13152 = FILL_AREA_STYLE_COLOUR('',#12125);
#13153 = CURVE_STYLE('',#13154,POSITIVE_LENGTH_MEASURE(0.1),#12125);
#13154 = DRAUGHTING_PRE_DEFINED_CURVE_FONT('continuous');
#13155 = STYLED_ITEM('color',(#13156),#3954);
#13156 = PRESENTATION_STYLE_ASSIGNMENT((#13157,#13162));
#13157 = SURFACE_STYLE_USAGE(.BOTH.,#13158);
#13158 = SURFACE_SIDE_STYLE('',(#13159));
#13159 = SURFACE_STYLE_FILL_AREA(#13160);
#13160 = FILL_AREA_STYLE('',(#13161));
#13161 = FILL_AREA_STYLE_COLOUR('',#12125);
#13162 = CURVE_STYLE('',#13163,POSITIVE_LENGTH_MEASURE(0.1),#12125);
#13163 = DRAUGHTING_PRE_DEFINED_CURVE_FONT('continuous');
#13164 = OVER_RIDING_STYLED_ITEM('overriding color',(#13165),#3968,
  #13155);
#13165 = PRESENTATION_STYLE_ASSIGNMENT((#13166,#13171));
#13166 = SURFACE_STYLE_USAGE(.BOTH.,#13167);
#13167 = SURFACE_SIDE_STYLE('',(#13168));
#13168 = SURFACE_STYLE_FILL_AREA(#13169);
#13169 = FILL_AREA_STYLE('',(#13170));
#13170 = FILL_AREA_STYLE_COLOUR('',#12198);
#13171 = CURVE_STYLE('',#13172,POSITIVE_LENGTH_MEASURE(0.1),#12198);
#13172 = DRAUGHTING_PRE_DEFINED_CURVE_FONT('continuous');
#13173 = OVER_RIDING_STYLED_ITEM('overriding color',(#13174),#3984,
  #13155);
#13174 = PRESENTATION_STYLE_ASSIGNMENT((#13175,#13180));
#13175 = SURFACE_STYLE_USAGE(.BOTH.,#13176);
#13176 = SURFACE_SIDE_STYLE('',(#13177));
#13177 = SURFACE_STYLE_FILL_AREA(#13178);
#13178 = FILL_AREA_STYLE('',(#13179));
#13179 = FILL_AREA_STYLE_COLOUR('',#12198);
#13180 = CURVE_STYLE('',#13181,POSITIVE_LENGTH_MEASURE(0.1),#12198);
#13181 = DRAUGHTING_PRE_DEFINED_CURVE_FONT('continuous');
#13182 = STYLED_ITEM('color',(#13183),#4010);
#13183 = PRESENTATION_STYLE_ASSIGNMENT((#13184,#13189));
#13184 = SURFACE_STYLE_USAGE(.BOTH.,#13185);
#13185 = SURFACE_SIDE_STYLE('',(#13186));
#13186 = SURFACE_STYLE_FILL_AREA(#13187);
#13187 = FILL_AREA_STYLE('',(#13188));
#13188 = FILL_AREA_STYLE_COLOUR('',#12125);
#13189 = CURVE_STYLE('',#13190,POSITIVE_LENGTH_MEASURE(0.1),#12125);
#13190 = DRAUGHTING_PRE_DEFINED_CURVE_FONT('continuous');
#13191 = STYLED_ITEM('color',(#13192),#4034);
#13192 = PRESENTATION_STYLE_ASSIGNMENT((#13193,#13198));
#13193 = SURFACE_STYLE_USAGE(.BOTH.,#13194);
#13194 = SURFACE_SIDE_STYLE('',(#13195));
#13195 = SURFACE_STYLE_FILL_AREA(#13196);
#13196 = FILL_AREA_STYLE('',(#13197));
#13197 = FILL_AREA_STYLE_COLOUR('',#12125);
#13198 = CURVE_STYLE('',#13199,POSITIVE_LENGTH_MEASURE(0.1),#12125);
#13199 = DRAUGHTING_PRE_DEFINED_CURVE_FONT('continuous');
#13200 = OVER_RIDING_STYLED_ITEM('overriding color',(#13201),#4048,
  #13191);
#13201 = PRESENTATION_STYLE_ASSIGNMENT((#13202,#13207));
#13202 = SURFACE_STYLE_USAGE(.BOTH.,#13203);
#13203 = SURFACE_SIDE_STYLE('',(#13204));
#13204 = SURFACE_STYLE_FILL_AREA(#13205);
#13205 = FILL_AREA_STYLE('',(#13206));
#13206 = FILL_AREA_STYLE_COLOUR('',#12198);
#13207 = CURVE_STYLE('',#13208,POSITIVE_LENGTH_MEASURE(0.1),#12198);
#13208 = DRAUGHTING_PRE_DEFINED_CURVE_FONT('continuous');
#13209 = OVER_RIDING_STYLED_ITEM('overriding color',(#13210),#4064,
  #13191);
#13210 = PRESENTATION_STYLE_ASSIGNMENT((#13211,#13216));
#13211 = SURFACE_STYLE_USAGE(.BOTH.,#13212);
#13212 = SURFACE_SIDE_STYLE('',(#13213));
#13213 = SURFACE_STYLE_FILL_AREA(#13214);
#13214 = FILL_AREA_STYLE('',(#13215));
#13215 = FILL_AREA_STYLE_COLOUR('',#12198);
#13216 = CURVE_STYLE('',#13217,POSITIVE_LENGTH_MEASURE(0.1),#12198);
#13217 = DRAUGHTING_PRE_DEFINED_CURVE_FONT('continuous');
#13218 = STYLED_ITEM('color',(#13219),#4083);
#13219 = PRESENTATION_STYLE_ASSIGNMENT((#13220,#13225));
#13220 = SURFACE_STYLE_USAGE(.BOTH.,#13221);
#13221 = SURFACE_SIDE_STYLE('',(#13222));
#13222 = SURFACE_STYLE_FILL_AREA(#13223);
#13223 = FILL_AREA_STYLE('',(#13224));
#13224 = FILL_AREA_STYLE_COLOUR('',#12125);
#13225 = CURVE_STYLE('',#13226,POSITIVE_LENGTH_MEASURE(0.1),#12125);
#13226 = DRAUGHTING_PRE_DEFINED_CURVE_FONT('continuous');
#13227 = STYLED_ITEM('color',(#13228),#4114);
#13228 = PRESENTATION_STYLE_ASSIGNMENT((#13229,#13234));
#13229 = SURFACE_STYLE_USAGE(.BOTH.,#13230);
#13230 = SURFACE_SIDE_STYLE('',(#13231));
#13231 = SURFACE_STYLE_FILL_AREA(#13232);
#13232 = FILL_AREA_STYLE('',(#13233));
#13233 = FILL_AREA_STYLE_COLOUR('',#12125);
#13234 = CURVE_STYLE('',#13235,POSITIVE_LENGTH_MEASURE(0.1),#12125);
#13235 = DRAUGHTING_PRE_DEFINED_CURVE_FONT('continuous');
#13236 = OVER_RIDING_STYLED_ITEM('overriding color',(#13237),#4128,
  #13227);
#13237 = PRESENTATION_STYLE_ASSIGNMENT((#13238,#13243));
#13238 = SURFACE_STYLE_USAGE(.BOTH.,#13239);
#13239 = SURFACE_SIDE_STYLE('',(#13240));
#13240 = SURFACE_STYLE_FILL_AREA(#13241);
#13241 = FILL_AREA_STYLE('',(#13242));
#13242 = FILL_AREA_STYLE_COLOUR('',#12198);
#13243 = CURVE_STYLE('',#13244,POSITIVE_LENGTH_MEASURE(0.1),#12198);
#13244 = DRAUGHTING_PRE_DEFINED_CURVE_FONT('continuous');
#13245 = OVER_RIDING_STYLED_ITEM('overriding color',(#13246),#4144,
  #13227);
#13246 = PRESENTATION_STYLE_ASSIGNMENT((#13247,#13252));
#13247 = SURFACE_STYLE_USAGE(.BOTH.,#13248);
#13248 = SURFACE_SIDE_STYLE('',(#13249));
#13249 = SURFACE_STYLE_FILL_AREA(#13250);
#13250 = FILL_AREA_STYLE('',(#13251));
#13251 = FILL_AREA_STYLE_COLOUR('',#12198);
#13252 = CURVE_STYLE('',#13253,POSITIVE_LENGTH_MEASURE(0.1),#12198);
#13253 = DRAUGHTING_PRE_DEFINED_CURVE_FONT('continuous');
#13254 = STYLED_ITEM('color',(#13255),#4170);
#13255 = PRESENTATION_STYLE_ASSIGNMENT((#13256,#13261));
#13256 = SURFACE_STYLE_USAGE(.BOTH.,#13257);
#13257 = SURFACE_SIDE_STYLE('',(#13258));
#13258 = SURFACE_STYLE_FILL_AREA(#13259);
#13259 = FILL_AREA_STYLE('',(#13260));
#13260 = FILL_AREA_STYLE_COLOUR('',#12125);
#13261 = CURVE_STYLE('',#13262,POSITIVE_LENGTH_MEASURE(0.1),#12125);
#13262 = DRAUGHTING_PRE_DEFINED_CURVE_FONT('continuous');
#13263 = STYLED_ITEM('color',(#13264),#4194);
#13264 = PRESENTATION_STYLE_ASSIGNMENT((#13265,#13270));
#13265 = SURFACE_STYLE_USAGE(.BOTH.,#13266);
#13266 = SURFACE_SIDE_STYLE('',(#13267));
#13267 = SURFACE_STYLE_FILL_AREA(#13268);
#13268 = FILL_AREA_STYLE('',(#13269));
#13269 = FILL_AREA_STYLE_COLOUR('',#12125);
#13270 = CURVE_STYLE('',#13271,POSITIVE_LENGTH_MEASURE(0.1),#12125);
#13271 = DRAUGHTING_PRE_DEFINED_CURVE_FONT('continuous');
#13272 = OVER_RIDING_STYLED_ITEM('overriding color',(#13273),#4208,
  #13263);
#13273 = PRESENTATION_STYLE_ASSIGNMENT((#13274,#13279));
#13274 = SURFACE_STYLE_USAGE(.BOTH.,#13275);
#13275 = SURFACE_SIDE_STYLE('',(#13276));
#13276 = SURFACE_STYLE_FILL_AREA(#13277);
#13277 = FILL_AREA_STYLE('',(#13278));
#13278 = FILL_AREA_STYLE_COLOUR('',#12198);
#13279 = CURVE_STYLE('',#13280,POSITIVE_LENGTH_MEASURE(0.1),#12198);
#13280 = DRAUGHTING_PRE_DEFINED_CURVE_FONT('continuous');
#13281 = OVER_RIDING_STYLED_ITEM('overriding color',(#13282),#4224,
  #13263);
#13282 = PRESENTATION_STYLE_ASSIGNMENT((#13283,#13288));
#13283 = SURFACE_STYLE_USAGE(.BOTH.,#13284);
#13284 = SURFACE_SIDE_STYLE('',(#13285));
#13285 = SURFACE_STYLE_FILL_AREA(#13286);
#13286 = FILL_AREA_STYLE('',(#13287));
#13287 = FILL_AREA_STYLE_COLOUR('',#12198);
#13288 = CURVE_STYLE('',#13289,POSITIVE_LENGTH_MEASURE(0.1),#12198);
#13289 = DRAUGHTING_PRE_DEFINED_CURVE_FONT('continuous');
#13290 = STYLED_ITEM('color',(#13291),#4243);
#13291 = PRESENTATION_STYLE_ASSIGNMENT((#13292,#13297));
#13292 = SURFACE_STYLE_USAGE(.BOTH.,#13293);
#13293 = SURFACE_SIDE_STYLE('',(#13294));
#13294 = SURFACE_STYLE_FILL_AREA(#13295);
#13295 = FILL_AREA_STYLE('',(#13296));
#13296 = FILL_AREA_STYLE_COLOUR('',#12125);
#13297 = CURVE_STYLE('',#13298,POSITIVE_LENGTH_MEASURE(0.1),#12125);
#13298 = DRAUGHTING_PRE_DEFINED_CURVE_FONT('continuous');
#13299 = STYLED_ITEM('color',(#13300),#4274);
#13300 = PRESENTATION_STYLE_ASSIGNMENT((#13301,#13306));
#13301 = SURFACE_STYLE_USAGE(.BOTH.,#13302);
#13302 = SURFACE_SIDE_STYLE('',(#13303));
#13303 = SURFACE_STYLE_FILL_AREA(#13304);
#13304 = FILL_AREA_STYLE('',(#13305));
#13305 = FILL_AREA_STYLE_COLOUR('',#12125);
#13306 = CURVE_STYLE('',#13307,POSITIVE_LENGTH_MEASURE(0.1),#12125);
#13307 = DRAUGHTING_PRE_DEFINED_CURVE_FONT('continuous');
#13308 = OVER_RIDING_STYLED_ITEM('overriding color',(#13309),#4288,
  #13299);
#13309 = PRESENTATION_STYLE_ASSIGNMENT((#13310,#13315));
#13310 = SURFACE_STYLE_USAGE(.BOTH.,#13311);
#13311 = SURFACE_SIDE_STYLE('',(#13312));
#13312 = SURFACE_STYLE_FILL_AREA(#13313);
#13313 = FILL_AREA_STYLE('',(#13314));
#13314 = FILL_AREA_STYLE_COLOUR('',#12198);
#13315 = CURVE_STYLE('',#13316,POSITIVE_LENGTH_MEASURE(0.1),#12198);
#13316 = DRAUGHTING_PRE_DEFINED_CURVE_FONT('continuous');
#13317 = OVER_RIDING_STYLED_ITEM('overriding color',(#13318),#4304,
  #13299);
#13318 = PRESENTATION_STYLE_ASSIGNMENT((#13319,#13324));
#13319 = SURFACE_STYLE_USAGE(.BOTH.,#13320);
#13320 = SURFACE_SIDE_STYLE('',(#13321));
#13321 = SURFACE_STYLE_FILL_AREA(#13322);
#13322 = FILL_AREA_STYLE('',(#13323));
#13323 = FILL_AREA_STYLE_COLOUR('',#12198);
#13324 = CURVE_STYLE('',#13325,POSITIVE_LENGTH_MEASURE(0.1),#12198);
#13325 = DRAUGHTING_PRE_DEFINED_CURVE_FONT('continuous');
#13326 = STYLED_ITEM('color',(#13327),#4330);
#13327 = PRESENTATION_STYLE_ASSIGNMENT((#13328,#13333));
#13328 = SURFACE_STYLE_USAGE(.BOTH.,#13329);
#13329 = SURFACE_SIDE_STYLE('',(#13330));
#13330 = SURFACE_STYLE_FILL_AREA(#13331);
#13331 = FILL_AREA_STYLE('',(#13332));
#13332 = FILL_AREA_STYLE_COLOUR('',#12125);
#13333 = CURVE_STYLE('',#13334,POSITIVE_LENGTH_MEASURE(0.1),#12125);
#13334 = DRAUGHTING_PRE_DEFINED_CURVE_FONT('continuous');
#13335 = STYLED_ITEM('color',(#13336),#4354);
#13336 = PRESENTATION_STYLE_ASSIGNMENT((#13337,#13342));
#13337 = SURFACE_STYLE_USAGE(.BOTH.,#13338);
#13338 = SURFACE_SIDE_STYLE('',(#13339));
#13339 = SURFACE_STYLE_FILL_AREA(#13340);
#13340 = FILL_AREA_STYLE('',(#13341));
#13341 = FILL_AREA_STYLE_COLOUR('',#12125);
#13342 = CURVE_STYLE('',#13343,POSITIVE_LENGTH_MEASURE(0.1),#12125);
#13343 = DRAUGHTING_PRE_DEFINED_CURVE_FONT('continuous');
#13344 = OVER_RIDING_STYLED_ITEM('overriding color',(#13345),#4368,
  #13335);
#13345 = PRESENTATION_STYLE_ASSIGNMENT((#13346,#13351));
#13346 = SURFACE_STYLE_USAGE(.BOTH.,#13347);
#13347 = SURFACE_SIDE_STYLE('',(#13348));
#13348 = SURFACE_STYLE_FILL_AREA(#13349);
#13349 = FILL_AREA_STYLE('',(#13350));
#13350 = FILL_AREA_STYLE_COLOUR('',#12198);
#13351 = CURVE_STYLE('',#13352,POSITIVE_LENGTH_MEASURE(0.1),#12198);
#13352 = DRAUGHTING_PRE_DEFINED_CURVE_FONT('continuous');
#13353 = OVER_RIDING_STYLED_ITEM('overriding color',(#13354),#4384,
  #13335);
#13354 = PRESENTATION_STYLE_ASSIGNMENT((#13355,#13360));
#13355 = SURFACE_STYLE_USAGE(.BOTH.,#13356);
#13356 = SURFACE_SIDE_STYLE('',(#13357));
#13357 = SURFACE_STYLE_FILL_AREA(#13358);
#13358 = FILL_AREA_STYLE('',(#13359));
#13359 = FILL_AREA_STYLE_COLOUR('',#12198);
#13360 = CURVE_STYLE('',#13361,POSITIVE_LENGTH_MEASURE(0.1),#12198);
#13361 = DRAUGHTING_PRE_DEFINED_CURVE_FONT('continuous');
#13362 = STYLED_ITEM('color',(#13363),#4403);
#13363 = PRESENTATION_STYLE_ASSIGNMENT((#13364,#13369));
#13364 = SURFACE_STYLE_USAGE(.BOTH.,#13365);
#13365 = SURFACE_SIDE_STYLE('',(#13366));
#13366 = SURFACE_STYLE_FILL_AREA(#13367);
#13367 = FILL_AREA_STYLE('',(#13368));
#13368 = FILL_AREA_STYLE_COLOUR('',#12125);
#13369 = CURVE_STYLE('',#13370,POSITIVE_LENGTH_MEASURE(0.1),#12125);
#13370 = DRAUGHTING_PRE_DEFINED_CURVE_FONT('continuous');
#13371 = STYLED_ITEM('color',(#13372),#4434);
#13372 = PRESENTATION_STYLE_ASSIGNMENT((#13373,#13378));
#13373 = SURFACE_STYLE_USAGE(.BOTH.,#13374);
#13374 = SURFACE_SIDE_STYLE('',(#13375));
#13375 = SURFACE_STYLE_FILL_AREA(#13376);
#13376 = FILL_AREA_STYLE('',(#13377));
#13377 = FILL_AREA_STYLE_COLOUR('',#12125);
#13378 = CURVE_STYLE('',#13379,POSITIVE_LENGTH_MEASURE(0.1),#12125);
#13379 = DRAUGHTING_PRE_DEFINED_CURVE_FONT('continuous');
#13380 = OVER_RIDING_STYLED_ITEM('overriding color',(#13381),#4448,
  #13371);
#13381 = PRESENTATION_STYLE_ASSIGNMENT((#13382,#13387));
#13382 = SURFACE_STYLE_USAGE(.BOTH.,#13383);
#13383 = SURFACE_SIDE_STYLE('',(#13384));
#13384 = SURFACE_STYLE_FILL_AREA(#13385);
#13385 = FILL_AREA_STYLE('',(#13386));
#13386 = FILL_AREA_STYLE_COLOUR('',#12198);
#13387 = CURVE_STYLE('',#13388,POSITIVE_LENGTH_MEASURE(0.1),#12198);
#13388 = DRAUGHTING_PRE_DEFINED_CURVE_FONT('continuous');
#13389 = OVER_RIDING_STYLED_ITEM('overriding color',(#13390),#4464,
  #13371);
#13390 = PRESENTATION_STYLE_ASSIGNMENT((#13391,#13396));
#13391 = SURFACE_STYLE_USAGE(.BOTH.,#13392);
#13392 = SURFACE_SIDE_STYLE('',(#13393));
#13393 = SURFACE_STYLE_FILL_AREA(#13394);
#13394 = FILL_AREA_STYLE('',(#13395));
#13395 = FILL_AREA_STYLE_COLOUR('',#12198);
#13396 = CURVE_STYLE('',#13397,POSITIVE_LENGTH_MEASURE(0.1),#12198);
#13397 = DRAUGHTING_PRE_DEFINED_CURVE_FONT('continuous');
#13398 = STYLED_ITEM('color',(#13399),#4490);
#13399 = PRESENTATION_STYLE_ASSIGNMENT((#13400,#13405));
#13400 = SURFACE_STYLE_USAGE(.BOTH.,#13401);
#13401 = SURFACE_SIDE_STYLE('',(#13402));
#13402 = SURFACE_STYLE_FILL_AREA(#13403);
#13403 = FILL_AREA_STYLE('',(#13404));
#13404 = FILL_AREA_STYLE_COLOUR('',#12125);
#13405 = CURVE_STYLE('',#13406,POSITIVE_LENGTH_MEASURE(0.1),#12125);
#13406 = DRAUGHTING_PRE_DEFINED_CURVE_FONT('continuous');
#13407 = STYLED_ITEM('color',(#13408),#4514);
#13408 = PRESENTATION_STYLE_ASSIGNMENT((#13409,#13414));
#13409 = SURFACE_STYLE_USAGE(.BOTH.,#13410);
#13410 = SURFACE_SIDE_STYLE('',(#13411));
#13411 = SURFACE_STYLE_FILL_AREA(#13412);
#13412 = FILL_AREA_STYLE('',(#13413));
#13413 = FILL_AREA_STYLE_COLOUR('',#12125);
#13414 = CURVE_STYLE('',#13415,POSITIVE_LENGTH_MEASURE(0.1),#12125);
#13415 = DRAUGHTING_PRE_DEFINED_CURVE_FONT('continuous');
#13416 = OVER_RIDING_STYLED_ITEM('overriding color',(#13417),#4528,
  #13407);
#13417 = PRESENTATION_STYLE_ASSIGNMENT((#13418,#13423));
#13418 = SURFACE_STYLE_USAGE(.BOTH.,#13419);
#13419 = SURFACE_SIDE_STYLE('',(#13420));
#13420 = SURFACE_STYLE_FILL_AREA(#13421);
#13421 = FILL_AREA_STYLE('',(#13422));
#13422 = FILL_AREA_STYLE_COLOUR('',#12198);
#13423 = CURVE_STYLE('',#13424,POSITIVE_LENGTH_MEASURE(0.1),#12198);
#13424 = DRAUGHTING_PRE_DEFINED_CURVE_FONT('continuous');
#13425 = OVER_RIDING_STYLED_ITEM('overriding color',(#13426),#4544,
  #13407);
#13426 = PRESENTATION_STYLE_ASSIGNMENT((#13427,#13432));
#13427 = SURFACE_STYLE_USAGE(.BOTH.,#13428);
#13428 = SURFACE_SIDE_STYLE('',(#13429));
#13429 = SURFACE_STYLE_FILL_AREA(#13430);
#13430 = FILL_AREA_STYLE('',(#13431));
#13431 = FILL_AREA_STYLE_COLOUR('',#12198);
#13432 = CURVE_STYLE('',#13433,POSITIVE_LENGTH_MEASURE(0.1),#12198);
#13433 = DRAUGHTING_PRE_DEFINED_CURVE_FONT('continuous');
#13434 = STYLED_ITEM('color',(#13435),#4563);
#13435 = PRESENTATION_STYLE_ASSIGNMENT((#13436,#13441));
#13436 = SURFACE_STYLE_USAGE(.BOTH.,#13437);
#13437 = SURFACE_SIDE_STYLE('',(#13438));
#13438 = SURFACE_STYLE_FILL_AREA(#13439);
#13439 = FILL_AREA_STYLE('',(#13440));
#13440 = FILL_AREA_STYLE_COLOUR('',#12125);
#13441 = CURVE_STYLE('',#13442,POSITIVE_LENGTH_MEASURE(0.1),#12125);
#13442 = DRAUGHTING_PRE_DEFINED_CURVE_FONT('continuous');
#13443 = STYLED_ITEM('color',(#13444),#4594);
#13444 = PRESENTATION_STYLE_ASSIGNMENT((#13445,#13450));
#13445 = SURFACE_STYLE_USAGE(.BOTH.,#13446);
#13446 = SURFACE_SIDE_STYLE('',(#13447));
#13447 = SURFACE_STYLE_FILL_AREA(#13448);
#13448 = FILL_AREA_STYLE('',(#13449));
#13449 = FILL_AREA_STYLE_COLOUR('',#12125);
#13450 = CURVE_STYLE('',#13451,POSITIVE_LENGTH_MEASURE(0.1),#12125);
#13451 = DRAUGHTING_PRE_DEFINED_CURVE_FONT('continuous');
#13452 = OVER_RIDING_STYLED_ITEM('overriding color',(#13453),#4608,
  #13443);
#13453 = PRESENTATION_STYLE_ASSIGNMENT((#13454,#13459));
#13454 = SURFACE_STYLE_USAGE(.BOTH.,#13455);
#13455 = SURFACE_SIDE_STYLE('',(#13456));
#13456 = SURFACE_STYLE_FILL_AREA(#13457);
#13457 = FILL_AREA_STYLE('',(#13458));
#13458 = FILL_AREA_STYLE_COLOUR('',#12198);
#13459 = CURVE_STYLE('',#13460,POSITIVE_LENGTH_MEASURE(0.1),#12198);
#13460 = DRAUGHTING_PRE_DEFINED_CURVE_FONT('continuous');
#13461 = OVER_RIDING_STYLED_ITEM('overriding color',(#13462),#4624,
  #13443);
#13462 = PRESENTATION_STYLE_ASSIGNMENT((#13463,#13468));
#13463 = SURFACE_STYLE_USAGE(.BOTH.,#13464);
#13464 = SURFACE_SIDE_STYLE('',(#13465));
#13465 = SURFACE_STYLE_FILL_AREA(#13466);
#13466 = FILL_AREA_STYLE('',(#13467));
#13467 = FILL_AREA_STYLE_COLOUR('',#12198);
#13468 = CURVE_STYLE('',#13469,POSITIVE_LENGTH_MEASURE(0.1),#12198);
#13469 = DRAUGHTING_PRE_DEFINED_CURVE_FONT('continuous');
#13470 = STYLED_ITEM('color',(#13471),#4650);
#13471 = PRESENTATION_STYLE_ASSIGNMENT((#13472,#13477));
#13472 = SURFACE_STYLE_USAGE(.BOTH.,#13473);
#13473 = SURFACE_SIDE_STYLE('',(#13474));
#13474 = SURFACE_STYLE_FILL_AREA(#13475);
#13475 = FILL_AREA_STYLE('',(#13476));
#13476 = FILL_AREA_STYLE_COLOUR('',#12125);
#13477 = CURVE_STYLE('',#13478,POSITIVE_LENGTH_MEASURE(0.1),#12125);
#13478 = DRAUGHTING_PRE_DEFINED_CURVE_FONT('continuous');
#13479 = STYLED_ITEM('color',(#13480),#4674);
#13480 = PRESENTATION_STYLE_ASSIGNMENT((#13481,#13486));
#13481 = SURFACE_STYLE_USAGE(.BOTH.,#13482);
#13482 = SURFACE_SIDE_STYLE('',(#13483));
#13483 = SURFACE_STYLE_FILL_AREA(#13484);
#13484 = FILL_AREA_STYLE('',(#13485));
#13485 = FILL_AREA_STYLE_COLOUR('',#12125);
#13486 = CURVE_STYLE('',#13487,POSITIVE_LENGTH_MEASURE(0.1),#12125);
#13487 = DRAUGHTING_PRE_DEFINED_CURVE_FONT('continuous');
#13488 = OVER_RIDING_STYLED_ITEM('overriding color',(#13489),#4688,
  #13479);
#13489 = PRESENTATION_STYLE_ASSIGNMENT((#13490,#13495));
#13490 = SURFACE_STYLE_USAGE(.BOTH.,#13491);
#13491 = SURFACE_SIDE_STYLE('',(#13492));
#13492 = SURFACE_STYLE_FILL_AREA(#13493);
#13493 = FILL_AREA_STYLE('',(#13494));
#13494 = FILL_AREA_STYLE_COLOUR('',#12198);
#13495 = CURVE_STYLE('',#13496,POSITIVE_LENGTH_MEASURE(0.1),#12198);
#13496 = DRAUGHTING_PRE_DEFINED_CURVE_FONT('continuous');
#13497 = OVER_RIDING_STYLED_ITEM('overriding color',(#13498),#4704,
  #13479);
#13498 = PRESENTATION_STYLE_ASSIGNMENT((#13499,#13504));
#13499 = SURFACE_STYLE_USAGE(.BOTH.,#13500);
#13500 = SURFACE_SIDE_STYLE('',(#13501));
#13501 = SURFACE_STYLE_FILL_AREA(#13502);
#13502 = FILL_AREA_STYLE('',(#13503));
#13503 = FILL_AREA_STYLE_COLOUR('',#12198);
#13504 = CURVE_STYLE('',#13505,POSITIVE_LENGTH_MEASURE(0.1),#12198);
#13505 = DRAUGHTING_PRE_DEFINED_CURVE_FONT('continuous');
#13506 = STYLED_ITEM('color',(#13507),#4723);
#13507 = PRESENTATION_STYLE_ASSIGNMENT((#13508,#13513));
#13508 = SURFACE_STYLE_USAGE(.BOTH.,#13509);
#13509 = SURFACE_SIDE_STYLE('',(#13510));
#13510 = SURFACE_STYLE_FILL_AREA(#13511);
#13511 = FILL_AREA_STYLE('',(#13512));
#13512 = FILL_AREA_STYLE_COLOUR('',#12198);
#13513 = CURVE_STYLE('',#13514,POSITIVE_LENGTH_MEASURE(0.1),#12198);
#13514 = DRAUGHTING_PRE_DEFINED_CURVE_FONT('continuous');
#13515 = STYLED_ITEM('color',(#13516),#4740);
#13516 = PRESENTATION_STYLE_ASSIGNMENT((#13517,#13522));
#13517 = SURFACE_STYLE_USAGE(.BOTH.,#13518);
#13518 = SURFACE_SIDE_STYLE('',(#13519));
#13519 = SURFACE_STYLE_FILL_AREA(#13520);
#13520 = FILL_AREA_STYLE('',(#13521));
#13521 = FILL_AREA_STYLE_COLOUR('',#12198);
#13522 = CURVE_STYLE('',#13523,POSITIVE_LENGTH_MEASURE(0.1),#12198);
#13523 = DRAUGHTING_PRE_DEFINED_CURVE_FONT('continuous');
#13524 = STYLED_ITEM('color',(#13525),#4757);
#13525 = PRESENTATION_STYLE_ASSIGNMENT((#13526,#13531));
#13526 = SURFACE_STYLE_USAGE(.BOTH.,#13527);
#13527 = SURFACE_SIDE_STYLE('',(#13528));
#13528 = SURFACE_STYLE_FILL_AREA(#13529);
#13529 = FILL_AREA_STYLE('',(#13530));
#13530 = FILL_AREA_STYLE_COLOUR('',#12198);
#13531 = CURVE_STYLE('',#13532,POSITIVE_LENGTH_MEASURE(0.1),#12198);
#13532 = DRAUGHTING_PRE_DEFINED_CURVE_FONT('continuous');
#13533 = STYLED_ITEM('color',(#13534),#4774);
#13534 = PRESENTATION_STYLE_ASSIGNMENT((#13535,#13540));
#13535 = SURFACE_STYLE_USAGE(.BOTH.,#13536);
#13536 = SURFACE_SIDE_STYLE('',(#13537));
#13537 = SURFACE_STYLE_FILL_AREA(#13538);
#13538 = FILL_AREA_STYLE('',(#13539));
#13539 = FILL_AREA_STYLE_COLOUR('',#12198);
#13540 = CURVE_STYLE('',#13541,POSITIVE_LENGTH_MEASURE(0.1),#12198);
#13541 = DRAUGHTING_PRE_DEFINED_CURVE_FONT('continuous');
#13542 = STYLED_ITEM('color',(#13543),#4791);
#13543 = PRESENTATION_STYLE_ASSIGNMENT((#13544,#13549));
#13544 = SURFACE_STYLE_USAGE(.BOTH.,#13545);
#13545 = SURFACE_SIDE_STYLE('',(#13546));
#13546 = SURFACE_STYLE_FILL_AREA(#13547);
#13547 = FILL_AREA_STYLE('',(#13548));
#13548 = FILL_AREA_STYLE_COLOUR('',#12198);
#13549 = CURVE_STYLE('',#13550,POSITIVE_LENGTH_MEASURE(0.1),#12198);
#13550 = DRAUGHTING_PRE_DEFINED_CURVE_FONT('continuous');
#13551 = STYLED_ITEM('color',(#13552),#4803);
#13552 = PRESENTATION_STYLE_ASSIGNMENT((#13553,#13558));
#13553 = SURFACE_STYLE_USAGE(.BOTH.,#13554);
#13554 = SURFACE_SIDE_STYLE('',(#13555));
#13555 = SURFACE_STYLE_FILL_AREA(#13556);
#13556 = FILL_AREA_STYLE('',(#13557));
#13557 = FILL_AREA_STYLE_COLOUR('',#12198);
#13558 = CURVE_STYLE('',#13559,POSITIVE_LENGTH_MEASURE(0.1),#12198);
#13559 = DRAUGHTING_PRE_DEFINED_CURVE_FONT('continuous');
#13560 = STYLED_ITEM('color',(#13561),#4820);
#13561 = PRESENTATION_STYLE_ASSIGNMENT((#13562,#13567));
#13562 = SURFACE_STYLE_USAGE(.BOTH.,#13563);
#13563 = SURFACE_SIDE_STYLE('',(#13564));
#13564 = SURFACE_STYLE_FILL_AREA(#13565);
#13565 = FILL_AREA_STYLE('',(#13566));
#13566 = FILL_AREA_STYLE_COLOUR('',#12198);
#13567 = CURVE_STYLE('',#13568,POSITIVE_LENGTH_MEASURE(0.1),#12198);
#13568 = DRAUGHTING_PRE_DEFINED_CURVE_FONT('continuous');
#13569 = STYLED_ITEM('color',(#13570),#4837);
#13570 = PRESENTATION_STYLE_ASSIGNMENT((#13571,#13576));
#13571 = SURFACE_STYLE_USAGE(.BOTH.,#13572);
#13572 = SURFACE_SIDE_STYLE('',(#13573));
#13573 = SURFACE_STYLE_FILL_AREA(#13574);
#13574 = FILL_AREA_STYLE('',(#13575));
#13575 = FILL_AREA_STYLE_COLOUR('',#12198);
#13576 = CURVE_STYLE('',#13577,POSITIVE_LENGTH_MEASURE(0.1),#12198);
#13577 = DRAUGHTING_PRE_DEFINED_CURVE_FONT('continuous');
#13578 = STYLED_ITEM('color',(#13579),#4854);
#13579 = PRESENTATION_STYLE_ASSIGNMENT((#13580,#13585));
#13580 = SURFACE_STYLE_USAGE(.BOTH.,#13581);
#13581 = SURFACE_SIDE_STYLE('',(#13582));
#13582 = SURFACE_STYLE_FILL_AREA(#13583);
#13583 = FILL_AREA_STYLE('',(#13584));
#13584 = FILL_AREA_STYLE_COLOUR('',#12198);
#13585 = CURVE_STYLE('',#13586,POSITIVE_LENGTH_MEASURE(0.1),#12198);
#13586 = DRAUGHTING_PRE_DEFINED_CURVE_FONT('continuous');
#13587 = STYLED_ITEM('color',(#13588),#4871);
#13588 = PRESENTATION_STYLE_ASSIGNMENT((#13589,#13594));
#13589 = SURFACE_STYLE_USAGE(.BOTH.,#13590);
#13590 = SURFACE_SIDE_STYLE('',(#13591));
#13591 = SURFACE_STYLE_FILL_AREA(#13592);
#13592 = FILL_AREA_STYLE('',(#13593));
#13593 = FILL_AREA_STYLE_COLOUR('',#12198);
#13594 = CURVE_STYLE('',#13595,POSITIVE_LENGTH_MEASURE(0.1),#12198);
#13595 = DRAUGHTING_PRE_DEFINED_CURVE_FONT('continuous');
#13596 = STYLED_ITEM('color',(#13597),#4883);
#13597 = PRESENTATION_STYLE_ASSIGNMENT((#13598,#13603));
#13598 = SURFACE_STYLE_USAGE(.BOTH.,#13599);
#13599 = SURFACE_SIDE_STYLE('',(#13600));
#13600 = SURFACE_STYLE_FILL_AREA(#13601);
#13601 = FILL_AREA_STYLE('',(#13602));
#13602 = FILL_AREA_STYLE_COLOUR('',#12198);
#13603 = CURVE_STYLE('',#13604,POSITIVE_LENGTH_MEASURE(0.1),#12198);
#13604 = DRAUGHTING_PRE_DEFINED_CURVE_FONT('continuous');
#13605 = STYLED_ITEM('color',(#13606),#4900);
#13606 = PRESENTATION_STYLE_ASSIGNMENT((#13607,#13612));
#13607 = SURFACE_STYLE_USAGE(.BOTH.,#13608);
#13608 = SURFACE_SIDE_STYLE('',(#13609));
#13609 = SURFACE_STYLE_FILL_AREA(#13610);
#13610 = FILL_AREA_STYLE('',(#13611));
#13611 = FILL_AREA_STYLE_COLOUR('',#12198);
#13612 = CURVE_STYLE('',#13613,POSITIVE_LENGTH_MEASURE(0.1),#12198);
#13613 = DRAUGHTING_PRE_DEFINED_CURVE_FONT('continuous');
#13614 = STYLED_ITEM('color',(#13615),#4917);
#13615 = PRESENTATION_STYLE_ASSIGNMENT((#13616,#13621));
#13616 = SURFACE_STYLE_USAGE(.BOTH.,#13617);
#13617 = SURFACE_SIDE_STYLE('',(#13618));
#13618 = SURFACE_STYLE_FILL_AREA(#13619);
#13619 = FILL_AREA_STYLE('',(#13620));
#13620 = FILL_AREA_STYLE_COLOUR('',#12198);
#13621 = CURVE_STYLE('',#13622,POSITIVE_LENGTH_MEASURE(0.1),#12198);
#13622 = DRAUGHTING_PRE_DEFINED_CURVE_FONT('continuous');
#13623 = STYLED_ITEM('color',(#13624),#4934);
#13624 = PRESENTATION_STYLE_ASSIGNMENT((#13625,#13630));
#13625 = SURFACE_STYLE_USAGE(.BOTH.,#13626);
#13626 = SURFACE_SIDE_STYLE('',(#13627));
#13627 = SURFACE_STYLE_FILL_AREA(#13628);
#13628 = FILL_AREA_STYLE('',(#13629));
#13629 = FILL_AREA_STYLE_COLOUR('',#12198);
#13630 = CURVE_STYLE('',#13631,POSITIVE_LENGTH_MEASURE(0.1),#12198);
#13631 = DRAUGHTING_PRE_DEFINED_CURVE_FONT('continuous');
#13632 = STYLED_ITEM('color',(#13633),#4951);
#13633 = PRESENTATION_STYLE_ASSIGNMENT((#13634,#13639));
#13634 = SURFACE_STYLE_USAGE(.BOTH.,#13635);
#13635 = SURFACE_SIDE_STYLE('',(#13636));
#13636 = SURFACE_STYLE_FILL_AREA(#13637);
#13637 = FILL_AREA_STYLE('',(#13638));
#13638 = FILL_AREA_STYLE_COLOUR('',#12198);
#13639 = CURVE_STYLE('',#13640,POSITIVE_LENGTH_MEASURE(0.1),#12198);
#13640 = DRAUGHTING_PRE_DEFINED_CURVE_FONT('continuous');
#13641 = STYLED_ITEM('color',(#13642),#4963);
#13642 = PRESENTATION_STYLE_ASSIGNMENT((#13643,#13648));
#13643 = SURFACE_STYLE_USAGE(.BOTH.,#13644);
#13644 = SURFACE_SIDE_STYLE('',(#13645));
#13645 = SURFACE_STYLE_FILL_AREA(#13646);
#13646 = FILL_AREA_STYLE('',(#13647));
#13647 = FILL_AREA_STYLE_COLOUR('',#12198);
#13648 = CURVE_STYLE('',#13649,POSITIVE_LENGTH_MEASURE(0.1),#12198);
#13649 = DRAUGHTING_PRE_DEFINED_CURVE_FONT('continuous');
#13650 = STYLED_ITEM('color',(#13651),#4980);
#13651 = PRESENTATION_STYLE_ASSIGNMENT((#13652,#13657));
#13652 = SURFACE_STYLE_USAGE(.BOTH.,#13653);
#13653 = SURFACE_SIDE_STYLE('',(#13654));
#13654 = SURFACE_STYLE_FILL_AREA(#13655);
#13655 = FILL_AREA_STYLE('',(#13656));
#13656 = FILL_AREA_STYLE_COLOUR('',#12198);
#13657 = CURVE_STYLE('',#13658,POSITIVE_LENGTH_MEASURE(0.1),#12198);
#13658 = DRAUGHTING_PRE_DEFINED_CURVE_FONT('continuous');
#13659 = STYLED_ITEM('color',(#13660),#4997);
#13660 = PRESENTATION_STYLE_ASSIGNMENT((#13661,#13666));
#13661 = SURFACE_STYLE_USAGE(.BOTH.,#13662);
#13662 = SURFACE_SIDE_STYLE('',(#13663));
#13663 = SURFACE_STYLE_FILL_AREA(#13664);
#13664 = FILL_AREA_STYLE('',(#13665));
#13665 = FILL_AREA_STYLE_COLOUR('',#12198);
#13666 = CURVE_STYLE('',#13667,POSITIVE_LENGTH_MEASURE(0.1),#12198);
#13667 = DRAUGHTING_PRE_DEFINED_CURVE_FONT('continuous');
#13668 = STYLED_ITEM('color',(#13669),#5014);
#13669 = PRESENTATION_STYLE_ASSIGNMENT((#13670,#13675));
#13670 = SURFACE_STYLE_USAGE(.BOTH.,#13671);
#13671 = SURFACE_SIDE_STYLE('',(#13672));
#13672 = SURFACE_STYLE_FILL_AREA(#13673);
#13673 = FILL_AREA_STYLE('',(#13674));
#13674 = FILL_AREA_STYLE_COLOUR('',#12198);
#13675 = CURVE_STYLE('',#13676,POSITIVE_LENGTH_MEASURE(0.1),#12198);
#13676 = DRAUGHTING_PRE_DEFINED_CURVE_FONT('continuous');
#13677 = STYLED_ITEM('color',(#13678),#5031);
#13678 = PRESENTATION_STYLE_ASSIGNMENT((#13679,#13684));
#13679 = SURFACE_STYLE_USAGE(.BOTH.,#13680);
#13680 = SURFACE_SIDE_STYLE('',(#13681));
#13681 = SURFACE_STYLE_FILL_AREA(#13682);
#13682 = FILL_AREA_STYLE('',(#13683));
#13683 = FILL_AREA_STYLE_COLOUR('',#12198);
#13684 = CURVE_STYLE('',#13685,POSITIVE_LENGTH_MEASURE(0.1),#12198);
#13685 = DRAUGHTING_PRE_DEFINED_CURVE_FONT('continuous');
#13686 = STYLED_ITEM('color',(#13687),#5043);
#13687 = PRESENTATION_STYLE_ASSIGNMENT((#13688,#13693));
#13688 = SURFACE_STYLE_USAGE(.BOTH.,#13689);
#13689 = SURFACE_SIDE_STYLE('',(#13690));
#13690 = SURFACE_STYLE_FILL_AREA(#13691);
#13691 = FILL_AREA_STYLE('',(#13692));
#13692 = FILL_AREA_STYLE_COLOUR('',#12198);
#13693 = CURVE_STYLE('',#13694,POSITIVE_LENGTH_MEASURE(0.1),#12198);
#13694 = DRAUGHTING_PRE_DEFINED_CURVE_FONT('continuous');
#13695 = STYLED_ITEM('color',(#13696),#5060);
#13696 = PRESENTATION_STYLE_ASSIGNMENT((#13697,#13702));
#13697 = SURFACE_STYLE_USAGE(.BOTH.,#13698);
#13698 = SURFACE_SIDE_STYLE('',(#13699));
#13699 = SURFACE_STYLE_FILL_AREA(#13700);
#13700 = FILL_AREA_STYLE('',(#13701));
#13701 = FILL_AREA_STYLE_COLOUR('',#12198);
#13702 = CURVE_STYLE('',#13703,POSITIVE_LENGTH_MEASURE(0.1),#12198);
#13703 = DRAUGHTING_PRE_DEFINED_CURVE_FONT('continuous');
#13704 = STYLED_ITEM('color',(#13705),#5077);
#13705 = PRESENTATION_STYLE_ASSIGNMENT((#13706,#13711));
#13706 = SURFACE_STYLE_USAGE(.BOTH.,#13707);
#13707 = SURFACE_SIDE_STYLE('',(#13708));
#13708 = SURFACE_STYLE_FILL_AREA(#13709);
#13709 = FILL_AREA_STYLE('',(#13710));
#13710 = FILL_AREA_STYLE_COLOUR('',#12198);
#13711 = CURVE_STYLE('',#13712,POSITIVE_LENGTH_MEASURE(0.1),#12198);
#13712 = DRAUGHTING_PRE_DEFINED_CURVE_FONT('continuous');
#13713 = STYLED_ITEM('color',(#13714),#5094);
#13714 = PRESENTATION_STYLE_ASSIGNMENT((#13715,#13720));
#13715 = SURFACE_STYLE_USAGE(.BOTH.,#13716);
#13716 = SURFACE_SIDE_STYLE('',(#13717));
#13717 = SURFACE_STYLE_FILL_AREA(#13718);
#13718 = FILL_AREA_STYLE('',(#13719));
#13719 = FILL_AREA_STYLE_COLOUR('',#12198);
#13720 = CURVE_STYLE('',#13721,POSITIVE_LENGTH_MEASURE(0.1),#12198);
#13721 = DRAUGHTING_PRE_DEFINED_CURVE_FONT('continuous');
#13722 = STYLED_ITEM('color',(#13723),#5111);
#13723 = PRESENTATION_STYLE_ASSIGNMENT((#13724,#13729));
#13724 = SURFACE_STYLE_USAGE(.BOTH.,#13725);
#13725 = SURFACE_SIDE_STYLE('',(#13726));
#13726 = SURFACE_STYLE_FILL_AREA(#13727);
#13727 = FILL_AREA_STYLE('',(#13728));
#13728 = FILL_AREA_STYLE_COLOUR('',#12198);
#13729 = CURVE_STYLE('',#13730,POSITIVE_LENGTH_MEASURE(0.1),#12198);
#13730 = DRAUGHTING_PRE_DEFINED_CURVE_FONT('continuous');
#13731 = STYLED_ITEM('color',(#13732),#5123);
#13732 = PRESENTATION_STYLE_ASSIGNMENT((#13733,#13738));
#13733 = SURFACE_STYLE_USAGE(.BOTH.,#13734);
#13734 = SURFACE_SIDE_STYLE('',(#13735));
#13735 = SURFACE_STYLE_FILL_AREA(#13736);
#13736 = FILL_AREA_STYLE('',(#13737));
#13737 = FILL_AREA_STYLE_COLOUR('',#12198);
#13738 = CURVE_STYLE('',#13739,POSITIVE_LENGTH_MEASURE(0.1),#12198);
#13739 = DRAUGHTING_PRE_DEFINED_CURVE_FONT('continuous');
#13740 = STYLED_ITEM('color',(#13741),#5140);
#13741 = PRESENTATION_STYLE_ASSIGNMENT((#13742,#13747));
#13742 = SURFACE_STYLE_USAGE(.BOTH.,#13743);
#13743 = SURFACE_SIDE_STYLE('',(#13744));
#13744 = SURFACE_STYLE_FILL_AREA(#13745);
#13745 = FILL_AREA_STYLE('',(#13746));
#13746 = FILL_AREA_STYLE_COLOUR('',#12198);
#13747 = CURVE_STYLE('',#13748,POSITIVE_LENGTH_MEASURE(0.1),#12198);
#13748 = DRAUGHTING_PRE_DEFINED_CURVE_FONT('continuous');
#13749 = STYLED_ITEM('color',(#13750),#5157);
#13750 = PRESENTATION_STYLE_ASSIGNMENT((#13751,#13756));
#13751 = SURFACE_STYLE_USAGE(.BOTH.,#13752);
#13752 = SURFACE_SIDE_STYLE('',(#13753));
#13753 = SURFACE_STYLE_FILL_AREA(#13754);
#13754 = FILL_AREA_STYLE('',(#13755));
#13755 = FILL_AREA_STYLE_COLOUR('',#12198);
#13756 = CURVE_STYLE('',#13757,POSITIVE_LENGTH_MEASURE(0.1),#12198);
#13757 = DRAUGHTING_PRE_DEFINED_CURVE_FONT('continuous');
#13758 = STYLED_ITEM('color',(#13759),#5174);
#13759 = PRESENTATION_STYLE_ASSIGNMENT((#13760,#13765));
#13760 = SURFACE_STYLE_USAGE(.BOTH.,#13761);
#13761 = SURFACE_SIDE_STYLE('',(#13762));
#13762 = SURFACE_STYLE_FILL_AREA(#13763);
#13763 = FILL_AREA_STYLE('',(#13764));
#13764 = FILL_AREA_STYLE_COLOUR('',#12198);
#13765 = CURVE_STYLE('',#13766,POSITIVE_LENGTH_MEASURE(0.1),#12198);
#13766 = DRAUGHTING_PRE_DEFINED_CURVE_FONT('continuous');
#13767 = STYLED_ITEM('color',(#13768),#5191);
#13768 = PRESENTATION_STYLE_ASSIGNMENT((#13769,#13774));
#13769 = SURFACE_STYLE_USAGE(.BOTH.,#13770);
#13770 = SURFACE_SIDE_STYLE('',(#13771));
#13771 = SURFACE_STYLE_FILL_AREA(#13772);
#13772 = FILL_AREA_STYLE('',(#13773));
#13773 = FILL_AREA_STYLE_COLOUR('',#12198);
#13774 = CURVE_STYLE('',#13775,POSITIVE_LENGTH_MEASURE(0.1),#12198);
#13775 = DRAUGHTING_PRE_DEFINED_CURVE_FONT('continuous');
#13776 = STYLED_ITEM('color',(#13777),#5203);
#13777 = PRESENTATION_STYLE_ASSIGNMENT((#13778,#13783));
#13778 = SURFACE_STYLE_USAGE(.BOTH.,#13779);
#13779 = SURFACE_SIDE_STYLE('',(#13780));
#13780 = SURFACE_STYLE_FILL_AREA(#13781);
#13781 = FILL_AREA_STYLE('',(#13782));
#13782 = FILL_AREA_STYLE_COLOUR('',#12198);
#13783 = CURVE_STYLE('',#13784,POSITIVE_LENGTH_MEASURE(0.1),#12198);
#13784 = DRAUGHTING_PRE_DEFINED_CURVE_FONT('continuous');
#13785 = STYLED_ITEM('color',(#13786),#5220);
#13786 = PRESENTATION_STYLE_ASSIGNMENT((#13787,#13792));
#13787 = SURFACE_STYLE_USAGE(.BOTH.,#13788);
#13788 = SURFACE_SIDE_STYLE('',(#13789));
#13789 = SURFACE_STYLE_FILL_AREA(#13790);
#13790 = FILL_AREA_STYLE('',(#13791));
#13791 = FILL_AREA_STYLE_COLOUR('',#12198);
#13792 = CURVE_STYLE('',#13793,POSITIVE_LENGTH_MEASURE(0.1),#12198);
#13793 = DRAUGHTING_PRE_DEFINED_CURVE_FONT('continuous');
#13794 = STYLED_ITEM('color',(#13795),#5237);
#13795 = PRESENTATION_STYLE_ASSIGNMENT((#13796,#13801));
#13796 = SURFACE_STYLE_USAGE(.BOTH.,#13797);
#13797 = SURFACE_SIDE_STYLE('',(#13798));
#13798 = SURFACE_STYLE_FILL_AREA(#13799);
#13799 = FILL_AREA_STYLE('',(#13800));
#13800 = FILL_AREA_STYLE_COLOUR('',#12198);
#13801 = CURVE_STYLE('',#13802,POSITIVE_LENGTH_MEASURE(0.1),#12198);
#13802 = DRAUGHTING_PRE_DEFINED_CURVE_FONT('continuous');
#13803 = STYLED_ITEM('color',(#13804),#5254);
#13804 = PRESENTATION_STYLE_ASSIGNMENT((#13805,#13810));
#13805 = SURFACE_STYLE_USAGE(.BOTH.,#13806);
#13806 = SURFACE_SIDE_STYLE('',(#13807));
#13807 = SURFACE_STYLE_FILL_AREA(#13808);
#13808 = FILL_AREA_STYLE('',(#13809));
#13809 = FILL_AREA_STYLE_COLOUR('',#12198);
#13810 = CURVE_STYLE('',#13811,POSITIVE_LENGTH_MEASURE(0.1),#12198);
#13811 = DRAUGHTING_PRE_DEFINED_CURVE_FONT('continuous');
#13812 = STYLED_ITEM('color',(#13813),#5271);
#13813 = PRESENTATION_STYLE_ASSIGNMENT((#13814,#13819));
#13814 = SURFACE_STYLE_USAGE(.BOTH.,#13815);
#13815 = SURFACE_SIDE_STYLE('',(#13816));
#13816 = SURFACE_STYLE_FILL_AREA(#13817);
#13817 = FILL_AREA_STYLE('',(#13818));
#13818 = FILL_AREA_STYLE_COLOUR('',#12198);
#13819 = CURVE_STYLE('',#13820,POSITIVE_LENGTH_MEASURE(0.1),#12198);
#13820 = DRAUGHTING_PRE_DEFINED_CURVE_FONT('continuous');
#13821 = STYLED_ITEM('color',(#13822),#5283);
#13822 = PRESENTATION_STYLE_ASSIGNMENT((#13823,#13828));
#13823 = SURFACE_STYLE_USAGE(.BOTH.,#13824);
#13824 = SURFACE_SIDE_STYLE('',(#13825));
#13825 = SURFACE_STYLE_FILL_AREA(#13826);
#13826 = FILL_AREA_STYLE('',(#13827));
#13827 = FILL_AREA_STYLE_COLOUR('',#12198);
#13828 = CURVE_STYLE('',#13829,POSITIVE_LENGTH_MEASURE(0.1),#12198);
#13829 = DRAUGHTING_PRE_DEFINED_CURVE_FONT('continuous');
#13830 = STYLED_ITEM('color',(#13831),#5300);
#13831 = PRESENTATION_STYLE_ASSIGNMENT((#13832,#13837));
#13832 = SURFACE_STYLE_USAGE(.BOTH.,#13833);
#13833 = SURFACE_SIDE_STYLE('',(#13834));
#13834 = SURFACE_STYLE_FILL_AREA(#13835);
#13835 = FILL_AREA_STYLE('',(#13836));
#13836 = FILL_AREA_STYLE_COLOUR('',#12198);
#13837 = CURVE_STYLE('',#13838,POSITIVE_LENGTH_MEASURE(0.1),#12198);
#13838 = DRAUGHTING_PRE_DEFINED_CURVE_FONT('continuous');
#13839 = STYLED_ITEM('color',(#13840),#5317);
#13840 = PRESENTATION_STYLE_ASSIGNMENT((#13841,#13846));
#13841 = SURFACE_STYLE_USAGE(.BOTH.,#13842);
#13842 = SURFACE_SIDE_STYLE('',(#13843));
#13843 = SURFACE_STYLE_FILL_AREA(#13844);
#13844 = FILL_AREA_STYLE('',(#13845));
#13845 = FILL_AREA_STYLE_COLOUR('',#12198);
#13846 = CURVE_STYLE('',#13847,POSITIVE_LENGTH_MEASURE(0.1),#12198);
#13847 = DRAUGHTING_PRE_DEFINED_CURVE_FONT('continuous');
#13848 = STYLED_ITEM('color',(#13849),#5334);
#13849 = PRESENTATION_STYLE_ASSIGNMENT((#13850,#13855));
#13850 = SURFACE_STYLE_USAGE(.BOTH.,#13851);
#13851 = SURFACE_SIDE_STYLE('',(#13852));
#13852 = SURFACE_STYLE_FILL_AREA(#13853);
#13853 = FILL_AREA_STYLE('',(#13854));
#13854 = FILL_AREA_STYLE_COLOUR('',#12198);
#13855 = CURVE_STYLE('',#13856,POSITIVE_LENGTH_MEASURE(0.1),#12198);
#13856 = DRAUGHTING_PRE_DEFINED_CURVE_FONT('continuous');
#13857 = STYLED_ITEM('color',(#13858),#5351);
#13858 = PRESENTATION_STYLE_ASSIGNMENT((#13859,#13864));
#13859 = SURFACE_STYLE_USAGE(.BOTH.,#13860);
#13860 = SURFACE_SIDE_STYLE('',(#13861));
#13861 = SURFACE_STYLE_FILL_AREA(#13862);
#13862 = FILL_AREA_STYLE('',(#13863));
#13863 = FILL_AREA_STYLE_COLOUR('',#12198);
#13864 = CURVE_STYLE('',#13865,POSITIVE_LENGTH_MEASURE(0.1),#12198);
#13865 = DRAUGHTING_PRE_DEFINED_CURVE_FONT('continuous');
#13866 = STYLED_ITEM('color',(#13867),#5363);
#13867 = PRESENTATION_STYLE_ASSIGNMENT((#13868,#13873));
#13868 = SURFACE_STYLE_USAGE(.BOTH.,#13869);
#13869 = SURFACE_SIDE_STYLE('',(#13870));
#13870 = SURFACE_STYLE_FILL_AREA(#13871);
#13871 = FILL_AREA_STYLE('',(#13872));
#13872 = FILL_AREA_STYLE_COLOUR('',#12125);
#13873 = CURVE_STYLE('',#13874,POSITIVE_LENGTH_MEASURE(0.1),#12125);
#13874 = DRAUGHTING_PRE_DEFINED_CURVE_FONT('continuous');
#13875 = OVER_RIDING_STYLED_ITEM('overriding color',(#13876),#5370,
  #13866);
#13876 = PRESENTATION_STYLE_ASSIGNMENT((#13877,#13882));
#13877 = SURFACE_STYLE_USAGE(.BOTH.,#13878);
#13878 = SURFACE_SIDE_STYLE('',(#13879));
#13879 = SURFACE_STYLE_FILL_AREA(#13880);
#13880 = FILL_AREA_STYLE('',(#13881));
#13881 = FILL_AREA_STYLE_COLOUR('',#12198);
#13882 = CURVE_STYLE('',#13883,POSITIVE_LENGTH_MEASURE(0.1),#12198);
#13883 = DRAUGHTING_PRE_DEFINED_CURVE_FONT('continuous');
#13884 = STYLED_ITEM('color',(#13885),#5380);
#13885 = PRESENTATION_STYLE_ASSIGNMENT((#13886,#13891));
#13886 = SURFACE_STYLE_USAGE(.BOTH.,#13887);
#13887 = SURFACE_SIDE_STYLE('',(#13888));
#13888 = SURFACE_STYLE_FILL_AREA(#13889);
#13889 = FILL_AREA_STYLE('',(#13890));
#13890 = FILL_AREA_STYLE_COLOUR('',#12125);
#13891 = CURVE_STYLE('',#13892,POSITIVE_LENGTH_MEASURE(0.1),#12125);
#13892 = DRAUGHTING_PRE_DEFINED_CURVE_FONT('continuous');
#13893 = OVER_RIDING_STYLED_ITEM('overriding color',(#13894),#5385,
  #13884);
#13894 = PRESENTATION_STYLE_ASSIGNMENT((#13895,#13900));
#13895 = SURFACE_STYLE_USAGE(.BOTH.,#13896);
#13896 = SURFACE_SIDE_STYLE('',(#13897));
#13897 = SURFACE_STYLE_FILL_AREA(#13898);
#13898 = FILL_AREA_STYLE('',(#13899));
#13899 = FILL_AREA_STYLE_COLOUR('',#12198);
#13900 = CURVE_STYLE('',#13901,POSITIVE_LENGTH_MEASURE(0.1),#12198);
#13901 = DRAUGHTING_PRE_DEFINED_CURVE_FONT('continuous');
#13902 = STYLED_ITEM('color',(#13903),#5397);
#13903 = PRESENTATION_STYLE_ASSIGNMENT((#13904,#13909));
#13904 = SURFACE_STYLE_USAGE(.BOTH.,#13905);
#13905 = SURFACE_SIDE_STYLE('',(#13906));
#13906 = SURFACE_STYLE_FILL_AREA(#13907);
#13907 = FILL_AREA_STYLE('',(#13908));
#13908 = FILL_AREA_STYLE_COLOUR('',#12198);
#13909 = CURVE_STYLE('',#13910,POSITIVE_LENGTH_MEASURE(0.1),#12198);
#13910 = DRAUGHTING_PRE_DEFINED_CURVE_FONT('continuous');
#13911 = STYLED_ITEM('color',(#13912),#5446);
#13912 = PRESENTATION_STYLE_ASSIGNMENT((#13913,#13918));
#13913 = SURFACE_STYLE_USAGE(.BOTH.,#13914);
#13914 = SURFACE_SIDE_STYLE('',(#13915));
#13915 = SURFACE_STYLE_FILL_AREA(#13916);
#13916 = FILL_AREA_STYLE('',(#13917));
#13917 = FILL_AREA_STYLE_COLOUR('',#12198);
#13918 = CURVE_STYLE('',#13919,POSITIVE_LENGTH_MEASURE(0.1),#12198);
#13919 = DRAUGHTING_PRE_DEFINED_CURVE_FONT('continuous');
#13920 = STYLED_ITEM('color',(#13921),#5470);
#13921 = PRESENTATION_STYLE_ASSIGNMENT((#13922,#13927));
#13922 = SURFACE_STYLE_USAGE(.BOTH.,#13923);
#13923 = SURFACE_SIDE_STYLE('',(#13924));
#13924 = SURFACE_STYLE_FILL_AREA(#13925);
#13925 = FILL_AREA_STYLE('',(#13926));
#13926 = FILL_AREA_STYLE_COLOUR('',#12198);
#13927 = CURVE_STYLE('',#13928,POSITIVE_LENGTH_MEASURE(0.1),#12198);
#13928 = DRAUGHTING_PRE_DEFINED_CURVE_FONT('continuous');
#13929 = STYLED_ITEM('color',(#13930),#5512);
#13930 = PRESENTATION_STYLE_ASSIGNMENT((#13931,#13936));
#13931 = SURFACE_STYLE_USAGE(.BOTH.,#13932);
#13932 = SURFACE_SIDE_STYLE('',(#13933));
#13933 = SURFACE_STYLE_FILL_AREA(#13934);
#13934 = FILL_AREA_STYLE('',(#13935));
#13935 = FILL_AREA_STYLE_COLOUR('',#12198);
#13936 = CURVE_STYLE('',#13937,POSITIVE_LENGTH_MEASURE(0.1),#12198);
#13937 = DRAUGHTING_PRE_DEFINED_CURVE_FONT('continuous');
#13938 = STYLED_ITEM('color',(#13939),#5529);
#13939 = PRESENTATION_STYLE_ASSIGNMENT((#13940,#13945));
#13940 = SURFACE_STYLE_USAGE(.BOTH.,#13941);
#13941 = SURFACE_SIDE_STYLE('',(#13942));
#13942 = SURFACE_STYLE_FILL_AREA(#13943);
#13943 = FILL_AREA_STYLE('',(#13944));
#13944 = FILL_AREA_STYLE_COLOUR('',#12125);
#13945 = CURVE_STYLE('',#13946,POSITIVE_LENGTH_MEASURE(0.1),#12125);
#13946 = DRAUGHTING_PRE_DEFINED_CURVE_FONT('continuous');
#13947 = OVER_RIDING_STYLED_ITEM('overriding color',(#13948),#5536,
  #13938);
#13948 = PRESENTATION_STYLE_ASSIGNMENT((#13949,#13954));
#13949 = SURFACE_STYLE_USAGE(.BOTH.,#13950);
#13950 = SURFACE_SIDE_STYLE('',(#13951));
#13951 = SURFACE_STYLE_FILL_AREA(#13952);
#13952 = FILL_AREA_STYLE('',(#13953));
#13953 = FILL_AREA_STYLE_COLOUR('',#12198);
#13954 = CURVE_STYLE('',#13955,POSITIVE_LENGTH_MEASURE(0.1),#12198);
#13955 = DRAUGHTING_PRE_DEFINED_CURVE_FONT('continuous');
#13956 = STYLED_ITEM('color',(#13957),#5546);
#13957 = PRESENTATION_STYLE_ASSIGNMENT((#13958,#13963));
#13958 = SURFACE_STYLE_USAGE(.BOTH.,#13959);
#13959 = SURFACE_SIDE_STYLE('',(#13960));
#13960 = SURFACE_STYLE_FILL_AREA(#13961);
#13961 = FILL_AREA_STYLE('',(#13962));
#13962 = FILL_AREA_STYLE_COLOUR('',#12125);
#13963 = CURVE_STYLE('',#13964,POSITIVE_LENGTH_MEASURE(0.1),#12125);
#13964 = DRAUGHTING_PRE_DEFINED_CURVE_FONT('continuous');
#13965 = OVER_RIDING_STYLED_ITEM('overriding color',(#13966),#5551,
  #13956);
#13966 = PRESENTATION_STYLE_ASSIGNMENT((#13967,#13972));
#13967 = SURFACE_STYLE_USAGE(.BOTH.,#13968);
#13968 = SURFACE_SIDE_STYLE('',(#13969));
#13969 = SURFACE_STYLE_FILL_AREA(#13970);
#13970 = FILL_AREA_STYLE('',(#13971));
#13971 = FILL_AREA_STYLE_COLOUR('',#12198);
#13972 = CURVE_STYLE('',#13973,POSITIVE_LENGTH_MEASURE(0.1),#12198);
#13973 = DRAUGHTING_PRE_DEFINED_CURVE_FONT('continuous');
#13974 = STYLED_ITEM('color',(#13975),#5563);
#13975 = PRESENTATION_STYLE_ASSIGNMENT((#13976,#13981));
#13976 = SURFACE_STYLE_USAGE(.BOTH.,#13977);
#13977 = SURFACE_SIDE_STYLE('',(#13978));
#13978 = SURFACE_STYLE_FILL_AREA(#13979);
#13979 = FILL_AREA_STYLE('',(#13980));
#13980 = FILL_AREA_STYLE_COLOUR('',#12198);
#13981 = CURVE_STYLE('',#13982,POSITIVE_LENGTH_MEASURE(0.1),#12198);
#13982 = DRAUGHTING_PRE_DEFINED_CURVE_FONT('continuous');
#13983 = STYLED_ITEM('color',(#13984),#5612);
#13984 = PRESENTATION_STYLE_ASSIGNMENT((#13985,#13990));
#13985 = SURFACE_STYLE_USAGE(.BOTH.,#13986);
#13986 = SURFACE_SIDE_STYLE('',(#13987));
#13987 = SURFACE_STYLE_FILL_AREA(#13988);
#13988 = FILL_AREA_STYLE('',(#13989));
#13989 = FILL_AREA_STYLE_COLOUR('',#12198);
#13990 = CURVE_STYLE('',#13991,POSITIVE_LENGTH_MEASURE(0.1),#12198);
#13991 = DRAUGHTING_PRE_DEFINED_CURVE_FONT('continuous');
#13992 = STYLED_ITEM('color',(#13993),#5636);
#13993 = PRESENTATION_STYLE_ASSIGNMENT((#13994,#13999));
#13994 = SURFACE_STYLE_USAGE(.BOTH.,#13995);
#13995 = SURFACE_SIDE_STYLE('',(#13996));
#13996 = SURFACE_STYLE_FILL_AREA(#13997);
#13997 = FILL_AREA_STYLE('',(#13998));
#13998 = FILL_AREA_STYLE_COLOUR('',#12198);
#13999 = CURVE_STYLE('',#14000,POSITIVE_LENGTH_MEASURE(0.1),#12198);
#14000 = DRAUGHTING_PRE_DEFINED_CURVE_FONT('continuous');
#14001 = STYLED_ITEM('color',(#14002),#5678);
#14002 = PRESENTATION_STYLE_ASSIGNMENT((#14003,#14008));
#14003 = SURFACE_STYLE_USAGE(.BOTH.,#14004);
#14004 = SURFACE_SIDE_STYLE('',(#14005));
#14005 = SURFACE_STYLE_FILL_AREA(#14006);
#14006 = FILL_AREA_STYLE('',(#14007));
#14007 = FILL_AREA_STYLE_COLOUR('',#12198);
#14008 = CURVE_STYLE('',#14009,POSITIVE_LENGTH_MEASURE(0.1),#12198);
#14009 = DRAUGHTING_PRE_DEFINED_CURVE_FONT('continuous');
#14010 = STYLED_ITEM('color',(#14011),#5695);
#14011 = PRESENTATION_STYLE_ASSIGNMENT((#14012,#14017));
#14012 = SURFACE_STYLE_USAGE(.BOTH.,#14013);
#14013 = SURFACE_SIDE_STYLE('',(#14014));
#14014 = SURFACE_STYLE_FILL_AREA(#14015);
#14015 = FILL_AREA_STYLE('',(#14016));
#14016 = FILL_AREA_STYLE_COLOUR('',#12125);
#14017 = CURVE_STYLE('',#14018,POSITIVE_LENGTH_MEASURE(0.1),#12125);
#14018 = DRAUGHTING_PRE_DEFINED_CURVE_FONT('continuous');
#14019 = OVER_RIDING_STYLED_ITEM('overriding color',(#14020),#5702,
  #14010);
#14020 = PRESENTATION_STYLE_ASSIGNMENT((#14021,#14026));
#14021 = SURFACE_STYLE_USAGE(.BOTH.,#14022);
#14022 = SURFACE_SIDE_STYLE('',(#14023));
#14023 = SURFACE_STYLE_FILL_AREA(#14024);
#14024 = FILL_AREA_STYLE('',(#14025));
#14025 = FILL_AREA_STYLE_COLOUR('',#12198);
#14026 = CURVE_STYLE('',#14027,POSITIVE_LENGTH_MEASURE(0.1),#12198);
#14027 = DRAUGHTING_PRE_DEFINED_CURVE_FONT('continuous');
#14028 = STYLED_ITEM('color',(#14029),#5712);
#14029 = PRESENTATION_STYLE_ASSIGNMENT((#14030,#14035));
#14030 = SURFACE_STYLE_USAGE(.BOTH.,#14031);
#14031 = SURFACE_SIDE_STYLE('',(#14032));
#14032 = SURFACE_STYLE_FILL_AREA(#14033);
#14033 = FILL_AREA_STYLE('',(#14034));
#14034 = FILL_AREA_STYLE_COLOUR('',#12125);
#14035 = CURVE_STYLE('',#14036,POSITIVE_LENGTH_MEASURE(0.1),#12125);
#14036 = DRAUGHTING_PRE_DEFINED_CURVE_FONT('continuous');
#14037 = OVER_RIDING_STYLED_ITEM('overriding color',(#14038),#5717,
  #14028);
#14038 = PRESENTATION_STYLE_ASSIGNMENT((#14039,#14044));
#14039 = SURFACE_STYLE_USAGE(.BOTH.,#14040);
#14040 = SURFACE_SIDE_STYLE('',(#14041));
#14041 = SURFACE_STYLE_FILL_AREA(#14042);
#14042 = FILL_AREA_STYLE('',(#14043));
#14043 = FILL_AREA_STYLE_COLOUR('',#12198);
#14044 = CURVE_STYLE('',#14045,POSITIVE_LENGTH_MEASURE(0.1),#12198);
#14045 = DRAUGHTING_PRE_DEFINED_CURVE_FONT('continuous');
#14046 = STYLED_ITEM('color',(#14047),#5729);
#14047 = PRESENTATION_STYLE_ASSIGNMENT((#14048,#14053));
#14048 = SURFACE_STYLE_USAGE(.BOTH.,#14049);
#14049 = SURFACE_SIDE_STYLE('',(#14050));
#14050 = SURFACE_STYLE_FILL_AREA(#14051);
#14051 = FILL_AREA_STYLE('',(#14052));
#14052 = FILL_AREA_STYLE_COLOUR('',#12198);
#14053 = CURVE_STYLE('',#14054,POSITIVE_LENGTH_MEASURE(0.1),#12198);
#14054 = DRAUGHTING_PRE_DEFINED_CURVE_FONT('continuous');
#14055 = STYLED_ITEM('color',(#14056),#5778);
#14056 = PRESENTATION_STYLE_ASSIGNMENT((#14057,#14062));
#14057 = SURFACE_STYLE_USAGE(.BOTH.,#14058);
#14058 = SURFACE_SIDE_STYLE('',(#14059));
#14059 = SURFACE_STYLE_FILL_AREA(#14060);
#14060 = FILL_AREA_STYLE('',(#14061));
#14061 = FILL_AREA_STYLE_COLOUR('',#12198);
#14062 = CURVE_STYLE('',#14063,POSITIVE_LENGTH_MEASURE(0.1),#12198);
#14063 = DRAUGHTING_PRE_DEFINED_CURVE_FONT('continuous');
#14064 = STYLED_ITEM('color',(#14065),#5802);
#14065 = PRESENTATION_STYLE_ASSIGNMENT((#14066,#14071));
#14066 = SURFACE_STYLE_USAGE(.BOTH.,#14067);
#14067 = SURFACE_SIDE_STYLE('',(#14068));
#14068 = SURFACE_STYLE_FILL_AREA(#14069);
#14069 = FILL_AREA_STYLE('',(#14070));
#14070 = FILL_AREA_STYLE_COLOUR('',#12198);
#14071 = CURVE_STYLE('',#14072,POSITIVE_LENGTH_MEASURE(0.1),#12198);
#14072 = DRAUGHTING_PRE_DEFINED_CURVE_FONT('continuous');
#14073 = STYLED_ITEM('color',(#14074),#5844);
#14074 = PRESENTATION_STYLE_ASSIGNMENT((#14075,#14080));
#14075 = SURFACE_STYLE_USAGE(.BOTH.,#14076);
#14076 = SURFACE_SIDE_STYLE('',(#14077));
#14077 = SURFACE_STYLE_FILL_AREA(#14078);
#14078 = FILL_AREA_STYLE('',(#14079));
#14079 = FILL_AREA_STYLE_COLOUR('',#12198);
#14080 = CURVE_STYLE('',#14081,POSITIVE_LENGTH_MEASURE(0.1),#12198);
#14081 = DRAUGHTING_PRE_DEFINED_CURVE_FONT('continuous');
#14082 = STYLED_ITEM('color',(#14083),#5861);
#14083 = PRESENTATION_STYLE_ASSIGNMENT((#14084,#14089));
#14084 = SURFACE_STYLE_USAGE(.BOTH.,#14085);
#14085 = SURFACE_SIDE_STYLE('',(#14086));
#14086 = SURFACE_STYLE_FILL_AREA(#14087);
#14087 = FILL_AREA_STYLE('',(#14088));
#14088 = FILL_AREA_STYLE_COLOUR('',#12125);
#14089 = CURVE_STYLE('',#14090,POSITIVE_LENGTH_MEASURE(0.1),#12125);
#14090 = DRAUGHTING_PRE_DEFINED_CURVE_FONT('continuous');
#14091 = OVER_RIDING_STYLED_ITEM('overriding color',(#14092),#5868,
  #14082);
#14092 = PRESENTATION_STYLE_ASSIGNMENT((#14093,#14098));
#14093 = SURFACE_STYLE_USAGE(.BOTH.,#14094);
#14094 = SURFACE_SIDE_STYLE('',(#14095));
#14095 = SURFACE_STYLE_FILL_AREA(#14096);
#14096 = FILL_AREA_STYLE('',(#14097));
#14097 = FILL_AREA_STYLE_COLOUR('',#12198);
#14098 = CURVE_STYLE('',#14099,POSITIVE_LENGTH_MEASURE(0.1),#12198);
#14099 = DRAUGHTING_PRE_DEFINED_CURVE_FONT('continuous');
#14100 = STYLED_ITEM('color',(#14101),#5878);
#14101 = PRESENTATION_STYLE_ASSIGNMENT((#14102,#14107));
#14102 = SURFACE_STYLE_USAGE(.BOTH.,#14103);
#14103 = SURFACE_SIDE_STYLE('',(#14104));
#14104 = SURFACE_STYLE_FILL_AREA(#14105);
#14105 = FILL_AREA_STYLE('',(#14106));
#14106 = FILL_AREA_STYLE_COLOUR('',#12125);
#14107 = CURVE_STYLE('',#14108,POSITIVE_LENGTH_MEASURE(0.1),#12125);
#14108 = DRAUGHTING_PRE_DEFINED_CURVE_FONT('continuous');
#14109 = OVER_RIDING_STYLED_ITEM('overriding color',(#14110),#5883,
  #14100);
#14110 = PRESENTATION_STYLE_ASSIGNMENT((#14111,#14116));
#14111 = SURFACE_STYLE_USAGE(.BOTH.,#14112);
#14112 = SURFACE_SIDE_STYLE('',(#14113));
#14113 = SURFACE_STYLE_FILL_AREA(#14114);
#14114 = FILL_AREA_STYLE('',(#14115));
#14115 = FILL_AREA_STYLE_COLOUR('',#12198);
#14116 = CURVE_STYLE('',#14117,POSITIVE_LENGTH_MEASURE(0.1),#12198);
#14117 = DRAUGHTING_PRE_DEFINED_CURVE_FONT('continuous');
#14118 = STYLED_ITEM('color',(#14119),#5895);
#14119 = PRESENTATION_STYLE_ASSIGNMENT((#14120,#14125));
#14120 = SURFACE_STYLE_USAGE(.BOTH.,#14121);
#14121 = SURFACE_SIDE_STYLE('',(#14122));
#14122 = SURFACE_STYLE_FILL_AREA(#14123);
#14123 = FILL_AREA_STYLE('',(#14124));
#14124 = FILL_AREA_STYLE_COLOUR('',#12198);
#14125 = CURVE_STYLE('',#14126,POSITIVE_LENGTH_MEASURE(0.1),#12198);
#14126 = DRAUGHTING_PRE_DEFINED_CURVE_FONT('continuous');
#14127 = STYLED_ITEM('color',(#14128),#5944);
#14128 = PRESENTATION_STYLE_ASSIGNMENT((#14129,#14134));
#14129 = SURFACE_STYLE_USAGE(.BOTH.,#14130);
#14130 = SURFACE_SIDE_STYLE('',(#14131));
#14131 = SURFACE_STYLE_FILL_AREA(#14132);
#14132 = FILL_AREA_STYLE('',(#14133));
#14133 = FILL_AREA_STYLE_COLOUR('',#12198);
#14134 = CURVE_STYLE('',#14135,POSITIVE_LENGTH_MEASURE(0.1),#12198);
#14135 = DRAUGHTING_PRE_DEFINED_CURVE_FONT('continuous');
#14136 = STYLED_ITEM('color',(#14137),#5968);
#14137 = PRESENTATION_STYLE_ASSIGNMENT((#14138,#14143));
#14138 = SURFACE_STYLE_USAGE(.BOTH.,#14139);
#14139 = SURFACE_SIDE_STYLE('',(#14140));
#14140 = SURFACE_STYLE_FILL_AREA(#14141);
#14141 = FILL_AREA_STYLE('',(#14142));
#14142 = FILL_AREA_STYLE_COLOUR('',#12198);
#14143 = CURVE_STYLE('',#14144,POSITIVE_LENGTH_MEASURE(0.1),#12198);
#14144 = DRAUGHTING_PRE_DEFINED_CURVE_FONT('continuous');
#14145 = STYLED_ITEM('color',(#14146),#6010);
#14146 = PRESENTATION_STYLE_ASSIGNMENT((#14147,#14152));
#14147 = SURFACE_STYLE_USAGE(.BOTH.,#14148);
#14148 = SURFACE_SIDE_STYLE('',(#14149));
#14149 = SURFACE_STYLE_FILL_AREA(#14150);
#14150 = FILL_AREA_STYLE('',(#14151));
#14151 = FILL_AREA_STYLE_COLOUR('',#12198);
#14152 = CURVE_STYLE('',#14153,POSITIVE_LENGTH_MEASURE(0.1),#12198);
#14153 = DRAUGHTING_PRE_DEFINED_CURVE_FONT('continuous');
#14154 = STYLED_ITEM('color',(#14155),#6027);
#14155 = PRESENTATION_STYLE_ASSIGNMENT((#14156,#14161));
#14156 = SURFACE_STYLE_USAGE(.BOTH.,#14157);
#14157 = SURFACE_SIDE_STYLE('',(#14158));
#14158 = SURFACE_STYLE_FILL_AREA(#14159);
#14159 = FILL_AREA_STYLE('',(#14160));
#14160 = FILL_AREA_STYLE_COLOUR('',#12125);
#14161 = CURVE_STYLE('',#14162,POSITIVE_LENGTH_MEASURE(0.1),#12125);
#14162 = DRAUGHTING_PRE_DEFINED_CURVE_FONT('continuous');
#14163 = OVER_RIDING_STYLED_ITEM('overriding color',(#14164),#6034,
  #14154);
#14164 = PRESENTATION_STYLE_ASSIGNMENT((#14165,#14170));
#14165 = SURFACE_STYLE_USAGE(.BOTH.,#14166);
#14166 = SURFACE_SIDE_STYLE('',(#14167));
#14167 = SURFACE_STYLE_FILL_AREA(#14168);
#14168 = FILL_AREA_STYLE('',(#14169));
#14169 = FILL_AREA_STYLE_COLOUR('',#12198);
#14170 = CURVE_STYLE('',#14171,POSITIVE_LENGTH_MEASURE(0.1),#12198);
#14171 = DRAUGHTING_PRE_DEFINED_CURVE_FONT('continuous');
#14172 = STYLED_ITEM('color',(#14173),#6044);
#14173 = PRESENTATION_STYLE_ASSIGNMENT((#14174,#14179));
#14174 = SURFACE_STYLE_USAGE(.BOTH.,#14175);
#14175 = SURFACE_SIDE_STYLE('',(#14176));
#14176 = SURFACE_STYLE_FILL_AREA(#14177);
#14177 = FILL_AREA_STYLE('',(#14178));
#14178 = FILL_AREA_STYLE_COLOUR('',#12125);
#14179 = CURVE_STYLE('',#14180,POSITIVE_LENGTH_MEASURE(0.1),#12125);
#14180 = DRAUGHTING_PRE_DEFINED_CURVE_FONT('continuous');
#14181 = OVER_RIDING_STYLED_ITEM('overriding color',(#14182),#6049,
  #14172);
#14182 = PRESENTATION_STYLE_ASSIGNMENT((#14183,#14188));
#14183 = SURFACE_STYLE_USAGE(.BOTH.,#14184);
#14184 = SURFACE_SIDE_STYLE('',(#14185));
#14185 = SURFACE_STYLE_FILL_AREA(#14186);
#14186 = FILL_AREA_STYLE('',(#14187));
#14187 = FILL_AREA_STYLE_COLOUR('',#12198);
#14188 = CURVE_STYLE('',#14189,POSITIVE_LENGTH_MEASURE(0.1),#12198);
#14189 = DRAUGHTING_PRE_DEFINED_CURVE_FONT('continuous');
#14190 = STYLED_ITEM('color',(#14191),#6061);
#14191 = PRESENTATION_STYLE_ASSIGNMENT((#14192,#14197));
#14192 = SURFACE_STYLE_USAGE(.BOTH.,#14193);
#14193 = SURFACE_SIDE_STYLE('',(#14194));
#14194 = SURFACE_STYLE_FILL_AREA(#14195);
#14195 = FILL_AREA_STYLE('',(#14196));
#14196 = FILL_AREA_STYLE_COLOUR('',#12198);
#14197 = CURVE_STYLE('',#14198,POSITIVE_LENGTH_MEASURE(0.1),#12198);
#14198 = DRAUGHTING_PRE_DEFINED_CURVE_FONT('continuous');
#14199 = STYLED_ITEM('color',(#14200),#6110);
#14200 = PRESENTATION_STYLE_ASSIGNMENT((#14201,#14206));
#14201 = SURFACE_STYLE_USAGE(.BOTH.,#14202);
#14202 = SURFACE_SIDE_STYLE('',(#14203));
#14203 = SURFACE_STYLE_FILL_AREA(#14204);
#14204 = FILL_AREA_STYLE('',(#14205));
#14205 = FILL_AREA_STYLE_COLOUR('',#12198);
#14206 = CURVE_STYLE('',#14207,POSITIVE_LENGTH_MEASURE(0.1),#12198);
#14207 = DRAUGHTING_PRE_DEFINED_CURVE_FONT('continuous');
#14208 = STYLED_ITEM('color',(#14209),#6134);
#14209 = PRESENTATION_STYLE_ASSIGNMENT((#14210,#14215));
#14210 = SURFACE_STYLE_USAGE(.BOTH.,#14211);
#14211 = SURFACE_SIDE_STYLE('',(#14212));
#14212 = SURFACE_STYLE_FILL_AREA(#14213);
#14213 = FILL_AREA_STYLE('',(#14214));
#14214 = FILL_AREA_STYLE_COLOUR('',#12198);
#14215 = CURVE_STYLE('',#14216,POSITIVE_LENGTH_MEASURE(0.1),#12198);
#14216 = DRAUGHTING_PRE_DEFINED_CURVE_FONT('continuous');
#14217 = STYLED_ITEM('color',(#14218),#6176);
#14218 = PRESENTATION_STYLE_ASSIGNMENT((#14219,#14224));
#14219 = SURFACE_STYLE_USAGE(.BOTH.,#14220);
#14220 = SURFACE_SIDE_STYLE('',(#14221));
#14221 = SURFACE_STYLE_FILL_AREA(#14222);
#14222 = FILL_AREA_STYLE('',(#14223));
#14223 = FILL_AREA_STYLE_COLOUR('',#12198);
#14224 = CURVE_STYLE('',#14225,POSITIVE_LENGTH_MEASURE(0.1),#12198);
#14225 = DRAUGHTING_PRE_DEFINED_CURVE_FONT('continuous');
#14226 = STYLED_ITEM('color',(#14227),#6193);
#14227 = PRESENTATION_STYLE_ASSIGNMENT((#14228,#14233));
#14228 = SURFACE_STYLE_USAGE(.BOTH.,#14229);
#14229 = SURFACE_SIDE_STYLE('',(#14230));
#14230 = SURFACE_STYLE_FILL_AREA(#14231);
#14231 = FILL_AREA_STYLE('',(#14232));
#14232 = FILL_AREA_STYLE_COLOUR('',#12125);
#14233 = CURVE_STYLE('',#14234,POSITIVE_LENGTH_MEASURE(0.1),#12125);
#14234 = DRAUGHTING_PRE_DEFINED_CURVE_FONT('continuous');
#14235 = OVER_RIDING_STYLED_ITEM('overriding color',(#14236),#6200,
  #14226);
#14236 = PRESENTATION_STYLE_ASSIGNMENT((#14237,#14242));
#14237 = SURFACE_STYLE_USAGE(.BOTH.,#14238);
#14238 = SURFACE_SIDE_STYLE('',(#14239));
#14239 = SURFACE_STYLE_FILL_AREA(#14240);
#14240 = FILL_AREA_STYLE('',(#14241));
#14241 = FILL_AREA_STYLE_COLOUR('',#12198);
#14242 = CURVE_STYLE('',#14243,POSITIVE_LENGTH_MEASURE(0.1),#12198);
#14243 = DRAUGHTING_PRE_DEFINED_CURVE_FONT('continuous');
#14244 = STYLED_ITEM('color',(#14245),#6210);
#14245 = PRESENTATION_STYLE_ASSIGNMENT((#14246,#14251));
#14246 = SURFACE_STYLE_USAGE(.BOTH.,#14247);
#14247 = SURFACE_SIDE_STYLE('',(#14248));
#14248 = SURFACE_STYLE_FILL_AREA(#14249);
#14249 = FILL_AREA_STYLE('',(#14250));
#14250 = FILL_AREA_STYLE_COLOUR('',#12125);
#14251 = CURVE_STYLE('',#14252,POSITIVE_LENGTH_MEASURE(0.1),#12125);
#14252 = DRAUGHTING_PRE_DEFINED_CURVE_FONT('continuous');
#14253 = OVER_RIDING_STYLED_ITEM('overriding color',(#14254),#6215,
  #14244);
#14254 = PRESENTATION_STYLE_ASSIGNMENT((#14255,#14260));
#14255 = SURFACE_STYLE_USAGE(.BOTH.,#14256);
#14256 = SURFACE_SIDE_STYLE('',(#14257));
#14257 = SURFACE_STYLE_FILL_AREA(#14258);
#14258 = FILL_AREA_STYLE('',(#14259));
#14259 = FILL_AREA_STYLE_COLOUR('',#12198);
#14260 = CURVE_STYLE('',#14261,POSITIVE_LENGTH_MEASURE(0.1),#12198);
#14261 = DRAUGHTING_PRE_DEFINED_CURVE_FONT('continuous');
#14262 = STYLED_ITEM('color',(#14263),#6227);
#14263 = PRESENTATION_STYLE_ASSIGNMENT((#14264,#14269));
#14264 = SURFACE_STYLE_USAGE(.BOTH.,#14265);
#14265 = SURFACE_SIDE_STYLE('',(#14266));
#14266 = SURFACE_STYLE_FILL_AREA(#14267);
#14267 = FILL_AREA_STYLE('',(#14268));
#14268 = FILL_AREA_STYLE_COLOUR('',#12198);
#14269 = CURVE_STYLE('',#14270,POSITIVE_LENGTH_MEASURE(0.1),#12198);
#14270 = DRAUGHTING_PRE_DEFINED_CURVE_FONT('continuous');
#14271 = STYLED_ITEM('color',(#14272),#6276);
#14272 = PRESENTATION_STYLE_ASSIGNMENT((#14273,#14278));
#14273 = SURFACE_STYLE_USAGE(.BOTH.,#14274);
#14274 = SURFACE_SIDE_STYLE('',(#14275));
#14275 = SURFACE_STYLE_FILL_AREA(#14276);
#14276 = FILL_AREA_STYLE('',(#14277));
#14277 = FILL_AREA_STYLE_COLOUR('',#12198);
#14278 = CURVE_STYLE('',#14279,POSITIVE_LENGTH_MEASURE(0.1),#12198);
#14279 = DRAUGHTING_PRE_DEFINED_CURVE_FONT('continuous');
#14280 = STYLED_ITEM('color',(#14281),#6300);
#14281 = PRESENTATION_STYLE_ASSIGNMENT((#14282,#14287));
#14282 = SURFACE_STYLE_USAGE(.BOTH.,#14283);
#14283 = SURFACE_SIDE_STYLE('',(#14284));
#14284 = SURFACE_STYLE_FILL_AREA(#14285);
#14285 = FILL_AREA_STYLE('',(#14286));
#14286 = FILL_AREA_STYLE_COLOUR('',#12198);
#14287 = CURVE_STYLE('',#14288,POSITIVE_LENGTH_MEASURE(0.1),#12198);
#14288 = DRAUGHTING_PRE_DEFINED_CURVE_FONT('continuous');
#14289 = STYLED_ITEM('color',(#14290),#6342);
#14290 = PRESENTATION_STYLE_ASSIGNMENT((#14291,#14296));
#14291 = SURFACE_STYLE_USAGE(.BOTH.,#14292);
#14292 = SURFACE_SIDE_STYLE('',(#14293));
#14293 = SURFACE_STYLE_FILL_AREA(#14294);
#14294 = FILL_AREA_STYLE('',(#14295));
#14295 = FILL_AREA_STYLE_COLOUR('',#12198);
#14296 = CURVE_STYLE('',#14297,POSITIVE_LENGTH_MEASURE(0.1),#12198);
#14297 = DRAUGHTING_PRE_DEFINED_CURVE_FONT('continuous');
#14298 = STYLED_ITEM('color',(#14299),#6359);
#14299 = PRESENTATION_STYLE_ASSIGNMENT((#14300,#14305));
#14300 = SURFACE_STYLE_USAGE(.BOTH.,#14301);
#14301 = SURFACE_SIDE_STYLE('',(#14302));
#14302 = SURFACE_STYLE_FILL_AREA(#14303);
#14303 = FILL_AREA_STYLE('',(#14304));
#14304 = FILL_AREA_STYLE_COLOUR('',#12125);
#14305 = CURVE_STYLE('',#14306,POSITIVE_LENGTH_MEASURE(0.1),#12125);
#14306 = DRAUGHTING_PRE_DEFINED_CURVE_FONT('continuous');
#14307 = OVER_RIDING_STYLED_ITEM('overriding color',(#14308),#6366,
  #14298);
#14308 = PRESENTATION_STYLE_ASSIGNMENT((#14309,#14314));
#14309 = SURFACE_STYLE_USAGE(.BOTH.,#14310);
#14310 = SURFACE_SIDE_STYLE('',(#14311));
#14311 = SURFACE_STYLE_FILL_AREA(#14312);
#14312 = FILL_AREA_STYLE('',(#14313));
#14313 = FILL_AREA_STYLE_COLOUR('',#12198);
#14314 = CURVE_STYLE('',#14315,POSITIVE_LENGTH_MEASURE(0.1),#12198);
#14315 = DRAUGHTING_PRE_DEFINED_CURVE_FONT('continuous');
#14316 = STYLED_ITEM('color',(#14317),#6376);
#14317 = PRESENTATION_STYLE_ASSIGNMENT((#14318,#14323));
#14318 = SURFACE_STYLE_USAGE(.BOTH.,#14319);
#14319 = SURFACE_SIDE_STYLE('',(#14320));
#14320 = SURFACE_STYLE_FILL_AREA(#14321);
#14321 = FILL_AREA_STYLE('',(#14322));
#14322 = FILL_AREA_STYLE_COLOUR('',#12125);
#14323 = CURVE_STYLE('',#14324,POSITIVE_LENGTH_MEASURE(0.1),#12125);
#14324 = DRAUGHTING_PRE_DEFINED_CURVE_FONT('continuous');
#14325 = OVER_RIDING_STYLED_ITEM('overriding color',(#14326),#6381,
  #14316);
#14326 = PRESENTATION_STYLE_ASSIGNMENT((#14327,#14332));
#14327 = SURFACE_STYLE_USAGE(.BOTH.,#14328);
#14328 = SURFACE_SIDE_STYLE('',(#14329));
#14329 = SURFACE_STYLE_FILL_AREA(#14330);
#14330 = FILL_AREA_STYLE('',(#14331));
#14331 = FILL_AREA_STYLE_COLOUR('',#12198);
#14332 = CURVE_STYLE('',#14333,POSITIVE_LENGTH_MEASURE(0.1),#12198);
#14333 = DRAUGHTING_PRE_DEFINED_CURVE_FONT('continuous');
#14334 = STYLED_ITEM('color',(#14335),#6393);
#14335 = PRESENTATION_STYLE_ASSIGNMENT((#14336,#14341));
#14336 = SURFACE_STYLE_USAGE(.BOTH.,#14337);
#14337 = SURFACE_SIDE_STYLE('',(#14338));
#14338 = SURFACE_STYLE_FILL_AREA(#14339);
#14339 = FILL_AREA_STYLE('',(#14340));
#14340 = FILL_AREA_STYLE_COLOUR('',#12198);
#14341 = CURVE_STYLE('',#14342,POSITIVE_LENGTH_MEASURE(0.1),#12198);
#14342 = DRAUGHTING_PRE_DEFINED_CURVE_FONT('continuous');
#14343 = STYLED_ITEM('color',(#14344),#6442);
#14344 = PRESENTATION_STYLE_ASSIGNMENT((#14345,#14350));
#14345 = SURFACE_STYLE_USAGE(.BOTH.,#14346);
#14346 = SURFACE_SIDE_STYLE('',(#14347));
#14347 = SURFACE_STYLE_FILL_AREA(#14348);
#14348 = FILL_AREA_STYLE('',(#14349));
#14349 = FILL_AREA_STYLE_COLOUR('',#12198);
#14350 = CURVE_STYLE('',#14351,POSITIVE_LENGTH_MEASURE(0.1),#12198);
#14351 = DRAUGHTING_PRE_DEFINED_CURVE_FONT('continuous');
#14352 = STYLED_ITEM('color',(#14353),#6466);
#14353 = PRESENTATION_STYLE_ASSIGNMENT((#14354,#14359));
#14354 = SURFACE_STYLE_USAGE(.BOTH.,#14355);
#14355 = SURFACE_SIDE_STYLE('',(#14356));
#14356 = SURFACE_STYLE_FILL_AREA(#14357);
#14357 = FILL_AREA_STYLE('',(#14358));
#14358 = FILL_AREA_STYLE_COLOUR('',#12198);
#14359 = CURVE_STYLE('',#14360,POSITIVE_LENGTH_MEASURE(0.1),#12198);
#14360 = DRAUGHTING_PRE_DEFINED_CURVE_FONT('continuous');
#14361 = STYLED_ITEM('color',(#14362),#6508);
#14362 = PRESENTATION_STYLE_ASSIGNMENT((#14363,#14368));
#14363 = SURFACE_STYLE_USAGE(.BOTH.,#14364);
#14364 = SURFACE_SIDE_STYLE('',(#14365));
#14365 = SURFACE_STYLE_FILL_AREA(#14366);
#14366 = FILL_AREA_STYLE('',(#14367));
#14367 = FILL_AREA_STYLE_COLOUR('',#12198);
#14368 = CURVE_STYLE('',#14369,POSITIVE_LENGTH_MEASURE(0.1),#12198);
#14369 = DRAUGHTING_PRE_DEFINED_CURVE_FONT('continuous');
#14370 = STYLED_ITEM('color',(#14371),#6525);
#14371 = PRESENTATION_STYLE_ASSIGNMENT((#14372,#14377));
#14372 = SURFACE_STYLE_USAGE(.BOTH.,#14373);
#14373 = SURFACE_SIDE_STYLE('',(#14374));
#14374 = SURFACE_STYLE_FILL_AREA(#14375);
#14375 = FILL_AREA_STYLE('',(#14376));
#14376 = FILL_AREA_STYLE_COLOUR('',#12125);
#14377 = CURVE_STYLE('',#14378,POSITIVE_LENGTH_MEASURE(0.1),#12125);
#14378 = DRAUGHTING_PRE_DEFINED_CURVE_FONT('continuous');
#14379 = OVER_RIDING_STYLED_ITEM('overriding color',(#14380),#6532,
  #14370);
#14380 = PRESENTATION_STYLE_ASSIGNMENT((#14381,#14386));
#14381 = SURFACE_STYLE_USAGE(.BOTH.,#14382);
#14382 = SURFACE_SIDE_STYLE('',(#14383));
#14383 = SURFACE_STYLE_FILL_AREA(#14384);
#14384 = FILL_AREA_STYLE('',(#14385));
#14385 = FILL_AREA_STYLE_COLOUR('',#12198);
#14386 = CURVE_STYLE('',#14387,POSITIVE_LENGTH_MEASURE(0.1),#12198);
#14387 = DRAUGHTING_PRE_DEFINED_CURVE_FONT('continuous');
#14388 = STYLED_ITEM('color',(#14389),#6542);
#14389 = PRESENTATION_STYLE_ASSIGNMENT((#14390,#14395));
#14390 = SURFACE_STYLE_USAGE(.BOTH.,#14391);
#14391 = SURFACE_SIDE_STYLE('',(#14392));
#14392 = SURFACE_STYLE_FILL_AREA(#14393);
#14393 = FILL_AREA_STYLE('',(#14394));
#14394 = FILL_AREA_STYLE_COLOUR('',#12125);
#14395 = CURVE_STYLE('',#14396,POSITIVE_LENGTH_MEASURE(0.1),#12125);
#14396 = DRAUGHTING_PRE_DEFINED_CURVE_FONT('continuous');
#14397 = OVER_RIDING_STYLED_ITEM('overriding color',(#14398),#6547,
  #14388);
#14398 = PRESENTATION_STYLE_ASSIGNMENT((#14399,#14404));
#14399 = SURFACE_STYLE_USAGE(.BOTH.,#14400);
#14400 = SURFACE_SIDE_STYLE('',(#14401));
#14401 = SURFACE_STYLE_FILL_AREA(#14402);
#14402 = FILL_AREA_STYLE('',(#14403));
#14403 = FILL_AREA_STYLE_COLOUR('',#12198);
#14404 = CURVE_STYLE('',#14405,POSITIVE_LENGTH_MEASURE(0.1),#12198);
#14405 = DRAUGHTING_PRE_DEFINED_CURVE_FONT('continuous');
#14406 = STYLED_ITEM('color',(#14407),#6559);
#14407 = PRESENTATION_STYLE_ASSIGNMENT((#14408,#14413));
#14408 = SURFACE_STYLE_USAGE(.BOTH.,#14409);
#14409 = SURFACE_SIDE_STYLE('',(#14410));
#14410 = SURFACE_STYLE_FILL_AREA(#14411);
#14411 = FILL_AREA_STYLE('',(#14412));
#14412 = FILL_AREA_STYLE_COLOUR('',#12198);
#14413 = CURVE_STYLE('',#14414,POSITIVE_LENGTH_MEASURE(0.1),#12198);
#14414 = DRAUGHTING_PRE_DEFINED_CURVE_FONT('continuous');
#14415 = STYLED_ITEM('color',(#14416),#6608);
#14416 = PRESENTATION_STYLE_ASSIGNMENT((#14417,#14422));
#14417 = SURFACE_STYLE_USAGE(.BOTH.,#14418);
#14418 = SURFACE_SIDE_STYLE('',(#14419));
#14419 = SURFACE_STYLE_FILL_AREA(#14420);
#14420 = FILL_AREA_STYLE('',(#14421));
#14421 = FILL_AREA_STYLE_COLOUR('',#12198);
#14422 = CURVE_STYLE('',#14423,POSITIVE_LENGTH_MEASURE(0.1),#12198);
#14423 = DRAUGHTING_PRE_DEFINED_CURVE_FONT('continuous');
#14424 = STYLED_ITEM('color',(#14425),#6632);
#14425 = PRESENTATION_STYLE_ASSIGNMENT((#14426,#14431));
#14426 = SURFACE_STYLE_USAGE(.BOTH.,#14427);
#14427 = SURFACE_SIDE_STYLE('',(#14428));
#14428 = SURFACE_STYLE_FILL_AREA(#14429);
#14429 = FILL_AREA_STYLE('',(#14430));
#14430 = FILL_AREA_STYLE_COLOUR('',#12198);
#14431 = CURVE_STYLE('',#14432,POSITIVE_LENGTH_MEASURE(0.1),#12198);
#14432 = DRAUGHTING_PRE_DEFINED_CURVE_FONT('continuous');
#14433 = STYLED_ITEM('color',(#14434),#6674);
#14434 = PRESENTATION_STYLE_ASSIGNMENT((#14435,#14440));
#14435 = SURFACE_STYLE_USAGE(.BOTH.,#14436);
#14436 = SURFACE_SIDE_STYLE('',(#14437));
#14437 = SURFACE_STYLE_FILL_AREA(#14438);
#14438 = FILL_AREA_STYLE('',(#14439));
#14439 = FILL_AREA_STYLE_COLOUR('',#12198);
#14440 = CURVE_STYLE('',#14441,POSITIVE_LENGTH_MEASURE(0.1),#12198);
#14441 = DRAUGHTING_PRE_DEFINED_CURVE_FONT('continuous');
#14442 = STYLED_ITEM('color',(#14443),#6691);
#14443 = PRESENTATION_STYLE_ASSIGNMENT((#14444,#14449));
#14444 = SURFACE_STYLE_USAGE(.BOTH.,#14445);
#14445 = SURFACE_SIDE_STYLE('',(#14446));
#14446 = SURFACE_STYLE_FILL_AREA(#14447);
#14447 = FILL_AREA_STYLE('',(#14448));
#14448 = FILL_AREA_STYLE_COLOUR('',#12198);
#14449 = CURVE_STYLE('',#14450,POSITIVE_LENGTH_MEASURE(0.1),#12198);
#14450 = DRAUGHTING_PRE_DEFINED_CURVE_FONT('continuous');
#14451 = STYLED_ITEM('color',(#14452),#6708);
#14452 = PRESENTATION_STYLE_ASSIGNMENT((#14453,#14458));
#14453 = SURFACE_STYLE_USAGE(.BOTH.,#14454);
#14454 = SURFACE_SIDE_STYLE('',(#14455));
#14455 = SURFACE_STYLE_FILL_AREA(#14456);
#14456 = FILL_AREA_STYLE('',(#14457));
#14457 = FILL_AREA_STYLE_COLOUR('',#12198);
#14458 = CURVE_STYLE('',#14459,POSITIVE_LENGTH_MEASURE(0.1),#12198);
#14459 = DRAUGHTING_PRE_DEFINED_CURVE_FONT('continuous');
#14460 = STYLED_ITEM('color',(#14461),#6725);
#14461 = PRESENTATION_STYLE_ASSIGNMENT((#14462,#14467));
#14462 = SURFACE_STYLE_USAGE(.BOTH.,#14463);
#14463 = SURFACE_SIDE_STYLE('',(#14464));
#14464 = SURFACE_STYLE_FILL_AREA(#14465);
#14465 = FILL_AREA_STYLE('',(#14466));
#14466 = FILL_AREA_STYLE_COLOUR('',#12198);
#14467 = CURVE_STYLE('',#14468,POSITIVE_LENGTH_MEASURE(0.1),#12198);
#14468 = DRAUGHTING_PRE_DEFINED_CURVE_FONT('continuous');
#14469 = STYLED_ITEM('color',(#14470),#6737);
#14470 = PRESENTATION_STYLE_ASSIGNMENT((#14471,#14476));
#14471 = SURFACE_STYLE_USAGE(.BOTH.,#14472);
#14472 = SURFACE_SIDE_STYLE('',(#14473));
#14473 = SURFACE_STYLE_FILL_AREA(#14474);
#14474 = FILL_AREA_STYLE('',(#14475));
#14475 = FILL_AREA_STYLE_COLOUR('',#12198);
#14476 = CURVE_STYLE('',#14477,POSITIVE_LENGTH_MEASURE(0.1),#12198);
#14477 = DRAUGHTING_PRE_DEFINED_CURVE_FONT('continuous');
#14478 = STYLED_ITEM('color',(#14479),#6754);
#14479 = PRESENTATION_STYLE_ASSIGNMENT((#14480,#14485));
#14480 = SURFACE_STYLE_USAGE(.BOTH.,#14481);
#14481 = SURFACE_SIDE_STYLE('',(#14482));
#14482 = SURFACE_STYLE_FILL_AREA(#14483);
#14483 = FILL_AREA_STYLE('',(#14484));
#14484 = FILL_AREA_STYLE_COLOUR('',#12198);
#14485 = CURVE_STYLE('',#14486,POSITIVE_LENGTH_MEASURE(0.1),#12198);
#14486 = DRAUGHTING_PRE_DEFINED_CURVE_FONT('continuous');
#14487 = STYLED_ITEM('color',(#14488),#6771);
#14488 = PRESENTATION_STYLE_ASSIGNMENT((#14489,#14494));
#14489 = SURFACE_STYLE_USAGE(.BOTH.,#14490);
#14490 = SURFACE_SIDE_STYLE('',(#14491));
#14491 = SURFACE_STYLE_FILL_AREA(#14492);
#14492 = FILL_AREA_STYLE('',(#14493));
#14493 = FILL_AREA_STYLE_COLOUR('',#12198);
#14494 = CURVE_STYLE('',#14495,POSITIVE_LENGTH_MEASURE(0.1),#12198);
#14495 = DRAUGHTING_PRE_DEFINED_CURVE_FONT('continuous');
#14496 = STYLED_ITEM('color',(#14497),#6783);
#14497 = PRESENTATION_STYLE_ASSIGNMENT((#14498,#14503));
#14498 = SURFACE_STYLE_USAGE(.BOTH.,#14499);
#14499 = SURFACE_SIDE_STYLE('',(#14500));
#14500 = SURFACE_STYLE_FILL_AREA(#14501);
#14501 = FILL_AREA_STYLE('',(#14502));
#14502 = FILL_AREA_STYLE_COLOUR('',#12198);
#14503 = CURVE_STYLE('',#14504,POSITIVE_LENGTH_MEASURE(0.1),#12198);
#14504 = DRAUGHTING_PRE_DEFINED_CURVE_FONT('continuous');
#14505 = STYLED_ITEM('color',(#14506),#6800);
#14506 = PRESENTATION_STYLE_ASSIGNMENT((#14507,#14512));
#14507 = SURFACE_STYLE_USAGE(.BOTH.,#14508);
#14508 = SURFACE_SIDE_STYLE('',(#14509));
#14509 = SURFACE_STYLE_FILL_AREA(#14510);
#14510 = FILL_AREA_STYLE('',(#14511));
#14511 = FILL_AREA_STYLE_COLOUR('',#12198);
#14512 = CURVE_STYLE('',#14513,POSITIVE_LENGTH_MEASURE(0.1),#12198);
#14513 = DRAUGHTING_PRE_DEFINED_CURVE_FONT('continuous');
#14514 = STYLED_ITEM('color',(#14515),#6817);
#14515 = PRESENTATION_STYLE_ASSIGNMENT((#14516,#14521));
#14516 = SURFACE_STYLE_USAGE(.BOTH.,#14517);
#14517 = SURFACE_SIDE_STYLE('',(#14518));
#14518 = SURFACE_STYLE_FILL_AREA(#14519);
#14519 = FILL_AREA_STYLE('',(#14520));
#14520 = FILL_AREA_STYLE_COLOUR('',#12198);
#14521 = CURVE_STYLE('',#14522,POSITIVE_LENGTH_MEASURE(0.1),#12198);
#14522 = DRAUGHTING_PRE_DEFINED_CURVE_FONT('continuous');
#14523 = STYLED_ITEM('color',(#14524),#6829);
#14524 = PRESENTATION_STYLE_ASSIGNMENT((#14525,#14530));
#14525 = SURFACE_STYLE_USAGE(.BOTH.,#14526);
#14526 = SURFACE_SIDE_STYLE('',(#14527));
#14527 = SURFACE_STYLE_FILL_AREA(#14528);
#14528 = FILL_AREA_STYLE('',(#14529));
#14529 = FILL_AREA_STYLE_COLOUR('',#12198);
#14530 = CURVE_STYLE('',#14531,POSITIVE_LENGTH_MEASURE(0.1),#12198);
#14531 = DRAUGHTING_PRE_DEFINED_CURVE_FONT('continuous');
#14532 = STYLED_ITEM('color',(#14533),#6846);
#14533 = PRESENTATION_STYLE_ASSIGNMENT((#14534,#14539));
#14534 = SURFACE_STYLE_USAGE(.BOTH.,#14535);
#14535 = SURFACE_SIDE_STYLE('',(#14536));
#14536 = SURFACE_STYLE_FILL_AREA(#14537);
#14537 = FILL_AREA_STYLE('',(#14538));
#14538 = FILL_AREA_STYLE_COLOUR('',#12198);
#14539 = CURVE_STYLE('',#14540,POSITIVE_LENGTH_MEASURE(0.1),#12198);
#14540 = DRAUGHTING_PRE_DEFINED_CURVE_FONT('continuous');
#14541 = STYLED_ITEM('color',(#14542),#6863);
#14542 = PRESENTATION_STYLE_ASSIGNMENT((#14543,#14548));
#14543 = SURFACE_STYLE_USAGE(.BOTH.,#14544);
#14544 = SURFACE_SIDE_STYLE('',(#14545));
#14545 = SURFACE_STYLE_FILL_AREA(#14546);
#14546 = FILL_AREA_STYLE('',(#14547));
#14547 = FILL_AREA_STYLE_COLOUR('',#12198);
#14548 = CURVE_STYLE('',#14549,POSITIVE_LENGTH_MEASURE(0.1),#12198);
#14549 = DRAUGHTING_PRE_DEFINED_CURVE_FONT('continuous');
#14550 = STYLED_ITEM('color',(#14551),#6875);
#14551 = PRESENTATION_STYLE_ASSIGNMENT((#14552,#14557));
#14552 = SURFACE_STYLE_USAGE(.BOTH.,#14553);
#14553 = SURFACE_SIDE_STYLE('',(#14554));
#14554 = SURFACE_STYLE_FILL_AREA(#14555);
#14555 = FILL_AREA_STYLE('',(#14556));
#14556 = FILL_AREA_STYLE_COLOUR('',#12198);
#14557 = CURVE_STYLE('',#14558,POSITIVE_LENGTH_MEASURE(0.1),#12198);
#14558 = DRAUGHTING_PRE_DEFINED_CURVE_FONT('continuous');
#14559 = STYLED_ITEM('color',(#14560),#6892);
#14560 = PRESENTATION_STYLE_ASSIGNMENT((#14561,#14566));
#14561 = SURFACE_STYLE_USAGE(.BOTH.,#14562);
#14562 = SURFACE_SIDE_STYLE('',(#14563));
#14563 = SURFACE_STYLE_FILL_AREA(#14564);
#14564 = FILL_AREA_STYLE('',(#14565));
#14565 = FILL_AREA_STYLE_COLOUR('',#12198);
#14566 = CURVE_STYLE('',#14567,POSITIVE_LENGTH_MEASURE(0.1),#12198);
#14567 = DRAUGHTING_PRE_DEFINED_CURVE_FONT('continuous');
#14568 = STYLED_ITEM('color',(#14569),#6909);
#14569 = PRESENTATION_STYLE_ASSIGNMENT((#14570,#14575));
#14570 = SURFACE_STYLE_USAGE(.BOTH.,#14571);
#14571 = SURFACE_SIDE_STYLE('',(#14572));
#14572 = SURFACE_STYLE_FILL_AREA(#14573);
#14573 = FILL_AREA_STYLE('',(#14574));
#14574 = FILL_AREA_STYLE_COLOUR('',#12198);
#14575 = CURVE_STYLE('',#14576,POSITIVE_LENGTH_MEASURE(0.1),#12198);
#14576 = DRAUGHTING_PRE_DEFINED_CURVE_FONT('continuous');
#14577 = STYLED_ITEM('color',(#14578),#6921);
#14578 = PRESENTATION_STYLE_ASSIGNMENT((#14579,#14584));
#14579 = SURFACE_STYLE_USAGE(.BOTH.,#14580);
#14580 = SURFACE_SIDE_STYLE('',(#14581));
#14581 = SURFACE_STYLE_FILL_AREA(#14582);
#14582 = FILL_AREA_STYLE('',(#14583));
#14583 = FILL_AREA_STYLE_COLOUR('',#12198);
#14584 = CURVE_STYLE('',#14585,POSITIVE_LENGTH_MEASURE(0.1),#12198);
#14585 = DRAUGHTING_PRE_DEFINED_CURVE_FONT('continuous');
#14586 = STYLED_ITEM('color',(#14587),#6938);
#14587 = PRESENTATION_STYLE_ASSIGNMENT((#14588,#14593));
#14588 = SURFACE_STYLE_USAGE(.BOTH.,#14589);
#14589 = SURFACE_SIDE_STYLE('',(#14590));
#14590 = SURFACE_STYLE_FILL_AREA(#14591);
#14591 = FILL_AREA_STYLE('',(#14592));
#14592 = FILL_AREA_STYLE_COLOUR('',#12198);
#14593 = CURVE_STYLE('',#14594,POSITIVE_LENGTH_MEASURE(0.1),#12198);
#14594 = DRAUGHTING_PRE_DEFINED_CURVE_FONT('continuous');
#14595 = STYLED_ITEM('color',(#14596),#6955);
#14596 = PRESENTATION_STYLE_ASSIGNMENT((#14597,#14602));
#14597 = SURFACE_STYLE_USAGE(.BOTH.,#14598);
#14598 = SURFACE_SIDE_STYLE('',(#14599));
#14599 = SURFACE_STYLE_FILL_AREA(#14600);
#14600 = FILL_AREA_STYLE('',(#14601));
#14601 = FILL_AREA_STYLE_COLOUR('',#12198);
#14602 = CURVE_STYLE('',#14603,POSITIVE_LENGTH_MEASURE(0.1),#12198);
#14603 = DRAUGHTING_PRE_DEFINED_CURVE_FONT('continuous');
#14604 = STYLED_ITEM('color',(#14605),#6967);
#14605 = PRESENTATION_STYLE_ASSIGNMENT((#14606,#14611));
#14606 = SURFACE_STYLE_USAGE(.BOTH.,#14607);
#14607 = SURFACE_SIDE_STYLE('',(#14608));
#14608 = SURFACE_STYLE_FILL_AREA(#14609);
#14609 = FILL_AREA_STYLE('',(#14610));
#14610 = FILL_AREA_STYLE_COLOUR('',#12198);
#14611 = CURVE_STYLE('',#14612,POSITIVE_LENGTH_MEASURE(0.1),#12198);
#14612 = DRAUGHTING_PRE_DEFINED_CURVE_FONT('continuous');
#14613 = STYLED_ITEM('color',(#14614),#6984);
#14614 = PRESENTATION_STYLE_ASSIGNMENT((#14615,#14620));
#14615 = SURFACE_STYLE_USAGE(.BOTH.,#14616);
#14616 = SURFACE_SIDE_STYLE('',(#14617));
#14617 = SURFACE_STYLE_FILL_AREA(#14618);
#14618 = FILL_AREA_STYLE('',(#14619));
#14619 = FILL_AREA_STYLE_COLOUR('',#12198);
#14620 = CURVE_STYLE('',#14621,POSITIVE_LENGTH_MEASURE(0.1),#12198);
#14621 = DRAUGHTING_PRE_DEFINED_CURVE_FONT('continuous');
#14622 = STYLED_ITEM('color',(#14623),#7001);
#14623 = PRESENTATION_STYLE_ASSIGNMENT((#14624,#14629));
#14624 = SURFACE_STYLE_USAGE(.BOTH.,#14625);
#14625 = SURFACE_SIDE_STYLE('',(#14626));
#14626 = SURFACE_STYLE_FILL_AREA(#14627);
#14627 = FILL_AREA_STYLE('',(#14628));
#14628 = FILL_AREA_STYLE_COLOUR('',#12198);
#14629 = CURVE_STYLE('',#14630,POSITIVE_LENGTH_MEASURE(0.1),#12198);
#14630 = DRAUGHTING_PRE_DEFINED_CURVE_FONT('continuous');
#14631 = STYLED_ITEM('color',(#14632),#7013);
#14632 = PRESENTATION_STYLE_ASSIGNMENT((#14633,#14638));
#14633 = SURFACE_STYLE_USAGE(.BOTH.,#14634);
#14634 = SURFACE_SIDE_STYLE('',(#14635));
#14635 = SURFACE_STYLE_FILL_AREA(#14636);
#14636 = FILL_AREA_STYLE('',(#14637));
#14637 = FILL_AREA_STYLE_COLOUR('',#12198);
#14638 = CURVE_STYLE('',#14639,POSITIVE_LENGTH_MEASURE(0.1),#12198);
#14639 = DRAUGHTING_PRE_DEFINED_CURVE_FONT('continuous');
#14640 = STYLED_ITEM('color',(#14641),#7030);
#14641 = PRESENTATION_STYLE_ASSIGNMENT((#14642,#14647));
#14642 = SURFACE_STYLE_USAGE(.BOTH.,#14643);
#14643 = SURFACE_SIDE_STYLE('',(#14644));
#14644 = SURFACE_STYLE_FILL_AREA(#14645);
#14645 = FILL_AREA_STYLE('',(#14646));
#14646 = FILL_AREA_STYLE_COLOUR('',#12198);
#14647 = CURVE_STYLE('',#14648,POSITIVE_LENGTH_MEASURE(0.1),#12198);
#14648 = DRAUGHTING_PRE_DEFINED_CURVE_FONT('continuous');
#14649 = STYLED_ITEM('color',(#14650),#7047);
#14650 = PRESENTATION_STYLE_ASSIGNMENT((#14651,#14656));
#14651 = SURFACE_STYLE_USAGE(.BOTH.,#14652);
#14652 = SURFACE_SIDE_STYLE('',(#14653));
#14653 = SURFACE_STYLE_FILL_AREA(#14654);
#14654 = FILL_AREA_STYLE('',(#14655));
#14655 = FILL_AREA_STYLE_COLOUR('',#12198);
#14656 = CURVE_STYLE('',#14657,POSITIVE_LENGTH_MEASURE(0.1),#12198);
#14657 = DRAUGHTING_PRE_DEFINED_CURVE_FONT('continuous');
#14658 = MECHANICAL_DESIGN_GEOMETRIC_PRESENTATION_REPRESENTATION('',(
    #14659,#14667,#14674,#14681,#14688,#14695,#14702,#14709,#14716,
    #14723,#14730,#14737,#14744,#14751,#14758,#14765,#14772,#14779,
    #14786,#14793,#14800,#14807,#14814,#14821,#14828,#14835,#14842,
    #14849,#14856,#14863,#14870,#14877,#14884,#14891,#14898,#14906,
    #14913,#14920,#14927,#14934,#14941,#14948,#14955,#14962,#14969,
    #14976,#14983,#14990,#14997,#15004,#15011,#15018,#15025,#15032,
    #15039,#15046,#15053,#15060,#15067,#15074,#15081,#15088,#15095,
    #15102,#15109,#15116,#15123,#15130,#15137,#15144,#15151,#15158,
    #15165,#15172,#15179,#15186,#15193,#15200,#15207,#15214,#15221,
    #15228,#15235,#15242,#15249,#15256,#15263,#15270,#15277,#15284,
    #15291,#15298,#15305,#15312,#15319,#15326,#15333,#15340,#15347,
    #15354,#15361,#15368,#15375,#15382,#15389,#15396,#15403,#15410,
    #15417,#15424,#15431,#15438,#15445,#15452,#15459,#15466,#15473,
    #15480,#15487,#15494,#15501,#15508,#15515,#15522),#10537);
#14659 = STYLED_ITEM('color',(#14660),#7085);
#14660 = PRESENTATION_STYLE_ASSIGNMENT((#14661));
#14661 = SURFACE_STYLE_USAGE(.BOTH.,#14662);
#14662 = SURFACE_SIDE_STYLE('',(#14663));
#14663 = SURFACE_STYLE_FILL_AREA(#14664);
#14664 = FILL_AREA_STYLE('',(#14665));
#14665 = FILL_AREA_STYLE_COLOUR('',#14666);
#14666 = COLOUR_RGB('',0.147999998088,0.144999993226,0.144999993226);
#14667 = STYLED_ITEM('color',(#14668),#7125);
#14668 = PRESENTATION_STYLE_ASSIGNMENT((#14669));
#14669 = SURFACE_STYLE_USAGE(.BOTH.,#14670);
#14670 = SURFACE_SIDE_STYLE('',(#14671));
#14671 = SURFACE_STYLE_FILL_AREA(#14672);
#14672 = FILL_AREA_STYLE('',(#14673));
#14673 = FILL_AREA_STYLE_COLOUR('',#14666);
#14674 = STYLED_ITEM('color',(#14675),#7156);
#14675 = PRESENTATION_STYLE_ASSIGNMENT((#14676));
#14676 = SURFACE_STYLE_USAGE(.BOTH.,#14677);
#14677 = SURFACE_SIDE_STYLE('',(#14678));
#14678 = SURFACE_STYLE_FILL_AREA(#14679);
#14679 = FILL_AREA_STYLE('',(#14680));
#14680 = FILL_AREA_STYLE_COLOUR('',#14666);
#14681 = STYLED_ITEM('color',(#14682),#7187);
#14682 = PRESENTATION_STYLE_ASSIGNMENT((#14683));
#14683 = SURFACE_STYLE_USAGE(.BOTH.,#14684);
#14684 = SURFACE_SIDE_STYLE('',(#14685));
#14685 = SURFACE_STYLE_FILL_AREA(#14686);
#14686 = FILL_AREA_STYLE('',(#14687));
#14687 = FILL_AREA_STYLE_COLOUR('',#14666);
#14688 = STYLED_ITEM('color',(#14689),#7598);
#14689 = PRESENTATION_STYLE_ASSIGNMENT((#14690));
#14690 = SURFACE_STYLE_USAGE(.BOTH.,#14691);
#14691 = SURFACE_SIDE_STYLE('',(#14692));
#14692 = SURFACE_STYLE_FILL_AREA(#14693);
#14693 = FILL_AREA_STYLE('',(#14694));
#14694 = FILL_AREA_STYLE_COLOUR('',#14666);
#14695 = STYLED_ITEM('color',(#14696),#8009);
#14696 = PRESENTATION_STYLE_ASSIGNMENT((#14697));
#14697 = SURFACE_STYLE_USAGE(.BOTH.,#14698);
#14698 = SURFACE_SIDE_STYLE('',(#14699));
#14699 = SURFACE_STYLE_FILL_AREA(#14700);
#14700 = FILL_AREA_STYLE('',(#14701));
#14701 = FILL_AREA_STYLE_COLOUR('',#14666);
#14702 = STYLED_ITEM('color',(#14703),#8026);
#14703 = PRESENTATION_STYLE_ASSIGNMENT((#14704));
#14704 = SURFACE_STYLE_USAGE(.BOTH.,#14705);
#14705 = SURFACE_SIDE_STYLE('',(#14706));
#14706 = SURFACE_STYLE_FILL_AREA(#14707);
#14707 = FILL_AREA_STYLE('',(#14708));
#14708 = FILL_AREA_STYLE_COLOUR('',#14666);
#14709 = STYLED_ITEM('color',(#14710),#8043);
#14710 = PRESENTATION_STYLE_ASSIGNMENT((#14711));
#14711 = SURFACE_STYLE_USAGE(.BOTH.,#14712);
#14712 = SURFACE_SIDE_STYLE('',(#14713));
#14713 = SURFACE_STYLE_FILL_AREA(#14714);
#14714 = FILL_AREA_STYLE('',(#14715));
#14715 = FILL_AREA_STYLE_COLOUR('',#14666);
#14716 = STYLED_ITEM('color',(#14717),#8060);
#14717 = PRESENTATION_STYLE_ASSIGNMENT((#14718));
#14718 = SURFACE_STYLE_USAGE(.BOTH.,#14719);
#14719 = SURFACE_SIDE_STYLE('',(#14720));
#14720 = SURFACE_STYLE_FILL_AREA(#14721);
#14721 = FILL_AREA_STYLE('',(#14722));
#14722 = FILL_AREA_STYLE_COLOUR('',#14666);
#14723 = STYLED_ITEM('color',(#14724),#8077);
#14724 = PRESENTATION_STYLE_ASSIGNMENT((#14725));
#14725 = SURFACE_STYLE_USAGE(.BOTH.,#14726);
#14726 = SURFACE_SIDE_STYLE('',(#14727));
#14727 = SURFACE_STYLE_FILL_AREA(#14728);
#14728 = FILL_AREA_STYLE('',(#14729));
#14729 = FILL_AREA_STYLE_COLOUR('',#14666);
#14730 = STYLED_ITEM('color',(#14731),#8094);
#14731 = PRESENTATION_STYLE_ASSIGNMENT((#14732));
#14732 = SURFACE_STYLE_USAGE(.BOTH.,#14733);
#14733 = SURFACE_SIDE_STYLE('',(#14734));
#14734 = SURFACE_STYLE_FILL_AREA(#14735);
#14735 = FILL_AREA_STYLE('',(#14736));
#14736 = FILL_AREA_STYLE_COLOUR('',#14666);
#14737 = STYLED_ITEM('color',(#14738),#8111);
#14738 = PRESENTATION_STYLE_ASSIGNMENT((#14739));
#14739 = SURFACE_STYLE_USAGE(.BOTH.,#14740);
#14740 = SURFACE_SIDE_STYLE('',(#14741));
#14741 = SURFACE_STYLE_FILL_AREA(#14742);
#14742 = FILL_AREA_STYLE('',(#14743));
#14743 = FILL_AREA_STYLE_COLOUR('',#14666);
#14744 = STYLED_ITEM('color',(#14745),#8128);
#14745 = PRESENTATION_STYLE_ASSIGNMENT((#14746));
#14746 = SURFACE_STYLE_USAGE(.BOTH.,#14747);
#14747 = SURFACE_SIDE_STYLE('',(#14748));
#14748 = SURFACE_STYLE_FILL_AREA(#14749);
#14749 = FILL_AREA_STYLE('',(#14750));
#14750 = FILL_AREA_STYLE_COLOUR('',#14666);
#14751 = STYLED_ITEM('color',(#14752),#8145);
#14752 = PRESENTATION_STYLE_ASSIGNMENT((#14753));
#14753 = SURFACE_STYLE_USAGE(.BOTH.,#14754);
#14754 = SURFACE_SIDE_STYLE('',(#14755));
#14755 = SURFACE_STYLE_FILL_AREA(#14756);
#14756 = FILL_AREA_STYLE('',(#14757));
#14757 = FILL_AREA_STYLE_COLOUR('',#14666);
#14758 = STYLED_ITEM('color',(#14759),#8162);
#14759 = PRESENTATION_STYLE_ASSIGNMENT((#14760));
#14760 = SURFACE_STYLE_USAGE(.BOTH.,#14761);
#14761 = SURFACE_SIDE_STYLE('',(#14762));
#14762 = SURFACE_STYLE_FILL_AREA(#14763);
#14763 = FILL_AREA_STYLE('',(#14764));
#14764 = FILL_AREA_STYLE_COLOUR('',#14666);
#14765 = STYLED_ITEM('color',(#14766),#8179);
#14766 = PRESENTATION_STYLE_ASSIGNMENT((#14767));
#14767 = SURFACE_STYLE_USAGE(.BOTH.,#14768);
#14768 = SURFACE_SIDE_STYLE('',(#14769));
#14769 = SURFACE_STYLE_FILL_AREA(#14770);
#14770 = FILL_AREA_STYLE('',(#14771));
#14771 = FILL_AREA_STYLE_COLOUR('',#14666);
#14772 = STYLED_ITEM('color',(#14773),#8196);
#14773 = PRESENTATION_STYLE_ASSIGNMENT((#14774));
#14774 = SURFACE_STYLE_USAGE(.BOTH.,#14775);
#14775 = SURFACE_SIDE_STYLE('',(#14776));
#14776 = SURFACE_STYLE_FILL_AREA(#14777);
#14777 = FILL_AREA_STYLE('',(#14778));
#14778 = FILL_AREA_STYLE_COLOUR('',#14666);
#14779 = STYLED_ITEM('color',(#14780),#8213);
#14780 = PRESENTATION_STYLE_ASSIGNMENT((#14781));
#14781 = SURFACE_STYLE_USAGE(.BOTH.,#14782);
#14782 = SURFACE_SIDE_STYLE('',(#14783));
#14783 = SURFACE_STYLE_FILL_AREA(#14784);
#14784 = FILL_AREA_STYLE('',(#14785));
#14785 = FILL_AREA_STYLE_COLOUR('',#14666);
#14786 = STYLED_ITEM('color',(#14787),#8230);
#14787 = PRESENTATION_STYLE_ASSIGNMENT((#14788));
#14788 = SURFACE_STYLE_USAGE(.BOTH.,#14789);
#14789 = SURFACE_SIDE_STYLE('',(#14790));
#14790 = SURFACE_STYLE_FILL_AREA(#14791);
#14791 = FILL_AREA_STYLE('',(#14792));
#14792 = FILL_AREA_STYLE_COLOUR('',#14666);
#14793 = STYLED_ITEM('color',(#14794),#8247);
#14794 = PRESENTATION_STYLE_ASSIGNMENT((#14795));
#14795 = SURFACE_STYLE_USAGE(.BOTH.,#14796);
#14796 = SURFACE_SIDE_STYLE('',(#14797));
#14797 = SURFACE_STYLE_FILL_AREA(#14798);
#14798 = FILL_AREA_STYLE('',(#14799));
#14799 = FILL_AREA_STYLE_COLOUR('',#14666);
#14800 = STYLED_ITEM('color',(#14801),#8264);
#14801 = PRESENTATION_STYLE_ASSIGNMENT((#14802));
#14802 = SURFACE_STYLE_USAGE(.BOTH.,#14803);
#14803 = SURFACE_SIDE_STYLE('',(#14804));
#14804 = SURFACE_STYLE_FILL_AREA(#14805);
#14805 = FILL_AREA_STYLE('',(#14806));
#14806 = FILL_AREA_STYLE_COLOUR('',#14666);
#14807 = STYLED_ITEM('color',(#14808),#8281);
#14808 = PRESENTATION_STYLE_ASSIGNMENT((#14809));
#14809 = SURFACE_STYLE_USAGE(.BOTH.,#14810);
#14810 = SURFACE_SIDE_STYLE('',(#14811));
#14811 = SURFACE_STYLE_FILL_AREA(#14812);
#14812 = FILL_AREA_STYLE('',(#14813));
#14813 = FILL_AREA_STYLE_COLOUR('',#14666);
#14814 = STYLED_ITEM('color',(#14815),#8298);
#14815 = PRESENTATION_STYLE_ASSIGNMENT((#14816));
#14816 = SURFACE_STYLE_USAGE(.BOTH.,#14817);
#14817 = SURFACE_SIDE_STYLE('',(#14818));
#14818 = SURFACE_STYLE_FILL_AREA(#14819);
#14819 = FILL_AREA_STYLE('',(#14820));
#14820 = FILL_AREA_STYLE_COLOUR('',#14666);
#14821 = STYLED_ITEM('color',(#14822),#8315);
#14822 = PRESENTATION_STYLE_ASSIGNMENT((#14823));
#14823 = SURFACE_STYLE_USAGE(.BOTH.,#14824);
#14824 = SURFACE_SIDE_STYLE('',(#14825));
#14825 = SURFACE_STYLE_FILL_AREA(#14826);
#14826 = FILL_AREA_STYLE('',(#14827));
#14827 = FILL_AREA_STYLE_COLOUR('',#14666);
#14828 = STYLED_ITEM('color',(#14829),#8332);
#14829 = PRESENTATION_STYLE_ASSIGNMENT((#14830));
#14830 = SURFACE_STYLE_USAGE(.BOTH.,#14831);
#14831 = SURFACE_SIDE_STYLE('',(#14832));
#14832 = SURFACE_STYLE_FILL_AREA(#14833);
#14833 = FILL_AREA_STYLE('',(#14834));
#14834 = FILL_AREA_STYLE_COLOUR('',#14666);
#14835 = STYLED_ITEM('color',(#14836),#8349);
#14836 = PRESENTATION_STYLE_ASSIGNMENT((#14837));
#14837 = SURFACE_STYLE_USAGE(.BOTH.,#14838);
#14838 = SURFACE_SIDE_STYLE('',(#14839));
#14839 = SURFACE_STYLE_FILL_AREA(#14840);
#14840 = FILL_AREA_STYLE('',(#14841));
#14841 = FILL_AREA_STYLE_COLOUR('',#14666);
#14842 = STYLED_ITEM('color',(#14843),#8366);
#14843 = PRESENTATION_STYLE_ASSIGNMENT((#14844));
#14844 = SURFACE_STYLE_USAGE(.BOTH.,#14845);
#14845 = SURFACE_SIDE_STYLE('',(#14846));
#14846 = SURFACE_STYLE_FILL_AREA(#14847);
#14847 = FILL_AREA_STYLE('',(#14848));
#14848 = FILL_AREA_STYLE_COLOUR('',#14666);
#14849 = STYLED_ITEM('color',(#14850),#8383);
#14850 = PRESENTATION_STYLE_ASSIGNMENT((#14851));
#14851 = SURFACE_STYLE_USAGE(.BOTH.,#14852);
#14852 = SURFACE_SIDE_STYLE('',(#14853));
#14853 = SURFACE_STYLE_FILL_AREA(#14854);
#14854 = FILL_AREA_STYLE('',(#14855));
#14855 = FILL_AREA_STYLE_COLOUR('',#14666);
#14856 = STYLED_ITEM('color',(#14857),#8400);
#14857 = PRESENTATION_STYLE_ASSIGNMENT((#14858));
#14858 = SURFACE_STYLE_USAGE(.BOTH.,#14859);
#14859 = SURFACE_SIDE_STYLE('',(#14860));
#14860 = SURFACE_STYLE_FILL_AREA(#14861);
#14861 = FILL_AREA_STYLE('',(#14862));
#14862 = FILL_AREA_STYLE_COLOUR('',#14666);
#14863 = STYLED_ITEM('color',(#14864),#8417);
#14864 = PRESENTATION_STYLE_ASSIGNMENT((#14865));
#14865 = SURFACE_STYLE_USAGE(.BOTH.,#14866);
#14866 = SURFACE_SIDE_STYLE('',(#14867));
#14867 = SURFACE_STYLE_FILL_AREA(#14868);
#14868 = FILL_AREA_STYLE('',(#14869));
#14869 = FILL_AREA_STYLE_COLOUR('',#14666);
#14870 = STYLED_ITEM('color',(#14871),#8434);
#14871 = PRESENTATION_STYLE_ASSIGNMENT((#14872));
#14872 = SURFACE_STYLE_USAGE(.BOTH.,#14873);
#14873 = SURFACE_SIDE_STYLE('',(#14874));
#14874 = SURFACE_STYLE_FILL_AREA(#14875);
#14875 = FILL_AREA_STYLE('',(#14876));
#14876 = FILL_AREA_STYLE_COLOUR('',#14666);
#14877 = STYLED_ITEM('color',(#14878),#8451);
#14878 = PRESENTATION_STYLE_ASSIGNMENT((#14879));
#14879 = SURFACE_STYLE_USAGE(.BOTH.,#14880);
#14880 = SURFACE_SIDE_STYLE('',(#14881));
#14881 = SURFACE_STYLE_FILL_AREA(#14882);
#14882 = FILL_AREA_STYLE('',(#14883));
#14883 = FILL_AREA_STYLE_COLOUR('',#14666);
#14884 = STYLED_ITEM('color',(#14885),#8468);
#14885 = PRESENTATION_STYLE_ASSIGNMENT((#14886));
#14886 = SURFACE_STYLE_USAGE(.BOTH.,#14887);
#14887 = SURFACE_SIDE_STYLE('',(#14888));
#14888 = SURFACE_STYLE_FILL_AREA(#14889);
#14889 = FILL_AREA_STYLE('',(#14890));
#14890 = FILL_AREA_STYLE_COLOUR('',#14666);
#14891 = STYLED_ITEM('color',(#14892),#8485);
#14892 = PRESENTATION_STYLE_ASSIGNMENT((#14893));
#14893 = SURFACE_STYLE_USAGE(.BOTH.,#14894);
#14894 = SURFACE_SIDE_STYLE('',(#14895));
#14895 = SURFACE_STYLE_FILL_AREA(#14896);
#14896 = FILL_AREA_STYLE('',(#14897));
#14897 = FILL_AREA_STYLE_COLOUR('',#14666);
#14898 = STYLED_ITEM('color',(#14899),#8497);
#14899 = PRESENTATION_STYLE_ASSIGNMENT((#14900));
#14900 = SURFACE_STYLE_USAGE(.BOTH.,#14901);
#14901 = SURFACE_SIDE_STYLE('',(#14902));
#14902 = SURFACE_STYLE_FILL_AREA(#14903);
#14903 = FILL_AREA_STYLE('',(#14904));
#14904 = FILL_AREA_STYLE_COLOUR('',#14905);
#14905 = COLOUR_RGB('',0.859000020776,0.737999965183,0.495999988746);
#14906 = STYLED_ITEM('color',(#14907),#8528);
#14907 = PRESENTATION_STYLE_ASSIGNMENT((#14908));
#14908 = SURFACE_STYLE_USAGE(.BOTH.,#14909);
#14909 = SURFACE_SIDE_STYLE('',(#14910));
#14910 = SURFACE_STYLE_FILL_AREA(#14911);
#14911 = FILL_AREA_STYLE('',(#14912));
#14912 = FILL_AREA_STYLE_COLOUR('',#14905);
#14913 = STYLED_ITEM('color',(#14914),#8552);
#14914 = PRESENTATION_STYLE_ASSIGNMENT((#14915));
#14915 = SURFACE_STYLE_USAGE(.BOTH.,#14916);
#14916 = SURFACE_SIDE_STYLE('',(#14917));
#14917 = SURFACE_STYLE_FILL_AREA(#14918);
#14918 = FILL_AREA_STYLE('',(#14919));
#14919 = FILL_AREA_STYLE_COLOUR('',#14905);
#14920 = STYLED_ITEM('color',(#14921),#8576);
#14921 = PRESENTATION_STYLE_ASSIGNMENT((#14922));
#14922 = SURFACE_STYLE_USAGE(.BOTH.,#14923);
#14923 = SURFACE_SIDE_STYLE('',(#14924));
#14924 = SURFACE_STYLE_FILL_AREA(#14925);
#14925 = FILL_AREA_STYLE('',(#14926));
#14926 = FILL_AREA_STYLE_COLOUR('',#14905);
#14927 = STYLED_ITEM('color',(#14928),#8593);
#14928 = PRESENTATION_STYLE_ASSIGNMENT((#14929));
#14929 = SURFACE_STYLE_USAGE(.BOTH.,#14930);
#14930 = SURFACE_SIDE_STYLE('',(#14931));
#14931 = SURFACE_STYLE_FILL_AREA(#14932);
#14932 = FILL_AREA_STYLE('',(#14933));
#14933 = FILL_AREA_STYLE_COLOUR('',#14905);
#14934 = STYLED_ITEM('color',(#14935),#8624);
#14935 = PRESENTATION_STYLE_ASSIGNMENT((#14936));
#14936 = SURFACE_STYLE_USAGE(.BOTH.,#14937);
#14937 = SURFACE_SIDE_STYLE('',(#14938));
#14938 = SURFACE_STYLE_FILL_AREA(#14939);
#14939 = FILL_AREA_STYLE('',(#14940));
#14940 = FILL_AREA_STYLE_COLOUR('',#14905);
#14941 = STYLED_ITEM('color',(#14942),#8648);
#14942 = PRESENTATION_STYLE_ASSIGNMENT((#14943));
#14943 = SURFACE_STYLE_USAGE(.BOTH.,#14944);
#14944 = SURFACE_SIDE_STYLE('',(#14945));
#14945 = SURFACE_STYLE_FILL_AREA(#14946);
#14946 = FILL_AREA_STYLE('',(#14947));
#14947 = FILL_AREA_STYLE_COLOUR('',#14905);
#14948 = STYLED_ITEM('color',(#14949),#8672);
#14949 = PRESENTATION_STYLE_ASSIGNMENT((#14950));
#14950 = SURFACE_STYLE_USAGE(.BOTH.,#14951);
#14951 = SURFACE_SIDE_STYLE('',(#14952));
#14952 = SURFACE_STYLE_FILL_AREA(#14953);
#14953 = FILL_AREA_STYLE('',(#14954));
#14954 = FILL_AREA_STYLE_COLOUR('',#14905);
#14955 = STYLED_ITEM('color',(#14956),#8689);
#14956 = PRESENTATION_STYLE_ASSIGNMENT((#14957));
#14957 = SURFACE_STYLE_USAGE(.BOTH.,#14958);
#14958 = SURFACE_SIDE_STYLE('',(#14959));
#14959 = SURFACE_STYLE_FILL_AREA(#14960);
#14960 = FILL_AREA_STYLE('',(#14961));
#14961 = FILL_AREA_STYLE_COLOUR('',#14905);
#14962 = STYLED_ITEM('color',(#14963),#8720);
#14963 = PRESENTATION_STYLE_ASSIGNMENT((#14964));
#14964 = SURFACE_STYLE_USAGE(.BOTH.,#14965);
#14965 = SURFACE_SIDE_STYLE('',(#14966));
#14966 = SURFACE_STYLE_FILL_AREA(#14967);
#14967 = FILL_AREA_STYLE('',(#14968));
#14968 = FILL_AREA_STYLE_COLOUR('',#14905);
#14969 = STYLED_ITEM('color',(#14970),#8744);
#14970 = PRESENTATION_STYLE_ASSIGNMENT((#14971));
#14971 = SURFACE_STYLE_USAGE(.BOTH.,#14972);
#14972 = SURFACE_SIDE_STYLE('',(#14973));
#14973 = SURFACE_STYLE_FILL_AREA(#14974);
#14974 = FILL_AREA_STYLE('',(#14975));
#14975 = FILL_AREA_STYLE_COLOUR('',#14905);
#14976 = STYLED_ITEM('color',(#14977),#8768);
#14977 = PRESENTATION_STYLE_ASSIGNMENT((#14978));
#14978 = SURFACE_STYLE_USAGE(.BOTH.,#14979);
#14979 = SURFACE_SIDE_STYLE('',(#14980));
#14980 = SURFACE_STYLE_FILL_AREA(#14981);
#14981 = FILL_AREA_STYLE('',(#14982));
#14982 = FILL_AREA_STYLE_COLOUR('',#14905);
#14983 = STYLED_ITEM('color',(#14984),#8785);
#14984 = PRESENTATION_STYLE_ASSIGNMENT((#14985));
#14985 = SURFACE_STYLE_USAGE(.BOTH.,#14986);
#14986 = SURFACE_SIDE_STYLE('',(#14987));
#14987 = SURFACE_STYLE_FILL_AREA(#14988);
#14988 = FILL_AREA_STYLE('',(#14989));
#14989 = FILL_AREA_STYLE_COLOUR('',#14905);
#14990 = STYLED_ITEM('color',(#14991),#8816);
#14991 = PRESENTATION_STYLE_ASSIGNMENT((#14992));
#14992 = SURFACE_STYLE_USAGE(.BOTH.,#14993);
#14993 = SURFACE_SIDE_STYLE('',(#14994));
#14994 = SURFACE_STYLE_FILL_AREA(#14995);
#14995 = FILL_AREA_STYLE('',(#14996));
#14996 = FILL_AREA_STYLE_COLOUR('',#14905);
#14997 = STYLED_ITEM('color',(#14998),#8840);
#14998 = PRESENTATION_STYLE_ASSIGNMENT((#14999));
#14999 = SURFACE_STYLE_USAGE(.BOTH.,#15000);
#15000 = SURFACE_SIDE_STYLE('',(#15001));
#15001 = SURFACE_STYLE_FILL_AREA(#15002);
#15002 = FILL_AREA_STYLE('',(#15003));
#15003 = FILL_AREA_STYLE_COLOUR('',#14905);
#15004 = STYLED_ITEM('color',(#15005),#8864);
#15005 = PRESENTATION_STYLE_ASSIGNMENT((#15006));
#15006 = SURFACE_STYLE_USAGE(.BOTH.,#15007);
#15007 = SURFACE_SIDE_STYLE('',(#15008));
#15008 = SURFACE_STYLE_FILL_AREA(#15009);
#15009 = FILL_AREA_STYLE('',(#15010));
#15010 = FILL_AREA_STYLE_COLOUR('',#14905);
#15011 = STYLED_ITEM('color',(#15012),#8881);
#15012 = PRESENTATION_STYLE_ASSIGNMENT((#15013));
#15013 = SURFACE_STYLE_USAGE(.BOTH.,#15014);
#15014 = SURFACE_SIDE_STYLE('',(#15015));
#15015 = SURFACE_STYLE_FILL_AREA(#15016);
#15016 = FILL_AREA_STYLE('',(#15017));
#15017 = FILL_AREA_STYLE_COLOUR('',#14905);
#15018 = STYLED_ITEM('color',(#15019),#8912);
#15019 = PRESENTATION_STYLE_ASSIGNMENT((#15020));
#15020 = SURFACE_STYLE_USAGE(.BOTH.,#15021);
#15021 = SURFACE_SIDE_STYLE('',(#15022));
#15022 = SURFACE_STYLE_FILL_AREA(#15023);
#15023 = FILL_AREA_STYLE('',(#15024));
#15024 = FILL_AREA_STYLE_COLOUR('',#14905);
#15025 = STYLED_ITEM('color',(#15026),#8936);
#15026 = PRESENTATION_STYLE_ASSIGNMENT((#15027));
#15027 = SURFACE_STYLE_USAGE(.BOTH.,#15028);
#15028 = SURFACE_SIDE_STYLE('',(#15029));
#15029 = SURFACE_STYLE_FILL_AREA(#15030);
#15030 = FILL_AREA_STYLE('',(#15031));
#15031 = FILL_AREA_STYLE_COLOUR('',#14905);
#15032 = STYLED_ITEM('color',(#15033),#8960);
#15033 = PRESENTATION_STYLE_ASSIGNMENT((#15034));
#15034 = SURFACE_STYLE_USAGE(.BOTH.,#15035);
#15035 = SURFACE_SIDE_STYLE('',(#15036));
#15036 = SURFACE_STYLE_FILL_AREA(#15037);
#15037 = FILL_AREA_STYLE('',(#15038));
#15038 = FILL_AREA_STYLE_COLOUR('',#14905);
#15039 = STYLED_ITEM('color',(#15040),#8977);
#15040 = PRESENTATION_STYLE_ASSIGNMENT((#15041));
#15041 = SURFACE_STYLE_USAGE(.BOTH.,#15042);
#15042 = SURFACE_SIDE_STYLE('',(#15043));
#15043 = SURFACE_STYLE_FILL_AREA(#15044);
#15044 = FILL_AREA_STYLE('',(#15045));
#15045 = FILL_AREA_STYLE_COLOUR('',#14905);
#15046 = STYLED_ITEM('color',(#15047),#9008);
#15047 = PRESENTATION_STYLE_ASSIGNMENT((#15048));
#15048 = SURFACE_STYLE_USAGE(.BOTH.,#15049);
#15049 = SURFACE_SIDE_STYLE('',(#15050));
#15050 = SURFACE_STYLE_FILL_AREA(#15051);
#15051 = FILL_AREA_STYLE('',(#15052));
#15052 = FILL_AREA_STYLE_COLOUR('',#14905);
#15053 = STYLED_ITEM('color',(#15054),#9032);
#15054 = PRESENTATION_STYLE_ASSIGNMENT((#15055));
#15055 = SURFACE_STYLE_USAGE(.BOTH.,#15056);
#15056 = SURFACE_SIDE_STYLE('',(#15057));
#15057 = SURFACE_STYLE_FILL_AREA(#15058);
#15058 = FILL_AREA_STYLE('',(#15059));
#15059 = FILL_AREA_STYLE_COLOUR('',#14905);
#15060 = STYLED_ITEM('color',(#15061),#9056);
#15061 = PRESENTATION_STYLE_ASSIGNMENT((#15062));
#15062 = SURFACE_STYLE_USAGE(.BOTH.,#15063);
#15063 = SURFACE_SIDE_STYLE('',(#15064));
#15064 = SURFACE_STYLE_FILL_AREA(#15065);
#15065 = FILL_AREA_STYLE('',(#15066));
#15066 = FILL_AREA_STYLE_COLOUR('',#14905);
#15067 = STYLED_ITEM('color',(#15068),#9073);
#15068 = PRESENTATION_STYLE_ASSIGNMENT((#15069));
#15069 = SURFACE_STYLE_USAGE(.BOTH.,#15070);
#15070 = SURFACE_SIDE_STYLE('',(#15071));
#15071 = SURFACE_STYLE_FILL_AREA(#15072);
#15072 = FILL_AREA_STYLE('',(#15073));
#15073 = FILL_AREA_STYLE_COLOUR('',#14905);
#15074 = STYLED_ITEM('color',(#15075),#9104);
#15075 = PRESENTATION_STYLE_ASSIGNMENT((#15076));
#15076 = SURFACE_STYLE_USAGE(.BOTH.,#15077);
#15077 = SURFACE_SIDE_STYLE('',(#15078));
#15078 = SURFACE_STYLE_FILL_AREA(#15079);
#15079 = FILL_AREA_STYLE('',(#15080));
#15080 = FILL_AREA_STYLE_COLOUR('',#14905);
#15081 = STYLED_ITEM('color',(#15082),#9128);
#15082 = PRESENTATION_STYLE_ASSIGNMENT((#15083));
#15083 = SURFACE_STYLE_USAGE(.BOTH.,#15084);
#15084 = SURFACE_SIDE_STYLE('',(#15085));
#15085 = SURFACE_STYLE_FILL_AREA(#15086);
#15086 = FILL_AREA_STYLE('',(#15087));
#15087 = FILL_AREA_STYLE_COLOUR('',#14905);
#15088 = STYLED_ITEM('color',(#15089),#9152);
#15089 = PRESENTATION_STYLE_ASSIGNMENT((#15090));
#15090 = SURFACE_STYLE_USAGE(.BOTH.,#15091);
#15091 = SURFACE_SIDE_STYLE('',(#15092));
#15092 = SURFACE_STYLE_FILL_AREA(#15093);
#15093 = FILL_AREA_STYLE('',(#15094));
#15094 = FILL_AREA_STYLE_COLOUR('',#14905);
#15095 = STYLED_ITEM('color',(#15096),#9169);
#15096 = PRESENTATION_STYLE_ASSIGNMENT((#15097));
#15097 = SURFACE_STYLE_USAGE(.BOTH.,#15098);
#15098 = SURFACE_SIDE_STYLE('',(#15099));
#15099 = SURFACE_STYLE_FILL_AREA(#15100);
#15100 = FILL_AREA_STYLE('',(#15101));
#15101 = FILL_AREA_STYLE_COLOUR('',#14905);
#15102 = STYLED_ITEM('color',(#15103),#9200);
#15103 = PRESENTATION_STYLE_ASSIGNMENT((#15104));
#15104 = SURFACE_STYLE_USAGE(.BOTH.,#15105);
#15105 = SURFACE_SIDE_STYLE('',(#15106));
#15106 = SURFACE_STYLE_FILL_AREA(#15107);
#15107 = FILL_AREA_STYLE('',(#15108));
#15108 = FILL_AREA_STYLE_COLOUR('',#14905);
#15109 = STYLED_ITEM('color',(#15110),#9224);
#15110 = PRESENTATION_STYLE_ASSIGNMENT((#15111));
#15111 = SURFACE_STYLE_USAGE(.BOTH.,#15112);
#15112 = SURFACE_SIDE_STYLE('',(#15113));
#15113 = SURFACE_STYLE_FILL_AREA(#15114);
#15114 = FILL_AREA_STYLE('',(#15115));
#15115 = FILL_AREA_STYLE_COLOUR('',#14905);
#15116 = STYLED_ITEM('color',(#15117),#9248);
#15117 = PRESENTATION_STYLE_ASSIGNMENT((#15118));
#15118 = SURFACE_STYLE_USAGE(.BOTH.,#15119);
#15119 = SURFACE_SIDE_STYLE('',(#15120));
#15120 = SURFACE_STYLE_FILL_AREA(#15121);
#15121 = FILL_AREA_STYLE('',(#15122));
#15122 = FILL_AREA_STYLE_COLOUR('',#14905);
#15123 = STYLED_ITEM('color',(#15124),#9265);
#15124 = PRESENTATION_STYLE_ASSIGNMENT((#15125));
#15125 = SURFACE_STYLE_USAGE(.BOTH.,#15126);
#15126 = SURFACE_SIDE_STYLE('',(#15127));
#15127 = SURFACE_STYLE_FILL_AREA(#15128);
#15128 = FILL_AREA_STYLE('',(#15129));
#15129 = FILL_AREA_STYLE_COLOUR('',#14905);
#15130 = STYLED_ITEM('color',(#15131),#9296);
#15131 = PRESENTATION_STYLE_ASSIGNMENT((#15132));
#15132 = SURFACE_STYLE_USAGE(.BOTH.,#15133);
#15133 = SURFACE_SIDE_STYLE('',(#15134));
#15134 = SURFACE_STYLE_FILL_AREA(#15135);
#15135 = FILL_AREA_STYLE('',(#15136));
#15136 = FILL_AREA_STYLE_COLOUR('',#14905);
#15137 = STYLED_ITEM('color',(#15138),#9320);
#15138 = PRESENTATION_STYLE_ASSIGNMENT((#15139));
#15139 = SURFACE_STYLE_USAGE(.BOTH.,#15140);
#15140 = SURFACE_SIDE_STYLE('',(#15141));
#15141 = SURFACE_STYLE_FILL_AREA(#15142);
#15142 = FILL_AREA_STYLE('',(#15143));
#15143 = FILL_AREA_STYLE_COLOUR('',#14905);
#15144 = STYLED_ITEM('color',(#15145),#9344);
#15145 = PRESENTATION_STYLE_ASSIGNMENT((#15146));
#15146 = SURFACE_STYLE_USAGE(.BOTH.,#15147);
#15147 = SURFACE_SIDE_STYLE('',(#15148));
#15148 = SURFACE_STYLE_FILL_AREA(#15149);
#15149 = FILL_AREA_STYLE('',(#15150));
#15150 = FILL_AREA_STYLE_COLOUR('',#14905);
#15151 = STYLED_ITEM('color',(#15152),#9361);
#15152 = PRESENTATION_STYLE_ASSIGNMENT((#15153));
#15153 = SURFACE_STYLE_USAGE(.BOTH.,#15154);
#15154 = SURFACE_SIDE_STYLE('',(#15155));
#15155 = SURFACE_STYLE_FILL_AREA(#15156);
#15156 = FILL_AREA_STYLE('',(#15157));
#15157 = FILL_AREA_STYLE_COLOUR('',#14905);
#15158 = STYLED_ITEM('color',(#15159),#9392);
#15159 = PRESENTATION_STYLE_ASSIGNMENT((#15160));
#15160 = SURFACE_STYLE_USAGE(.BOTH.,#15161);
#15161 = SURFACE_SIDE_STYLE('',(#15162));
#15162 = SURFACE_STYLE_FILL_AREA(#15163);
#15163 = FILL_AREA_STYLE('',(#15164));
#15164 = FILL_AREA_STYLE_COLOUR('',#14905);
#15165 = STYLED_ITEM('color',(#15166),#9416);
#15166 = PRESENTATION_STYLE_ASSIGNMENT((#15167));
#15167 = SURFACE_STYLE_USAGE(.BOTH.,#15168);
#15168 = SURFACE_SIDE_STYLE('',(#15169));
#15169 = SURFACE_STYLE_FILL_AREA(#15170);
#15170 = FILL_AREA_STYLE('',(#15171));
#15171 = FILL_AREA_STYLE_COLOUR('',#14905);
#15172 = STYLED_ITEM('color',(#15173),#9440);
#15173 = PRESENTATION_STYLE_ASSIGNMENT((#15174));
#15174 = SURFACE_STYLE_USAGE(.BOTH.,#15175);
#15175 = SURFACE_SIDE_STYLE('',(#15176));
#15176 = SURFACE_STYLE_FILL_AREA(#15177);
#15177 = FILL_AREA_STYLE('',(#15178));
#15178 = FILL_AREA_STYLE_COLOUR('',#14905);
#15179 = STYLED_ITEM('color',(#15180),#9457);
#15180 = PRESENTATION_STYLE_ASSIGNMENT((#15181));
#15181 = SURFACE_STYLE_USAGE(.BOTH.,#15182);
#15182 = SURFACE_SIDE_STYLE('',(#15183));
#15183 = SURFACE_STYLE_FILL_AREA(#15184);
#15184 = FILL_AREA_STYLE('',(#15185));
#15185 = FILL_AREA_STYLE_COLOUR('',#14905);
#15186 = STYLED_ITEM('color',(#15187),#9488);
#15187 = PRESENTATION_STYLE_ASSIGNMENT((#15188));
#15188 = SURFACE_STYLE_USAGE(.BOTH.,#15189);
#15189 = SURFACE_SIDE_STYLE('',(#15190));
#15190 = SURFACE_STYLE_FILL_AREA(#15191);
#15191 = FILL_AREA_STYLE('',(#15192));
#15192 = FILL_AREA_STYLE_COLOUR('',#14905);
#15193 = STYLED_ITEM('color',(#15194),#9512);
#15194 = PRESENTATION_STYLE_ASSIGNMENT((#15195));
#15195 = SURFACE_STYLE_USAGE(.BOTH.,#15196);
#15196 = SURFACE_SIDE_STYLE('',(#15197));
#15197 = SURFACE_STYLE_FILL_AREA(#15198);
#15198 = FILL_AREA_STYLE('',(#15199));
#15199 = FILL_AREA_STYLE_COLOUR('',#14905);
#15200 = STYLED_ITEM('color',(#15201),#9536);
#15201 = PRESENTATION_STYLE_ASSIGNMENT((#15202));
#15202 = SURFACE_STYLE_USAGE(.BOTH.,#15203);
#15203 = SURFACE_SIDE_STYLE('',(#15204));
#15204 = SURFACE_STYLE_FILL_AREA(#15205);
#15205 = FILL_AREA_STYLE('',(#15206));
#15206 = FILL_AREA_STYLE_COLOUR('',#14905);
#15207 = STYLED_ITEM('color',(#15208),#9553);
#15208 = PRESENTATION_STYLE_ASSIGNMENT((#15209));
#15209 = SURFACE_STYLE_USAGE(.BOTH.,#15210);
#15210 = SURFACE_SIDE_STYLE('',(#15211));
#15211 = SURFACE_STYLE_FILL_AREA(#15212);
#15212 = FILL_AREA_STYLE('',(#15213));
#15213 = FILL_AREA_STYLE_COLOUR('',#14905);
#15214 = STYLED_ITEM('color',(#15215),#9584);
#15215 = PRESENTATION_STYLE_ASSIGNMENT((#15216));
#15216 = SURFACE_STYLE_USAGE(.BOTH.,#15217);
#15217 = SURFACE_SIDE_STYLE('',(#15218));
#15218 = SURFACE_STYLE_FILL_AREA(#15219);
#15219 = FILL_AREA_STYLE('',(#15220));
#15220 = FILL_AREA_STYLE_COLOUR('',#14905);
#15221 = STYLED_ITEM('color',(#15222),#9608);
#15222 = PRESENTATION_STYLE_ASSIGNMENT((#15223));
#15223 = SURFACE_STYLE_USAGE(.BOTH.,#15224);
#15224 = SURFACE_SIDE_STYLE('',(#15225));
#15225 = SURFACE_STYLE_FILL_AREA(#15226);
#15226 = FILL_AREA_STYLE('',(#15227));
#15227 = FILL_AREA_STYLE_COLOUR('',#14905);
#15228 = STYLED_ITEM('color',(#15229),#9632);
#15229 = PRESENTATION_STYLE_ASSIGNMENT((#15230));
#15230 = SURFACE_STYLE_USAGE(.BOTH.,#15231);
#15231 = SURFACE_SIDE_STYLE('',(#15232));
#15232 = SURFACE_STYLE_FILL_AREA(#15233);
#15233 = FILL_AREA_STYLE('',(#15234));
#15234 = FILL_AREA_STYLE_COLOUR('',#14905);
#15235 = STYLED_ITEM('color',(#15236),#9649);
#15236 = PRESENTATION_STYLE_ASSIGNMENT((#15237));
#15237 = SURFACE_STYLE_USAGE(.BOTH.,#15238);
#15238 = SURFACE_SIDE_STYLE('',(#15239));
#15239 = SURFACE_STYLE_FILL_AREA(#15240);
#15240 = FILL_AREA_STYLE('',(#15241));
#15241 = FILL_AREA_STYLE_COLOUR('',#14905);
#15242 = STYLED_ITEM('color',(#15243),#9680);
#15243 = PRESENTATION_STYLE_ASSIGNMENT((#15244));
#15244 = SURFACE_STYLE_USAGE(.BOTH.,#15245);
#15245 = SURFACE_SIDE_STYLE('',(#15246));
#15246 = SURFACE_STYLE_FILL_AREA(#15247);
#15247 = FILL_AREA_STYLE('',(#15248));
#15248 = FILL_AREA_STYLE_COLOUR('',#14905);
#15249 = STYLED_ITEM('color',(#15250),#9704);
#15250 = PRESENTATION_STYLE_ASSIGNMENT((#15251));
#15251 = SURFACE_STYLE_USAGE(.BOTH.,#15252);
#15252 = SURFACE_SIDE_STYLE('',(#15253));
#15253 = SURFACE_STYLE_FILL_AREA(#15254);
#15254 = FILL_AREA_STYLE('',(#15255));
#15255 = FILL_AREA_STYLE_COLOUR('',#14905);
#15256 = STYLED_ITEM('color',(#15257),#9728);
#15257 = PRESENTATION_STYLE_ASSIGNMENT((#15258));
#15258 = SURFACE_STYLE_USAGE(.BOTH.,#15259);
#15259 = SURFACE_SIDE_STYLE('',(#15260));
#15260 = SURFACE_STYLE_FILL_AREA(#15261);
#15261 = FILL_AREA_STYLE('',(#15262));
#15262 = FILL_AREA_STYLE_COLOUR('',#14905);
#15263 = STYLED_ITEM('color',(#15264),#9745);
#15264 = PRESENTATION_STYLE_ASSIGNMENT((#15265));
#15265 = SURFACE_STYLE_USAGE(.BOTH.,#15266);
#15266 = SURFACE_SIDE_STYLE('',(#15267));
#15267 = SURFACE_STYLE_FILL_AREA(#15268);
#15268 = FILL_AREA_STYLE('',(#15269));
#15269 = FILL_AREA_STYLE_COLOUR('',#14905);
#15270 = STYLED_ITEM('color',(#15271),#9776);
#15271 = PRESENTATION_STYLE_ASSIGNMENT((#15272));
#15272 = SURFACE_STYLE_USAGE(.BOTH.,#15273);
#15273 = SURFACE_SIDE_STYLE('',(#15274));
#15274 = SURFACE_STYLE_FILL_AREA(#15275);
#15275 = FILL_AREA_STYLE('',(#15276));
#15276 = FILL_AREA_STYLE_COLOUR('',#14905);
#15277 = STYLED_ITEM('color',(#15278),#9800);
#15278 = PRESENTATION_STYLE_ASSIGNMENT((#15279));
#15279 = SURFACE_STYLE_USAGE(.BOTH.,#15280);
#15280 = SURFACE_SIDE_STYLE('',(#15281));
#15281 = SURFACE_STYLE_FILL_AREA(#15282);
#15282 = FILL_AREA_STYLE('',(#15283));
#15283 = FILL_AREA_STYLE_COLOUR('',#14905);
#15284 = STYLED_ITEM('color',(#15285),#9824);
#15285 = PRESENTATION_STYLE_ASSIGNMENT((#15286));
#15286 = SURFACE_STYLE_USAGE(.BOTH.,#15287);
#15287 = SURFACE_SIDE_STYLE('',(#15288));
#15288 = SURFACE_STYLE_FILL_AREA(#15289);
#15289 = FILL_AREA_STYLE('',(#15290));
#15290 = FILL_AREA_STYLE_COLOUR('',#14905);
#15291 = STYLED_ITEM('color',(#15292),#9841);
#15292 = PRESENTATION_STYLE_ASSIGNMENT((#15293));
#15293 = SURFACE_STYLE_USAGE(.BOTH.,#15294);
#15294 = SURFACE_SIDE_STYLE('',(#15295));
#15295 = SURFACE_STYLE_FILL_AREA(#15296);
#15296 = FILL_AREA_STYLE('',(#15297));
#15297 = FILL_AREA_STYLE_COLOUR('',#14905);
#15298 = STYLED_ITEM('color',(#15299),#9872);
#15299 = PRESENTATION_STYLE_ASSIGNMENT((#15300));
#15300 = SURFACE_STYLE_USAGE(.BOTH.,#15301);
#15301 = SURFACE_SIDE_STYLE('',(#15302));
#15302 = SURFACE_STYLE_FILL_AREA(#15303);
#15303 = FILL_AREA_STYLE('',(#15304));
#15304 = FILL_AREA_STYLE_COLOUR('',#14905);
#15305 = STYLED_ITEM('color',(#15306),#9896);
#15306 = PRESENTATION_STYLE_ASSIGNMENT((#15307));
#15307 = SURFACE_STYLE_USAGE(.BOTH.,#15308);
#15308 = SURFACE_SIDE_STYLE('',(#15309));
#15309 = SURFACE_STYLE_FILL_AREA(#15310);
#15310 = FILL_AREA_STYLE('',(#15311));
#15311 = FILL_AREA_STYLE_COLOUR('',#14905);
#15312 = STYLED_ITEM('color',(#15313),#9920);
#15313 = PRESENTATION_STYLE_ASSIGNMENT((#15314));
#15314 = SURFACE_STYLE_USAGE(.BOTH.,#15315);
#15315 = SURFACE_SIDE_STYLE('',(#15316));
#15316 = SURFACE_STYLE_FILL_AREA(#15317);
#15317 = FILL_AREA_STYLE('',(#15318));
#15318 = FILL_AREA_STYLE_COLOUR('',#14905);
#15319 = STYLED_ITEM('color',(#15320),#9937);
#15320 = PRESENTATION_STYLE_ASSIGNMENT((#15321));
#15321 = SURFACE_STYLE_USAGE(.BOTH.,#15322);
#15322 = SURFACE_SIDE_STYLE('',(#15323));
#15323 = SURFACE_STYLE_FILL_AREA(#15324);
#15324 = FILL_AREA_STYLE('',(#15325));
#15325 = FILL_AREA_STYLE_COLOUR('',#14905);
#15326 = STYLED_ITEM('color',(#15327),#9968);
#15327 = PRESENTATION_STYLE_ASSIGNMENT((#15328));
#15328 = SURFACE_STYLE_USAGE(.BOTH.,#15329);
#15329 = SURFACE_SIDE_STYLE('',(#15330));
#15330 = SURFACE_STYLE_FILL_AREA(#15331);
#15331 = FILL_AREA_STYLE('',(#15332));
#15332 = FILL_AREA_STYLE_COLOUR('',#14905);
#15333 = STYLED_ITEM('color',(#15334),#9992);
#15334 = PRESENTATION_STYLE_ASSIGNMENT((#15335));
#15335 = SURFACE_STYLE_USAGE(.BOTH.,#15336);
#15336 = SURFACE_SIDE_STYLE('',(#15337));
#15337 = SURFACE_STYLE_FILL_AREA(#15338);
#15338 = FILL_AREA_STYLE('',(#15339));
#15339 = FILL_AREA_STYLE_COLOUR('',#14905);
#15340 = STYLED_ITEM('color',(#15341),#10016);
#15341 = PRESENTATION_STYLE_ASSIGNMENT((#15342));
#15342 = SURFACE_STYLE_USAGE(.BOTH.,#15343);
#15343 = SURFACE_SIDE_STYLE('',(#15344));
#15344 = SURFACE_STYLE_FILL_AREA(#15345);
#15345 = FILL_AREA_STYLE('',(#15346));
#15346 = FILL_AREA_STYLE_COLOUR('',#14905);
#15347 = STYLED_ITEM('color',(#15348),#10033);
#15348 = PRESENTATION_STYLE_ASSIGNMENT((#15349));
#15349 = SURFACE_STYLE_USAGE(.BOTH.,#15350);
#15350 = SURFACE_SIDE_STYLE('',(#15351));
#15351 = SURFACE_STYLE_FILL_AREA(#15352);
#15352 = FILL_AREA_STYLE('',(#15353));
#15353 = FILL_AREA_STYLE_COLOUR('',#14905);
#15354 = STYLED_ITEM('color',(#15355),#10064);
#15355 = PRESENTATION_STYLE_ASSIGNMENT((#15356));
#15356 = SURFACE_STYLE_USAGE(.BOTH.,#15357);
#15357 = SURFACE_SIDE_STYLE('',(#15358));
#15358 = SURFACE_STYLE_FILL_AREA(#15359);
#15359 = FILL_AREA_STYLE('',(#15360));
#15360 = FILL_AREA_STYLE_COLOUR('',#14905);
#15361 = STYLED_ITEM('color',(#15362),#10088);
#15362 = PRESENTATION_STYLE_ASSIGNMENT((#15363));
#15363 = SURFACE_STYLE_USAGE(.BOTH.,#15364);
#15364 = SURFACE_SIDE_STYLE('',(#15365));
#15365 = SURFACE_STYLE_FILL_AREA(#15366);
#15366 = FILL_AREA_STYLE('',(#15367));
#15367 = FILL_AREA_STYLE_COLOUR('',#14905);
#15368 = STYLED_ITEM('color',(#15369),#10112);
#15369 = PRESENTATION_STYLE_ASSIGNMENT((#15370));
#15370 = SURFACE_STYLE_USAGE(.BOTH.,#15371);
#15371 = SURFACE_SIDE_STYLE('',(#15372));
#15372 = SURFACE_STYLE_FILL_AREA(#15373);
#15373 = FILL_AREA_STYLE('',(#15374));
#15374 = FILL_AREA_STYLE_COLOUR('',#14905);
#15375 = STYLED_ITEM('color',(#15376),#10129);
#15376 = PRESENTATION_STYLE_ASSIGNMENT((#15377));
#15377 = SURFACE_STYLE_USAGE(.BOTH.,#15378);
#15378 = SURFACE_SIDE_STYLE('',(#15379));
#15379 = SURFACE_STYLE_FILL_AREA(#15380);
#15380 = FILL_AREA_STYLE('',(#15381));
#15381 = FILL_AREA_STYLE_COLOUR('',#14905);
#15382 = STYLED_ITEM('color',(#15383),#10160);
#15383 = PRESENTATION_STYLE_ASSIGNMENT((#15384));
#15384 = SURFACE_STYLE_USAGE(.BOTH.,#15385);
#15385 = SURFACE_SIDE_STYLE('',(#15386));
#15386 = SURFACE_STYLE_FILL_AREA(#15387);
#15387 = FILL_AREA_STYLE('',(#15388));
#15388 = FILL_AREA_STYLE_COLOUR('',#14905);
#15389 = STYLED_ITEM('color',(#15390),#10184);
#15390 = PRESENTATION_STYLE_ASSIGNMENT((#15391));
#15391 = SURFACE_STYLE_USAGE(.BOTH.,#15392);
#15392 = SURFACE_SIDE_STYLE('',(#15393));
#15393 = SURFACE_STYLE_FILL_AREA(#15394);
#15394 = FILL_AREA_STYLE('',(#15395));
#15395 = FILL_AREA_STYLE_COLOUR('',#14905);
#15396 = STYLED_ITEM('color',(#15397),#10208);
#15397 = PRESENTATION_STYLE_ASSIGNMENT((#15398));
#15398 = SURFACE_STYLE_USAGE(.BOTH.,#15399);
#15399 = SURFACE_SIDE_STYLE('',(#15400));
#15400 = SURFACE_STYLE_FILL_AREA(#15401);
#15401 = FILL_AREA_STYLE('',(#15402));
#15402 = FILL_AREA_STYLE_COLOUR('',#14905);
#15403 = STYLED_ITEM('color',(#15404),#10225);
#15404 = PRESENTATION_STYLE_ASSIGNMENT((#15405));
#15405 = SURFACE_STYLE_USAGE(.BOTH.,#15406);
#15406 = SURFACE_SIDE_STYLE('',(#15407));
#15407 = SURFACE_STYLE_FILL_AREA(#15408);
#15408 = FILL_AREA_STYLE('',(#15409));
#15409 = FILL_AREA_STYLE_COLOUR('',#14905);
#15410 = STYLED_ITEM('color',(#15411),#10256);
#15411 = PRESENTATION_STYLE_ASSIGNMENT((#15412));
#15412 = SURFACE_STYLE_USAGE(.BOTH.,#15413);
#15413 = SURFACE_SIDE_STYLE('',(#15414));
#15414 = SURFACE_STYLE_FILL_AREA(#15415);
#15415 = FILL_AREA_STYLE('',(#15416));
#15416 = FILL_AREA_STYLE_COLOUR('',#14905);
#15417 = STYLED_ITEM('color',(#15418),#10280);
#15418 = PRESENTATION_STYLE_ASSIGNMENT((#15419));
#15419 = SURFACE_STYLE_USAGE(.BOTH.,#15420);
#15420 = SURFACE_SIDE_STYLE('',(#15421));
#15421 = SURFACE_STYLE_FILL_AREA(#15422);
#15422 = FILL_AREA_STYLE('',(#15423));
#15423 = FILL_AREA_STYLE_COLOUR('',#14905);
#15424 = STYLED_ITEM('color',(#15425),#10304);
#15425 = PRESENTATION_STYLE_ASSIGNMENT((#15426));
#15426 = SURFACE_STYLE_USAGE(.BOTH.,#15427);
#15427 = SURFACE_SIDE_STYLE('',(#15428));
#15428 = SURFACE_STYLE_FILL_AREA(#15429);
#15429 = FILL_AREA_STYLE('',(#15430));
#15430 = FILL_AREA_STYLE_COLOUR('',#14905);
#15431 = STYLED_ITEM('color',(#15432),#10321);
#15432 = PRESENTATION_STYLE_ASSIGNMENT((#15433));
#15433 = SURFACE_STYLE_USAGE(.BOTH.,#15434);
#15434 = SURFACE_SIDE_STYLE('',(#15435));
#15435 = SURFACE_STYLE_FILL_AREA(#15436);
#15436 = FILL_AREA_STYLE('',(#15437));
#15437 = FILL_AREA_STYLE_COLOUR('',#14905);
#15438 = STYLED_ITEM('color',(#15439),#10352);
#15439 = PRESENTATION_STYLE_ASSIGNMENT((#15440));
#15440 = SURFACE_STYLE_USAGE(.BOTH.,#15441);
#15441 = SURFACE_SIDE_STYLE('',(#15442));
#15442 = SURFACE_STYLE_FILL_AREA(#15443);
#15443 = FILL_AREA_STYLE('',(#15444));
#15444 = FILL_AREA_STYLE_COLOUR('',#14905);
#15445 = STYLED_ITEM('color',(#15446),#10376);
#15446 = PRESENTATION_STYLE_ASSIGNMENT((#15447));
#15447 = SURFACE_STYLE_USAGE(.BOTH.,#15448);
#15448 = SURFACE_SIDE_STYLE('',(#15449));
#15449 = SURFACE_STYLE_FILL_AREA(#15450);
#15450 = FILL_AREA_STYLE('',(#15451));
#15451 = FILL_AREA_STYLE_COLOUR('',#14905);
#15452 = STYLED_ITEM('color',(#15453),#10400);
#15453 = PRESENTATION_STYLE_ASSIGNMENT((#15454));
#15454 = SURFACE_STYLE_USAGE(.BOTH.,#15455);
#15455 = SURFACE_SIDE_STYLE('',(#15456));
#15456 = SURFACE_STYLE_FILL_AREA(#15457);
#15457 = FILL_AREA_STYLE('',(#15458));
#15458 = FILL_AREA_STYLE_COLOUR('',#14905);
#15459 = STYLED_ITEM('color',(#15460),#10417);
#15460 = PRESENTATION_STYLE_ASSIGNMENT((#15461));
#15461 = SURFACE_STYLE_USAGE(.BOTH.,#15462);
#15462 = SURFACE_SIDE_STYLE('',(#15463));
#15463 = SURFACE_STYLE_FILL_AREA(#15464);
#15464 = FILL_AREA_STYLE('',(#15465));
#15465 = FILL_AREA_STYLE_COLOUR('',#14905);
#15466 = STYLED_ITEM('color',(#15467),#10429);
#15467 = PRESENTATION_STYLE_ASSIGNMENT((#15468));
#15468 = SURFACE_STYLE_USAGE(.BOTH.,#15469);
#15469 = SURFACE_SIDE_STYLE('',(#15470));
#15470 = SURFACE_STYLE_FILL_AREA(#15471);
#15471 = FILL_AREA_STYLE('',(#15472));
#15472 = FILL_AREA_STYLE_COLOUR('',#14905);
#15473 = STYLED_ITEM('color',(#15474),#10441);
#15474 = PRESENTATION_STYLE_ASSIGNMENT((#15475));
#15475 = SURFACE_STYLE_USAGE(.BOTH.,#15476);
#15476 = SURFACE_SIDE_STYLE('',(#15477));
#15477 = SURFACE_STYLE_FILL_AREA(#15478);
#15478 = FILL_AREA_STYLE('',(#15479));
#15479 = FILL_AREA_STYLE_COLOUR('',#14905);
#15480 = STYLED_ITEM('color',(#15481),#10453);
#15481 = PRESENTATION_STYLE_ASSIGNMENT((#15482));
#15482 = SURFACE_STYLE_USAGE(.BOTH.,#15483);
#15483 = SURFACE_SIDE_STYLE('',(#15484));
#15484 = SURFACE_STYLE_FILL_AREA(#15485);
#15485 = FILL_AREA_STYLE('',(#15486));
#15486 = FILL_AREA_STYLE_COLOUR('',#14905);
#15487 = STYLED_ITEM('color',(#15488),#10465);
#15488 = PRESENTATION_STYLE_ASSIGNMENT((#15489));
#15489 = SURFACE_STYLE_USAGE(.BOTH.,#15490);
#15490 = SURFACE_SIDE_STYLE('',(#15491));
#15491 = SURFACE_STYLE_FILL_AREA(#15492);
#15492 = FILL_AREA_STYLE('',(#15493));
#15493 = FILL_AREA_STYLE_COLOUR('',#14905);
#15494 = STYLED_ITEM('color',(#15495),#10477);
#15495 = PRESENTATION_STYLE_ASSIGNMENT((#15496));
#15496 = SURFACE_STYLE_USAGE(.BOTH.,#15497);
#15497 = SURFACE_SIDE_STYLE('',(#15498));
#15498 = SURFACE_STYLE_FILL_AREA(#15499);
#15499 = FILL_AREA_STYLE('',(#15500));
#15500 = FILL_AREA_STYLE_COLOUR('',#14905);
#15501 = STYLED_ITEM('color',(#15502),#10489);
#15502 = PRESENTATION_STYLE_ASSIGNMENT((#15503));
#15503 = SURFACE_STYLE_USAGE(.BOTH.,#15504);
#15504 = SURFACE_SIDE_STYLE('',(#15505));
#15505 = SURFACE_STYLE_FILL_AREA(#15506);
#15506 = FILL_AREA_STYLE('',(#15507));
#15507 = FILL_AREA_STYLE_COLOUR('',#14905);
#15508 = STYLED_ITEM('color',(#15509),#10501);
#15509 = PRESENTATION_STYLE_ASSIGNMENT((#15510));
#15510 = SURFACE_STYLE_USAGE(.BOTH.,#15511);
#15511 = SURFACE_SIDE_STYLE('',(#15512));
#15512 = SURFACE_STYLE_FILL_AREA(#15513);
#15513 = FILL_AREA_STYLE('',(#15514));
#15514 = FILL_AREA_STYLE_COLOUR('',#14905);
#15515 = STYLED_ITEM('color',(#15516),#10513);
#15516 = PRESENTATION_STYLE_ASSIGNMENT((#15517));
#15517 = SURFACE_STYLE_USAGE(.BOTH.,#15518);
#15518 = SURFACE_SIDE_STYLE('',(#15519));
#15519 = SURFACE_STYLE_FILL_AREA(#15520);
#15520 = FILL_AREA_STYLE('',(#15521));
#15521 = FILL_AREA_STYLE_COLOUR('',#14905);
#15522 = STYLED_ITEM('color',(#15523),#10525);
#15523 = PRESENTATION_STYLE_ASSIGNMENT((#15524));
#15524 = SURFACE_STYLE_USAGE(.BOTH.,#15525);
#15525 = SURFACE_SIDE_STYLE('',(#15526));
#15526 = SURFACE_STYLE_FILL_AREA(#15527);
#15527 = FILL_AREA_STYLE('',(#15528));
#15528 = FILL_AREA_STYLE_COLOUR('',#14905);
#15529 = MECHANICAL_DESIGN_GEOMETRIC_PRESENTATION_REPRESENTATION('',(
    #15530),#12095);
#15530 = STYLED_ITEM('color',(#15531),#10566);
#15531 = PRESENTATION_STYLE_ASSIGNMENT((#15532));
#15532 = SURFACE_STYLE_USAGE(.BOTH.,#15533);
#15533 = SURFACE_SIDE_STYLE('',(#15534));
#15534 = SURFACE_STYLE_FILL_AREA(#15535);
#15535 = FILL_AREA_STYLE('',(#15536));
#15536 = FILL_AREA_STYLE_COLOUR('',#15537);
#15537 = COLOUR_RGB('',0.313304153717,0.484529207832,0.410020903123);
ENDSEC;
END-ISO-10303-21;
